video_id,video_title,author,comment_published_at,comment_like_count,processed_text
laZpTO7IFtA,Is 67 just brain rot?,@ExoticNibbles2,2025-10-14T22:24:09Z,7902,make feel older minute breaking slang young kid use day
laZpTO7IFtA,Is 67 just brain rot?,@codahighland,2025-12-10T16:03:28Z,121,completely context thought solo version
laZpTO7IFtA,Is 67 just brain rot?,@yoberry.,2025-10-18T07:29:08Z,2084,next kid say going punish
laZpTO7IFtA,Is 67 just brain rot?,@DisturbedNeo,2025-10-13T20:41:57Z,2882,linguistic equivalent somebody teardrop tattoo eye cause thought cute
laZpTO7IFtA,Is 67 just brain rot?,@TheOneKnownAsKen,2025-12-30T18:03:29Z,29,switch modification semiautomatic firearm fully automatic would cause sound brrt
laZpTO7IFtA,Is 67 just brain rot?,@P010010010100101,2025-10-18T00:22:05Z,1429,whats funnier 🤣🤣🤣 spongebob amount
laZpTO7IFtA,Is 67 just brain rot?,@lahowlin,2025-10-14T05:33:57Z,732,nobody tell hosting insightful informed content self aware expert
laZpTO7IFtA,Is 67 just brain rot?,@DavidHendriks-hr4sd,2025-11-19T00:55:29Z,1,heard dissecting joke dissecting frog learn frog dy let hope dy thanks subscribed
laZpTO7IFtA,Is 67 just brain rot?,@jonnyreinhardt1961,2025-10-13T17:00:14Z,2269,philly born raised idea middle schoolers kid misunderstanding raphiphop repeating forever old genre
laZpTO7IFtA,Is 67 just brain rot?,@kjbaran,2025-10-28T14:25:27Z,582,kid want feel part bigger military
laZpTO7IFtA,Is 67 just brain rot?,@jean-christophe5788,2025-12-25T10:09:07Z,35,appears linguistic drift term used synonymous brainrot earworm meant segment song worm mind leave
laZpTO7IFtA,Is 67 just brain rot?,@Cope5,2025-10-15T01:17:38Z,1134,algo gave young gregory house explaining middle schoolers glad
laZpTO7IFtA,Is 67 just brain rot?,@amy82910,2025-10-14T08:29:28Z,1107,gen first feeling completely lost gen alpha slang word older generation felt slang
laZpTO7IFtA,Is 67 just brain rot?,@saaah707,2025-10-13T16:28:12Z,1781,switch currently illegal modification glock pistol transforms fully automatic weapon indeed brrts pull trigger
laZpTO7IFtA,Is 67 just brain rot?,@blackbird797,2025-11-24T23:29:39Z,27,tired hearing matteroffactly explain bae academic language idk scratch brain perfect need daily dose professor jones explains black english white folk
laZpTO7IFtA,Is 67 just brain rot?,@WahooLee,2025-10-14T01:18:58Z,812,summer camp 1960s term defined meant soon learned definition stopped
laZpTO7IFtA,Is 67 just brain rot?,@grben9959,2025-10-20T11:59:24Z,377,tall grade school kid ask tall reply blow mind
laZpTO7IFtA,Is 67 just brain rot?,@taitano12,2025-10-14T01:48:52Z,579,mystery nephew told friend recited lyric friend pulled rap since early 80 figured sounded cop code ham operator 10codes looked lyric code fairly certain understand lyric explained delight amusement buddy stopped using mom mom cop gunned weapon cop loved kid school district known helping act together street found line probably meant song main character heard code radio booked home dropped phrase hot pan straight stove cop city pretty shooter song pretty popular area power tripping cop phrase six seven died real fast explain kid area fairly dead
laZpTO7IFtA,Is 67 just brain rot?,@michaellowe3665,2025-10-14T12:35:45Z,301,every related outburst classroom teacher class entire
laZpTO7IFtA,Is 67 just brain rot?,@Rracer300zx,2025-10-17T21:27:06Z,435,year old remember ten year ago middle schoolers bye felicia asked son thought idea movie friday existed let alone quoting movie meme craig
laZpTO7IFtA,Is 67 just brain rot?,@bobbarton4929,2025-10-21T12:23:43Z,172,across quite accident whole appreciate seriously looking language taking analyze taking explain others digest taught thank
laZpTO7IFtA,Is 67 just brain rot?,@AlbertAC54,2026-01-10T16:33:02Z,1,content funny place scribblelith loved
laZpTO7IFtA,Is 67 just brain rot?,@СвеБожилова,2025-10-28T18:55:52Z,140,whats funny shit international english teacher bulgaria kid nonstop
laZpTO7IFtA,Is 67 just brain rot?,@Chlocean,2025-10-15T15:05:44Z,269,needed hear deadpan term brrt today glad
laZpTO7IFtA,Is 67 just brain rot?,@HorrorFXDesigns,2025-10-15T04:07:16Z,283,son 6th grade told day ago he pretty sure kid school drink elmers glue called crayon eater laughed asked day run around six seven every second proud dad moment
laZpTO7IFtA,Is 67 just brain rot?,@musichicos,2025-11-06T14:29:55Z,156,writing argentina resonated phenomenon frequently observe local child repetition decontextualized sound japanese anime without understanding semantic content sociolinguistic perspective seems function comparable rather operating intentional slang behaves compulsive lowthreshold linguistic response shaped digital overstimulation social anxiety wanting excluded sound fragment become indexical marker group belonging meaning lie lexical content—often nonexistent—but pragmatic function serve signaling alignment peer group demonstrating cultural awareness participating shared digital repertoire algorithmic environment intensifies effect reinforcing repetition acquires quasiautomatic ticlike quality sense indeed brainrot exemplifies broader global trend emergence memebased microlinguistic unit detach entirely origin circulate tool affiliation humor social cohesion fascinating similar mechanism arise across distinct cultural context
laZpTO7IFtA,Is 67 just brain rot?,@ALitleBitSpecial,2025-10-15T03:58:01Z,413,correctionclarification switch doesnt mean gun precisely gun illegal modification let semi automatic handgun fire automatic meaning hold trigger bullet quickly switch name modification commonly used slang gun modification gun fire rapidly unique sound thus onomatopoeia brrrrp next line
laZpTO7IFtA,Is 67 just brain rot?,@eliannafreely5725,2025-10-27T13:52:14Z,52,expecting academic response linguistics clicked thanks interesting thought definitely street ahead newly subscribed
laZpTO7IFtA,Is 67 just brain rot?,@timmarski6019,2026-01-12T22:18:01Z,1,brilliant learned explanation factchecking needed jones nailed respect separated wheat chaff another factbased truth disingenuous nonsense
laZpTO7IFtA,Is 67 just brain rot?,@mnixxon,2025-10-20T22:02:16Z,25,tell america needed thank performed valuable public service
laZpTO7IFtA,Is 67 just brain rot?,@steveshea9448,2025-10-13T19:29:20Z,149,thanks treating contemporary form language intellectual rigor need subjected actual every pixel matrix expert calmly analyzes feel win
laZpTO7IFtA,Is 67 just brain rot?,@babalondreaming,2025-10-13T19:53:53Z,382,skibidi ohio steroid deadpan delivery
laZpTO7IFtA,Is 67 just brain rot?,@AmaxEats,2025-12-16T23:47:57Z,1,typically turn south park education subject
laZpTO7IFtA,Is 67 just brain rot?,@No1hunna,2025-11-13T04:55:52Z,122,year old hated knew existed proud
laZpTO7IFtA,Is 67 just brain rot?,@Monedgar123,2025-10-16T01:21:01Z,70,year old heard phone talking heard paused explain best could heard far explained brain rot idea pleased referenced later nice little closer thank though sparked interest linguistics
laZpTO7IFtA,Is 67 just brain rot?,@Spaghettin,2025-10-25T05:56:07Z,216,exactly wrong say switch arent referring fire arm modded fire arm full auto switch installed allows weapon brrrt
laZpTO7IFtA,Is 67 just brain rot?,@Damonistique,2025-12-01T17:12:41Z,1,aha understanding rap lyric poor english skill lack knowledge specific english thank
laZpTO7IFtA,Is 67 just brain rot?,@kenponinja1877,2025-10-16T11:04:57Z,195,brain rot quoted adam sandler movie
laZpTO7IFtA,Is 67 just brain rot?,@EricAnsonCahill,2025-10-14T02:15:04Z,12,wife asked laughing hard jawn phillys greatest gift world love brother
laZpTO7IFtA,Is 67 just brain rot?,@ibalrog,2025-10-14T11:48:09Z,11,timely last friday pair student asked knew whether thought brain rot confident pair year old home schooled suburban girl probably better informed matter
laZpTO7IFtA,Is 67 just brain rot?,@IAmZanderStewart,2025-11-27T20:48:51Z,3,interview claimed street life explanation make sense context rest lyrics… guess taking real event obvious reason
laZpTO7IFtA,Is 67 just brain rot?,@MichaelDeBusk,2025-10-13T17:30:07Z,33,here vote favor take metaphor live
laZpTO7IFtA,Is 67 just brain rot?,@NicholasSandar,2025-10-13T20:16:55Z,192,tiny note switch absolutely refer firearm specifically refers auto sear device firearm equipped auto sear enables semiautomatic weapon usually pistol—designed fire round trigger pulled—to instead fire fully auto fire repeatedlycontinuously trigger held depressed hence brrt switch brrt
laZpTO7IFtA,Is 67 just brain rot?,@serwhit2490,2025-11-25T14:07:44Z,1,used talk word minute aunt language take whole different level
laZpTO7IFtA,Is 67 just brain rot?,@JoeKerr0420,2025-11-02T22:48:36Z,364,switch would refer glock switch illegal mod standard simiautomatic glock pistol fullyautomatic hence brrrr instead bang bang bang
laZpTO7IFtA,Is 67 just brain rot?,@staxstirner,2025-10-13T17:54:32Z,226,code dead body phillyholy shit knew
laZpTO7IFtA,Is 67 just brain rot?,@bethloomis8961,2025-10-13T21:33:27Z,151,laugh camino france encountered class young teen walking last asked knew meant oddly enough read internet told old woman knew behind time new phrase
laZpTO7IFtA,Is 67 just brain rot?,@twipameyer1210,2025-10-13T16:35:19Z,211,would give star old enough star max
laZpTO7IFtA,Is 67 just brain rot?,@hoperanker8395,2025-10-13T17:19:10Z,146,bonus point establishing using later divorced literap meaning double bonus point calling attention script would definitely fallen temptation
laZpTO7IFtA,Is 67 just brain rot?,@buddyrevell3691,2025-11-28T16:04:49Z,1,crowd idea mean would listen music analysis fascinating deep dive youve done contrastive focus reduplication likelike
laZpTO7IFtA,Is 67 just brain rot?,@auntyjo1792,2025-10-13T19:42:19Z,96,six seven slang recognized street ahead
laZpTO7IFtA,Is 67 just brain rot?,@PurpleLemurs,2025-11-05T00:11:32Z,8,elementary school teacher needing thank you😊
laZpTO7IFtA,Is 67 just brain rot?,@douglasphillips5870,2025-10-14T06:11:28Z,256,work middle school hear kid using new slang catch phrase dig rap hepcat leave alone
laZpTO7IFtA,Is 67 just brain rot?,@mass-hollow,2025-10-16T20:14:21Z,13,expect going incredibly well presented informative
laZpTO7IFtA,Is 67 just brain rot?,@KarlMarkyMarxx,2025-10-17T22:31:26Z,121,make cringe start explaining theyll start hate thanks
laZpTO7IFtA,Is 67 just brain rot?,@susanmayer9791,2025-10-19T15:28:46Z,30,year old niece year old sibling following suit shes sure mean timely thank
laZpTO7IFtA,Is 67 just brain rot?,@TomAmit42,2025-10-18T19:03:10Z,89,shibboleth story scene inglorious bastard somebody spotted nongerman cuz used wrong finger gesture number
laZpTO7IFtA,Is 67 just brain rot?,@Deathwish777,2025-10-21T05:18:04Z,9,infantry hooah meant whatever wanted mean marine hoorah scout ieea word without meaning mean
laZpTO7IFtA,Is 67 just brain rot?,@dfektdysfunkshun6215,2026-01-12T17:31:31Z,1,dude 40 couple teenager typically stay date slang part new thought retarded kid want thank day overheard son clueless ask wtf mean sound old shit admire fact lose functioning brain cell pursuit
laZpTO7IFtA,Is 67 just brain rot?,@moos5221,2025-10-15T07:29:30Z,118,who native language german randomly popped frontpage quite interesting confusing since heard term mentioned guess ill drop occasionally front kid likely understand chuckle silently member ingroup
laZpTO7IFtA,Is 67 just brain rot?,@Z_E_N_K_A_I,2025-10-27T19:50:16Z,83,ohh close belt behind form b2a belt ssa black kid part relate receiving physical discipline growing form belt whipping b2a essentially mean putting place beating asserting dominance etc phrase used sport describe blowout win team put b2a team guess belt could double entendre extended clip first explanation clearer make sense
laZpTO7IFtA,Is 67 just brain rot?,@pamelacox540,2025-10-31T13:47:36Z,145,recent birthday turned pointed hubby grandchild produced squeal delight😂
laZpTO7IFtA,Is 67 just brain rot?,@evildude109,2025-10-13T17:13:18Z,242,dnd nerd activated language jones mentioned thief
laZpTO7IFtA,Is 67 just brain rot?,@BrandyandJimBearse,2025-10-15T18:36:42Z,67,beloved intergenerational moment conversation adult daughter suggested possibility meme becoming widespread symbolic lost trace original context retaining meaning lit ran computer introduced loss
laZpTO7IFtA,Is 67 just brain rot?,@tomasom4497,2026-01-02T17:05:22Z,0,saw episode south park cartman laugh hard puked
laZpTO7IFtA,Is 67 just brain rot?,@vibinginthecorner,2025-10-14T00:03:26Z,59,mercutio keep loin girded dead bleached sign bleached sun mean faded kind work meaning word fading away digress
laZpTO7IFtA,Is 67 just brain rot?,@cerywen,2025-10-13T22:37:12Z,189,high school game functioned essentially remember playing game lose
laZpTO7IFtA,Is 67 just brain rot?,@person-guy-himself,2025-10-14T07:09:15Z,233,asked teenage son insists ironic reprisal blond kid showed fun kid kid son live tiktok endlessly refer video care source etymology
laZpTO7IFtA,Is 67 just brain rot?,@mariannerady11,2025-11-18T12:15:34Z,2,found subscribing immediately cool learn
laZpTO7IFtA,Is 67 just brain rot?,@bojordan64,2025-10-14T06:31:42Z,126,well refreshingly intelligent explanation heard care subscribed despite interested meaning term question managed teach useful linguistics broader scale mark talented educator thank algorithm suggestion
laZpTO7IFtA,Is 67 just brain rot?,@apparition13,2025-10-13T16:50:16Z,148,street ahead actual slang though slang feeling real slang seem fake slang another community metajoke
laZpTO7IFtA,Is 67 just brain rot?,@thesjkexperience,2025-11-24T03:32:18Z,1,crazy old man avoids medium type knew
laZpTO7IFtA,Is 67 just brain rot?,@danielskaluba5520,2025-10-13T23:37:31Z,76,fairly certain switch skrillas referring rod firearm rather device attached certain pistol read glocks turn semi fullauto thus onomatopoeia describing gun firing 900rpm
laZpTO7IFtA,Is 67 just brain rot?,@MarkBuchholz-j9y,2025-10-13T17:01:21Z,73,number slang saying love cantonese
laZpTO7IFtA,Is 67 just brain rot?,@michaelstora70,2025-10-14T13:56:22Z,46,recency bias reminded decade ago stepdaughter absolutely shocked knew noms idea source nom nom cookie monster btw switch gun auto sear allows semiautomatic handgun fire automatically
laZpTO7IFtA,Is 67 just brain rot?,@DandyAnnieTime,2025-10-13T20:04:42Z,12,hoping youd looking answer regard slang culture precarious best trust find answer charitably explain otherwise bizarre social phenomenon anthropology delicate best time extremely grateful effort thank kindly keep please would deepdive cognitive role linguistic metaphor lacoffs metaphor live
laZpTO7IFtA,Is 67 just brain rot?,@emanmodnar2,2025-12-29T16:36:01Z,1,spent week convinced kid learned baker dozen hand motion confusion unusual egg count informative screen definition helpful term hadnt heard thanks
laZpTO7IFtA,Is 67 just brain rot?,@RunningRonnie,2025-10-13T18:04:23Z,73,shibboleth criminal synecdoche semantic bleaching jones language focused youtuber manages teach new term every
laZpTO7IFtA,Is 67 just brain rot?,@jasonriessland4986,2026-01-14T05:26:37Z,1,awesome analysis please newish term welcome
laZpTO7IFtA,Is 67 just brain rot?,@jbowman2239,2025-10-20T00:16:36Z,5,first viewer gave hype thoroughly enjoyed subscribed look forward seeing next
laZpTO7IFtA,Is 67 just brain rot?,@toddgunther8272,2025-10-14T23:42:09Z,160,whole rapper talking poetic character first person wonder johnny cash shoot man reno die
laZpTO7IFtA,Is 67 just brain rot?,@tawachadez,2025-10-20T16:59:51Z,29,ironically phrase mean state confusion disorder disarray disagreement odds
laZpTO7IFtA,Is 67 just brain rot?,@DeRien8,2025-10-14T05:18:08Z,5,teacher started using part classroom management strategy speak kid level phrase mundanecringe rest adult used less annoyed kid find less exciting interject classroom disruption calming long run temporary expense patience
laZpTO7IFtA,Is 67 just brain rot?,@GeneaVlogger,2025-10-13T19:53:27Z,91,learned party past weekend friend kid first thought might reference old joke afraid interesting indepth breakdown related
laZpTO7IFtA,Is 67 just brain rot?,@pegy6384,2025-10-13T17:33:50Z,69,digression recent teambuilding spelling bee work part person spelled onomatopoeia correctly consider vote death decomposition metaphor
laZpTO7IFtA,Is 67 just brain rot?,@flojotube,2025-10-20T03:35:14Z,200,today noticed poster kid room mine written maybe dozen time asked whats response idk hour later show feed leave mean leave phone listening private conversation internet
laZpTO7IFtA,Is 67 just brain rot?,@CassandraElkin,2025-10-13T17:14:19Z,4,love video interesting exactly brand geeky thank
laZpTO7IFtA,Is 67 just brain rot?,@TheOldHippiebilly,2025-10-13T20:42:14Z,64,used nut trying decipher bob dylan colorful confusing lyric interview heard sometimes threw word together sounded
laZpTO7IFtA,Is 67 just brain rot?,@johnmatelski6413,2026-01-14T14:54:21Z,1,guy smart passively listen incrementally smarter
laZpTO7IFtA,Is 67 just brain rot?,@gardencityguitar,2025-10-14T20:09:11Z,8,tutor middle school age kid class last night year old threw phrase conversation apparent communication attached reference father asked mean boy freely admitted clue best understanding dad could seems meme meme perhaps meme meme meme thank indepth exploration topic
laZpTO7IFtA,Is 67 just brain rot?,@UniversalTitleHere,2025-10-15T21:00:08Z,140,switch actual device bypass internal mechanical restriction glock pistol make brrrrrr
laZpTO7IFtA,Is 67 just brain rot?,@ClayHales,2025-10-13T20:47:27Z,43,middle schoolers coach high school volleyball guy program detention teacher lose mind score
laZpTO7IFtA,Is 67 just brain rot?,@gc2009able,2025-10-13T18:45:20Z,11,love form analysis death decomposition metaphor
laZpTO7IFtA,Is 67 just brain rot?,@AlexisBabayan,2025-10-13T19:34:25Z,20,work younger expose new slang baffled first mean mean elementary school wed afraid middle school kid would try convince others pen club secret society needed join initiated first write pen knuckle
laZpTO7IFtA,Is 67 just brain rot?,@kelcyi5494,2025-10-13T18:30:12Z,7,six seven used cartoon harry nilsson point mean either
laZpTO7IFtA,Is 67 just brain rot?,@gerdfreising1909,2025-12-29T00:30:51Z,1,useful rating average girl scale
laZpTO7IFtA,Is 67 just brain rot?,@nabra97,2025-10-13T20:43:50Z,45,particular meme north america native speaker work kid mark person joke sound existing since beginning human civilization
laZpTO7IFtA,Is 67 just brain rot?,@Chris-rz3wq,2025-10-14T22:53:24Z,5,question answered wrap folk night
laZpTO7IFtA,Is 67 just brain rot?,@RachelJade70,2025-10-14T01:40:47Z,56,soon emailer meaning except mark speaker know joke immediately lost game
laZpTO7IFtA,Is 67 just brain rot?,@brettbarney1114,2025-11-21T18:27:14Z,1,algorithm thought might absolutely ima half small question though somehow miss gloss scrib
laZpTO7IFtA,Is 67 just brain rot?,@DennisoftheInternet,2026-01-13T03:02:39Z,2,six year old son think dumb proud
laZpTO7IFtA,Is 67 just brain rot?,@CrossxFyre,2025-10-14T01:11:09Z,5,greg drink similar thought meaning bee knee flipped worthless best funny thought
laZpTO7IFtA,Is 67 just brain rot?,@innovacraft,2025-10-22T09:10:15Z,37,switch brrt glock discontinuing several model handgun
laZpTO7IFtA,Is 67 just brain rot?,@urgentsiesta7606,2025-12-27T06:27:23Z,0,hilarious least occurs believe switch brrrt might referencing infamous glock handgun fullauto switch esp given context believe bro put belt behind kicked butt belt type synonym firearm loved subscribed
laZpTO7IFtA,Is 67 just brain rot?,@bartoscar,2025-10-13T19:01:59Z,23,hugely informative thanks unfamiliar harsh realm please look hilarious nytimes grunge speak prank early 90
laZpTO7IFtA,Is 67 just brain rot?,@MBrulla,2025-10-20T19:00:40Z,45,immediately assumed murder gun akin used 90 broke eloquently simply enough understand must admit heard semantic bleaching make perfect sense excellent
laZpTO7IFtA,Is 67 just brain rot?,@MyCipherComplete,2025-10-17T06:31:55Z,5,make feel comfortable elevated beyond cringing desire part trendy minute unabashed deepdive trend situation ironic get
laZpTO7IFtA,Is 67 just brain rot?,@pigboydigger,2025-11-21T12:00:17Z,2,ignore dark magic behind sigil
laZpTO7IFtA,Is 67 just brain rot?,@Джейсон_Войнар,2025-10-13T19:58:53Z,5,first hearing term lived outside long tell simply slang term use state anymore
laZpTO7IFtA,Is 67 just brain rot?,@Gravefalcon,2025-10-15T15:08:15Z,19,wondering game mentioned kind serf purpose showing joke
laZpTO7IFtA,Is 67 just brain rot?,@CharlesGann1,2025-12-30T17:01:57Z,2,agatha christie poriot setting around elderly man fumble card says…
laZpTO7IFtA,Is 67 just brain rot?,@dancoroian1,2025-10-13T23:48:39Z,27,earworm inherently related deathdecomposition assumed metaphorically characterizing burrow brain wormlike stopped literal interpretation…
laZpTO7IFtA,Is 67 just brain rot?,@virgilioaponte9756,2025-10-19T16:02:00Z,17,switch modification gun make shoot fullauto go brrrt
laZpTO7IFtA,Is 67 just brain rot?,@oi-bg5ro,2025-10-14T04:23:03Z,64,please please please please please black person commonly find sling coopted gen slang would fantastic
laZpTO7IFtA,Is 67 just brain rot?,@pikawarp2792,2025-10-19T20:05:19Z,18,tldw origin rap lyric philadelphia based rapper talking using hitman take rival gang member cop suspect say bipped highway loosely translates body home coopted teen basketball player
laZpTO7IFtA,Is 67 just brain rot?,@theteacher3163,2026-02-09T14:05:43Z,0,amazing student interesting journey dive simantics meme paused discussed point time
laZpTO7IFtA,Is 67 just brain rot?,@krank23,2025-10-13T18:23:31Z,22,used number code example programming class today asked student pretended purpose fully aware spend day around terminally online high schoolers pretty terminally online random
laZpTO7IFtA,Is 67 just brain rot?,@Rubrickety,2025-10-13T21:25:52Z,24,metacomment often rather dour disapproving expression thumbnail make going feature disapproving take usually opposite content turn
laZpTO7IFtA,Is 67 just brain rot?,@olamo45,2025-10-14T16:15:41Z,33,שיבולת problem pronouncing sound sibolet type wheat
laZpTO7IFtA,Is 67 just brain rot?,@seventoast,2025-10-14T03:44:23Z,9,missed easy fresh prince call
laZpTO7IFtA,Is 67 just brain rot?,@TheloniousCube,2025-10-14T00:34:22Z,18,belt behind reference corporal punishment typically father spanking kid belt line read shooter put hurt context well enough synecdoche rhyme schenectady charlie kaufman film fantastic film
laZpTO7IFtA,Is 67 just brain rot?,@MargaretMaloney,2025-11-11T02:39:25Z,18,video make brain feel linguistics class college layer connection turn adhd linguistics discussion reliable dopamine producer brain equivalent cold drink hot day ahhhhhhhhh
laZpTO7IFtA,Is 67 just brain rot?,@JulietPapa1,2025-11-19T14:03:04Z,0,believe bip quick illicit deal context awesome
laZpTO7IFtA,Is 67 just brain rot?,@tehdrumerer3,2025-10-20T18:21:16Z,5,heard used ironically fun type would unironically
laZpTO7IFtA,Is 67 just brain rot?,@laurasutcliffe723,2025-10-17T16:04:16Z,110,teacher felt kid constantly wasssup
laZpTO7IFtA,Is 67 just brain rot?,@mastercko,2025-11-13T15:40:27Z,75,fetch happen street ahead prime linguist humor
laZpTO7IFtA,Is 67 just brain rot?,@MrShikamaruTV,2025-11-28T08:03:13Z,0,finally understand meme thank kindly
laZpTO7IFtA,Is 67 just brain rot?,@namnatulco,2025-10-27T20:25:11Z,23,wait earworm doesnt mean song stuck one head english
laZpTO7IFtA,Is 67 just brain rot?,@DrDanLawrence,2025-10-21T17:52:30Z,4,analysis rhetorician interested another set question successful meme regardless meaning success meme construction phrase expressed alliteration inflection melodymusicality recently attended event elementary school child least locally expressed particular rhythm inflection alliteration six seven kind descending inflection give rhythm melody general musicality make meme successful ability replicate element phrase give kind catchiness akin melody catchy song hook phrase make want make successful memeit kind propulsion hijack replicate move population almost host agree generally analysis various meaning phrase missed part question asks particular phrase make spread rapidly ballpark bit illustrate generally talking observe infant babbling rhythm pitch mimic adult language infant toddler typically learn rhythm pattern speech learn meaning word similar phenomenon occurring phrase contributes replicabilitymemetic nature well ingroup signification mention part phrase meaninglessness contributes success musical melody relatively blank slate open interpretation different us within different group sillyness factor work huizinga homo ludens nature play behavior humanswe silly specie play game kind expression playfulness related human learning development early childhood socialization
laZpTO7IFtA,Is 67 just brain rot?,@Heavyweightking70,2025-10-19T13:36:37Z,48,term switch referring firearm referring machine gun convention device mcd convert semi automatic pistol traditionally glock pistol fully functional machine gun pull trigger allows shooter accelerated rate fire brrt replicates accelerated sound firearm make attached switch machine gun
laZpTO7IFtA,Is 67 just brain rot?,@davidgermain,2026-02-22T19:55:35Z,0,loved every second epic work
laZpTO7IFtA,Is 67 just brain rot?,@ItsTheMadT.DiddyShow,2025-11-01T20:16:11Z,9,thought afraid cuz 😅right guy
laZpTO7IFtA,Is 67 just brain rot?,@Speechbound,2025-10-15T10:30:50Z,15,breakdown incredible turning dismissed brain rot fullon linguistics masterclass peak language jones energy loved tied concept semantic bleaching shibboleth easily best deep dive yet
laZpTO7IFtA,Is 67 just brain rot?,@KnessOfThings,2026-01-06T04:39:26Z,0,definitely wondering thank next find trying defend generational slang ill remember
laZpTO7IFtA,Is 67 just brain rot?,@kabalder,2025-10-15T11:09:43Z,18,whats weird large part internet kiddie culture stuff meaning sound outgroup ton meme meant boomer feel there kind humour harsh sharp emotionally shocking stuff intended meaning point whole ingroup farming like recognition either recognition within group stuff massive involvement emotion absolutely sense kind exactly difficult understand come grew 2000s 2010s pulled shortest cosmic stick superrich without shred talent kind product sell pretend excel succeed streamer youtubers sit front camera bank bankrupt give loan pay government bail hire ceo run department commerce start war peace torture call interrogation extrajudicially detain call legal process recently criminalizing protest completely blurring line whats damaging thought potentially judicially problematic account threatening security free speech oppressive dictatorship going haywire complete nonsense school university well rewarded research rewarded instantly offend thought behind float sound intellectual junior professor university position writing thesis field involved narrow kind obscure begin wittgenstein stuff wrote obscurantism fucking nonsense award total full trust school board utterly confident knowledge skill sense whatsoever disagrees william child think he awkward writing person he completely wrong level guy career serving content therefore immune criticism indeed discussion well there discus grow authority faithfully replicates nonsense heard argument complete senseless meaningless garbage important distinction create nonsense meme cope opposed used sarcasm ironic comment exaggerating argument attack nonsense theyll mean fact meaning let engage meaningless flow word satisfy school requirement tutoring end fun question there fun there
laZpTO7IFtA,Is 67 just brain rot?,@ashbirk4681,2025-10-14T00:29:23Z,14,asked know mean provocative get goin
laZpTO7IFtA,Is 67 just brain rot?,@dreaminginnoother,2025-11-07T04:04:03Z,15,recently mssp say lamelo explanation make sense he gon stupidly popular term tie real meaning expect hell acknowledge suspect dead though
laZpTO7IFtA,Is 67 just brain rot?,@justicevanpool9025,2025-11-29T13:46:46Z,2,imagine designing form communication intentionally divide create misunderstanding imagine created form communication upset misinterpreted creator detriment
laZpTO7IFtA,Is 67 just brain rot?,@OlofAndersson1,2025-10-13T18:50:14Z,9,heard expression seemed assumed viewer familiar waiting line expression followed sentence brief background
laZpTO7IFtA,Is 67 just brain rot?,@angieemm,2025-12-28T23:41:21Z,3,pretty cromulent explanation thank thankful subjected yet question forgive addressed previous new decade ago company collaborated celebrity another company would brand disney coach clear collab disneythemed coach product company started using denote similar everybodys favorite lumber size 2x4 somewhere along lost formula mixing name order doesnt sense regarding designer producer seeing instead happening name boyfriend tell stupidity correct answer
laZpTO7IFtA,Is 67 just brain rot?,@halrogoff-lx7fs,2025-12-27T01:30:07Z,0,amazing density info amazing please keep
laZpTO7IFtA,Is 67 just brain rot?,@ShelbiLyn953,2025-10-18T01:43:34Z,18,southparks latest episode whole segment
laZpTO7IFtA,Is 67 just brain rot?,@W7RSON,2025-10-14T00:20:59Z,18,brazilian primary school repeat brazilian primary school
laZpTO7IFtA,Is 67 just brain rot?,@bryan4037,2025-12-11T13:11:09Z,1,currently shebolith turn next year
laZpTO7IFtA,Is 67 just brain rot?,@kylepatterson9389,2025-10-14T01:37:35Z,9,reminds game popular high school remembered playing game lost lost announce stating game aware existence game automatically playing
laZpTO7IFtA,Is 67 just brain rot?,@retroide,2025-10-14T17:15:17Z,6,complicate lyricist often use ambiguous language layer multiple meaning reporter interpretation could interpretation intended artist
laZpTO7IFtA,Is 67 just brain rot?,@lordirontoe3712,2025-11-13T20:53:23Z,55,kid used use word mean caused grownup end confusion
laZpTO7IFtA,Is 67 just brain rot?,@djlilis,2025-10-13T18:18:27Z,8,feel embarrassment able spell onomotapoea demand real doctorate reliably day friend group shibboleth eighteen inch usually followed bang mean clumsy fool hitchhiker guide galaxy text adventure game
laZpTO7IFtA,Is 67 just brain rot?,@ChronicAUZ,2025-10-15T03:25:37Z,5,needed yall old normal human needing pro explain speaking area code dependent riddle based police code number incident
laZpTO7IFtA,Is 67 just brain rot?,@40ozJoe,2025-10-14T14:33:14Z,40,missing belt behind switch part double entendre scheme referencing gun kind punishment parent might dole misbehaving child
laZpTO7IFtA,Is 67 just brain rot?,@chameleonfoot,2025-10-13T16:37:52Z,7,metaphor live jumpscare read ling book club found interesting felt time stretching metaphor include metaphor there fact doesnt data observation might bias baked fair modern day book mean love hear probably missed important
laZpTO7IFtA,Is 67 just brain rot?,@xsubjx,2025-10-15T06:19:26Z,82,earlier year ended seeing skrilla live small half empty venue boston area cambridge middle east downstairs decided swing door opened opener started yet ticket another show across town left afterward maybe could catch end show turn started trying hype mad left eventually stumbled midnight minute set drinking lean stage beautifully pathetic ridiculous worth every second
laZpTO7IFtA,Is 67 just brain rot?,@SeekeroftheSacred,2025-11-22T12:02:25Z,0,thank kid driving nut itand armchair linguist phrase originated original meaning driven nut subbed
laZpTO7IFtA,Is 67 just brain rot?,@sarahwoodward1652,2025-10-14T15:24:42Z,97,kid south africa obsessed found fascinating final night school play week ago kid snuck line example holding tape measure line etc etc create insideroutsider moment audience kid found hilarious
laZpTO7IFtA,Is 67 just brain rot?,@jasonpatterson8091,2025-10-13T21:01:49Z,4,stopped middle schoolers teach high school definitely spread far among eternally middle school set happily admit annoying
laZpTO7IFtA,Is 67 just brain rot?,@ThePeej,2025-10-14T10:33:34Z,23,white passing french arab canadian living rural area toronto ottawa… keep trying explain wife half little white girl among friend black american vernacular english origin internet used sometimes take year slang meander east coast philly home province new brunswick internet kid unwittingly parroting within month initial expression fantastic
laZpTO7IFtA,Is 67 just brain rot?,@josephharte,2025-11-21T02:20:16Z,1,forty five year ago peer group teen fully believed keep faith blazing saddle arrived smalltown irish cinema five year release blown away sheriff bart used phrase end movie
laZpTO7IFtA,Is 67 just brain rot?,@meeagain77pdx24,2025-11-04T17:28:58Z,7,tell convoluted ended content tell find incredibly interesting well done languagejones
laZpTO7IFtA,Is 67 just brain rot?,@bruh_moment,2025-10-14T00:26:27Z,6,surprised mention associated hand motion trying use hand motion alone pseudosign language referring address area block peer refer time curiously enough familiar able catch information intended convey physically via hand movement def lil cringey fun undergrad linguistics stuff cool
laZpTO7IFtA,Is 67 just brain rot?,@8bit_pineapple,2025-11-09T12:44:29Z,129,similar wazaaa though presumably meant whats usuage funny repeat saw
laZpTO7IFtA,Is 67 just brain rot?,@mtumasz,2025-12-29T20:44:35Z,1,kid brain rot care take lead switch minute second night
laZpTO7IFtA,Is 67 just brain rot?,@harryburleigh8358,2025-10-13T16:50:01Z,6,first futile grasp reference phrase musical evita character evita peron addressing ordinary argentine may left behind describing girl dressed nine six seven
laZpTO7IFtA,Is 67 just brain rot?,@WryAun,2025-10-14T00:34:47Z,6,love linguist answer question consign pile unknowables thanks
laZpTO7IFtA,Is 67 just brain rot?,@dv6165,2025-10-14T06:57:03Z,4,imagine benvolio mercutio keep lion girded havent need 🤣🤣🤣
laZpTO7IFtA,Is 67 just brain rot?,@the3bairs778,2025-11-19T14:36:49Z,29,high school around number nobody knew whenever especially around teacher staff burst laughter year later number sentimental significance go long explaining phenomenon thanks
laZpTO7IFtA,Is 67 just brain rot?,@goodguy2477,2025-10-15T00:59:47Z,5,switch fact firearm full auto sear regular glock full auto jawn hence gun switch single burst firearm
laZpTO7IFtA,Is 67 just brain rot?,@globalwarmhugs7741,2025-11-19T17:00:45Z,4,mancunian grandma used term six seven meant hasnt decided yet finest lancashire accent six seven tea mum auntie six seven staying well
laZpTO7IFtA,Is 67 just brain rot?,@eva11883,2025-12-05T05:17:54Z,0,would love listen another expert break black english make creative use context identify reference hello found seem exactly jam
laZpTO7IFtA,Is 67 just brain rot?,@jahrn692,2025-10-13T16:21:45Z,5,return stream learn language give advice stuff long sentence
laZpTO7IFtA,Is 67 just brain rot?,@matildabryant8398,2025-10-13T16:33:27Z,56,well heard afraid sorry algorithm
laZpTO7IFtA,Is 67 just brain rot?,@JessupCaine,2025-12-02T01:46:41Z,0,languagejones answer second stuck around rest going read book
laZpTO7IFtA,Is 67 just brain rot?,@SkinnieHehe,2025-10-14T07:26:53Z,4,belt behind alluding action authoritative father putting belt behind misbehaving child belt used synonym firearm edit belt fed firearm referring
laZpTO7IFtA,Is 67 just brain rot?,@6sixtysix,2025-10-30T05:30:21Z,5,mexico old slang soso como estas rip version
laZpTO7IFtA,Is 67 just brain rot?,@schoolofathens8022,2025-11-17T23:23:05Z,0,deep dive lakoff johnson metaphor content
laZpTO7IFtA,Is 67 just brain rot?,@avirei98,2025-10-15T01:29:42Z,5,find fascinating black person understand black speak time understand cardi first released song stuck whatever idea meant needed cousin explain find find fascinating especially come dating whenever date black guy doesnt speak night day sitting whole conversation night day understand fine fine kid used bandwagon old black speaking incorrect english incorrectly whatever older realized effective form communication long speaking understand trying communicate fine mindset appreciate able understand exactly speak
laZpTO7IFtA,Is 67 just brain rot?,@alwaysgeologizing5642,2026-02-28T08:23:20Z,2,geography teacher south africa explanation inspired try social experiment school south african government syllabus grade learn cloud name challenged grade spread use slang term coin geography trendy nimb meaning sad negative etc derived dark rain baring nimbus cloud qumo meaning opposite nimb derived cumulus cloud usually pretty fluffy cloud associated fair weather beautiful sunset nimb qumo would love hear thought curiosity fast new term become popular student interested finding come
laZpTO7IFtA,Is 67 just brain rot?,@davidKelch-v9x,2025-10-17T17:28:23Z,6,quick slang gone song switch specific meaning glock switch small device replaces rear slide plate glock convert full auto pistol technically correct machine pistol quick google search pull picture article short year ago readily available different manufacturer chinese sold hotcake site ebay various euphemism hey law atf wind shut thousand wild since keep showing crime scene featured regularly gang hype flex video there tiktok masked individual demonstrating mag dump given full auto conversion additional year federal prison carry implied meaning gist shooter fully committed
laZpTO7IFtA,Is 67 just brain rot?,@andrewp3043,2025-10-13T17:07:14Z,7,wait teach 68th grader meaning word shibboleth would shibboleth similar secret handshake
laZpTO7IFtA,Is 67 just brain rot?,@SlonerTheStoner,2025-10-13T18:12:21Z,7,thank posting trend hoping would cover excellent content thank sir
laZpTO7IFtA,Is 67 just brain rot?,@Noah-l7h8m,2026-01-07T22:41:27Z,1,wceend voor al niet bij moeilijke plekjes komt wchals
laZpTO7IFtA,Is 67 just brain rot?,@jaredtandle2596,2025-10-15T12:01:37Z,6,used waatchu taaahkin bout willis majority clue worse internet make hundred million different content million hundred different content
laZpTO7IFtA,Is 67 just brain rot?,@simonsays7373,2025-10-16T22:50:46Z,4,reminds game would play school wherin person bringing game essentially reminding everybody convo game exists thus everybody loses start similar speaker self identify joke others
laZpTO7IFtA,Is 67 just brain rot?,@azeez8399,2025-10-19T06:49:01Z,5,man running national treasure protect cost
laZpTO7IFtA,Is 67 just brain rot?,@DHD-p4v,2025-10-14T00:25:02Z,12,sworn subscribing channel middle school teacher hit button explanation pervasive verbal meme decade teaching exceedingly clever coinage scribboleth
laZpTO7IFtA,Is 67 just brain rot?,@WayneFielder,2025-11-11T18:58:30Z,4,love heard pay attention may meant fresh care next delivery aint yet saw pop feed boom new favorite love language culture change overly educated matter 40someodd year professional genealogy history habit long student history must appreciate language
laZpTO7IFtA,Is 67 just brain rot?,@RedCatHabitat,2025-11-26T19:27:44Z,1,put nebulous intellectual box fit brick wall
laZpTO7IFtA,Is 67 just brain rot?,@PizzaShape,2025-10-13T20:01:24Z,4,heard song interpretation context clue piece bipped fired
laZpTO7IFtA,Is 67 just brain rot?,@hjohnston3178,2025-10-13T17:24:26Z,19,obscure scottish city middle school 10yearold
laZpTO7IFtA,Is 67 just brain rot?,@chameleonfoot,2025-10-13T16:52:54Z,11,relatively confident bipping term shooting least head gaming circle especially headshot might completely unrelated sense hearing lyric
laZpTO7IFtA,Is 67 just brain rot?,@Nellybeee,2025-11-03T20:29:47Z,11,first meaningless meme doesnt mean except marking get joke lost game
laZpTO7IFtA,Is 67 just brain rot?,@RodHartzell,2025-12-26T15:23:14Z,0,found absolutely love linguistic deep dive irreverent thorough scientific approach given topic
laZpTO7IFtA,Is 67 just brain rot?,@1730N8,2025-10-18T03:55:06Z,11,originally british slang confusion dissaray crazy since power went entire office six seven
laZpTO7IFtA,Is 67 just brain rot?,@peterflom6878,2025-10-13T16:53:33Z,20,first heard remember soap radio half century ago little
laZpTO7IFtA,Is 67 just brain rot?,@oppositeofh8,2025-10-13T18:49:58Z,5,totally earned sub missed long 😻😻😻😻😻😻
laZpTO7IFtA,Is 67 just brain rot?,@williamjeffries1533,2026-01-29T16:57:34Z,0,want rating educational quality new subscriber morning love kind informational heard intellectual since studying rhetoric classical civilizationss undergrad
laZpTO7IFtA,Is 67 just brain rot?,@JadynClark82,2025-10-13T17:11:23Z,25,ottawa hockey team called 67s
laZpTO7IFtA,Is 67 just brain rot?,@aur0rable,2025-10-14T18:31:51Z,8,doot doot doot doot doot dump trunk baby shark hardest line spoken
laZpTO7IFtA,Is 67 just brain rot?,@日本語勉強中_Oaken,2025-10-13T16:16:21Z,21,believe youd finishing ipa series please please finish ipa series beg
laZpTO7IFtA,Is 67 just brain rot?,@CorwinFound,2025-10-15T06:45:53Z,11,sixteen year old say ironically course he far cool asked meant doesnt mean except entire boiled nine word
laZpTO7IFtA,Is 67 just brain rot?,@AnderZ312,2025-10-15T06:06:28Z,16,idea talking perspective blipped highway mean shifted 6th 7th gear car blipped shifted
laZpTO7IFtA,Is 67 just brain rot?,@ask_why000,2025-11-28T22:16:06Z,1,similar happened attributing john cena originator hand gesture
laZpTO7IFtA,Is 67 just brain rot?,@woodlandflock,2025-10-14T00:44:29Z,21,reminds tried tell term master bedroom racist asked simply told took world view without question worry today youth
laZpTO7IFtA,Is 67 just brain rot?,@michaelwinter742,2025-10-14T01:01:00Z,7,hear bipped either hear jumped highway strike undertone maybe struck highway
laZpTO7IFtA,Is 67 just brain rot?,@WaifuVinnY,2025-10-14T01:08:15Z,12,suddenly bunch millenials parent feel whoses boomer 😂😂😂
laZpTO7IFtA,Is 67 just brain rot?,@sunshineandsmiles9668,2025-12-03T11:28:59Z,0,shiboleth keep head thank feel blacker whitened sopted chizle frawd highway yawn
laZpTO7IFtA,Is 67 just brain rot?,@Deevon667,2025-10-15T03:18:07Z,4,bro bye felicia culture friday happen
laZpTO7IFtA,Is 67 just brain rot?,@dabeamer42,2025-10-15T23:51:29Z,18,hand glad oldest grandchild first grade involved incomprehensiblenesses middle schoolyet fear sanity year
laZpTO7IFtA,Is 67 just brain rot?,@whoozyyy,2025-10-19T11:31:59Z,11,could wrong millennial black man context sound car since immediately say bippin highway driving bar say trackhawk sitting driveway bar start car sure old school whipcar
laZpTO7IFtA,Is 67 just brain rot?,@RPG_Guy-fx8ns,2025-10-14T04:40:55Z,7,six seven short six seven mean crazy six seven phrase 14th century dice game meant crazy british slang austin power speaking british british father asks six seven subtitle wrote insane
laZpTO7IFtA,Is 67 just brain rot?,@Taricus,2025-10-13T20:24:17Z,11,bipping highway mean jumped straight highway he shooting doesnt need stay strapped putting belt behind mean gun punishment put place brrrt sound rhyme hurt homocide skipped highwayno intervening period later go ill send else boy case offensive version boy essentially far need
laZpTO7IFtA,Is 67 just brain rot?,@EggPlantEmoji69,2025-10-18T03:21:23Z,5,understand bye felicia mean havent friday
laZpTO7IFtA,Is 67 just brain rot?,@motto25,2025-10-15T02:52:50Z,11,started second realized care less
laZpTO7IFtA,Is 67 just brain rot?,@BrunesOvrBrauns,2025-10-16T19:19:37Z,4,wan hear old person complain violent song lyric
laZpTO7IFtA,Is 67 just brain rot?,@maxpatlick,2025-11-13T14:38:07Z,5,mom saw tiktok mean word say shes going slap mouth btw
laZpTO7IFtA,Is 67 just brain rot?,@oppositeofh8,2025-10-13T19:02:22Z,5,early gangsta rap police code homocide number picked nationwide convey murder song general slang earlier code used van halen referring dangerous mental health crisis
laZpTO7IFtA,Is 67 just brain rot?,@yeetyiu4505,2026-01-30T23:38:25Z,1,intereting happened every would read number sequence brain would start recalling meme normal hear point bleached context meme became meme meaning meaning heared used italy empty joke referred
laZpTO7IFtA,Is 67 just brain rot?,@tmbrwn,2025-10-13T19:56:16Z,6,black heard nonblack complaining slang could tell immediately black probably street name year significant code look meant eventually chance find listen dootdoot make sense course nonblacks meaningless brainrot—as though mean intelligible certain group white frustrating thank seriously wish translate rap shakespeare white worth
laZpTO7IFtA,Is 67 just brain rot?,@TheAnomalous-One,2025-10-14T17:44:36Z,4,best answer heard mean mid
laZpTO7IFtA,Is 67 just brain rot?,@samuelliotta9437,2025-12-02T13:28:05Z,0,italy philadephia slang hadnt heard srkilla song first mind saw lyric undecover cop turn mean content
laZpTO7IFtA,Is 67 just brain rot?,@billyalarie929,2025-10-14T00:46:11Z,5,careful set certain certain situation might imply mean joke yesanding
laZpTO7IFtA,Is 67 just brain rot?,@kevnar,2025-11-10T14:53:03Z,4,real challenge convince kid cool reflexively repeat currently trendy catch phrase would prove deciding participate
laZpTO7IFtA,Is 67 just brain rot?,@Frei_Sinn,2025-12-17T03:08:33Z,1,little bit rabbit hole different story make deja phenomenon mandela effect
laZpTO7IFtA,Is 67 just brain rot?,@reasonsreasonably,2025-10-14T02:30:21Z,8,ear worm hear catchy song keep humming irks word usurped conflated naming new band researching band name person ear worm used established find new word describe whatever silly new concept mess
laZpTO7IFtA,Is 67 just brain rot?,@ericklugaro730,2025-12-26T09:41:14Z,0,method pronunciation popularity well equated whats scary movie originate scary movie comedy work learned
p-N3-Q8WyfU,"How Gen Z and TikTok are changing the way we speak - The Global Story podcast, BBC World Service",@notmyrealname6272,2024-11-24T09:15:26Z,681,laughed 12yearold piano pupil mine told generation herage etc spoke language understand
p-N3-Q8WyfU,"How Gen Z and TikTok are changing the way we speak - The Global Story podcast, BBC World Service",@NorseKitten,2025-05-09T07:21:56Z,265,go talked grandmother vividly explained used word grownup
p-N3-Q8WyfU,"How Gen Z and TikTok are changing the way we speak - The Global Story podcast, BBC World Service",@samgraves7330,2024-11-27T08:30:27Z,767,interesting noun becoming verb daughter informed morning hair hairing expressed hair right…
p-N3-Q8WyfU,"How Gen Z and TikTok are changing the way we speak - The Global Story podcast, BBC World Service",@amy82910,2024-12-02T17:25:05Z,263,year old gen word skibidi rizzler gen alpha slang barely hear gen would considered cringe unironically
p-N3-Q8WyfU,"How Gen Z and TikTok are changing the way we speak - The Global Story podcast, BBC World Service",@sardorbekiqboljonov02,2025-03-29T07:37:00Z,170,since english second language scared sign exam saw using slang abbreviation textspeak across podcast feel confident word important academic language academic make sense slang textspeak
p-N3-Q8WyfU,"How Gen Z and TikTok are changing the way we speak - The Global Story podcast, BBC World Service",@MaiNgoc-m5i,2025-05-04T08:10:31Z,38,heard neil voice time bbc learning english first grateful neil helping english learning
p-N3-Q8WyfU,"How Gen Z and TikTok are changing the way we speak - The Global Story podcast, BBC World Service",@eliashagstam,2024-11-23T17:50:20Z,323,skibidi rizzler floor thanks bbc
p-N3-Q8WyfU,"How Gen Z and TikTok are changing the way we speak - The Global Story podcast, BBC World Service",@PlagueDoktore,2025-02-11T23:11:19Z,27,there old indigenous language norway currently spoken
p-N3-Q8WyfU,"How Gen Z and TikTok are changing the way we speak - The Global Story podcast, BBC World Service",@raymundoamparo4966,2025-04-05T16:43:15Z,16,dominican 42year old teacher raised usa used alot word since early 90 guest middle class white kid hip rebellious call culture vulture favorite rapper teen rizza gizza daughter student use word give linguistic lesson origin word using least
p-N3-Q8WyfU,"How Gen Z and TikTok are changing the way we speak - The Global Story podcast, BBC World Service",@beybiletta6634,2024-11-29T07:06:14Z,146,student speak english second language fail english exam use english slang new created english word perfectly coherently astonishing use combined native language native speaker turkish language without knowledge english understand newly created word native language well
p-N3-Q8WyfU,"How Gen Z and TikTok are changing the way we speak - The Global Story podcast, BBC World Service",@СветланаБайгерова,2025-01-30T20:23:18Z,21,niel exists 😃😃😃😃😃 thank english speak
p-N3-Q8WyfU,"How Gen Z and TikTok are changing the way we speak - The Global Story podcast, BBC World Service",@kimtudor9331,2024-12-02T13:16:06Z,116,enjoyed sophias contribution outstanding beginning discussion sophia kid totally unnecessary learning language hearing child speak studied expert
p-N3-Q8WyfU,"How Gen Z and TikTok are changing the way we speak - The Global Story podcast, BBC World Service",@gregorysalazar8370,2025-04-21T14:45:24Z,14,discussion topic retired american baby boomer living mexico speak new mexican spanish american english grew speaking dying language new mexican due inside usa fewer fewer hispanos spanishnative american mix descendant settler settled new mexico 1500s using teaching kid language new mexico became part mexico 1800s becoming part usa noticed american english setting apart british royal marine meet marine corp assigned small british territorial island diegogarcia located indian ocean sounded different though native english speaker fast forward year met brit australian travel spain latin american sound american odd year ago attribute power mass medium social medium dominated american new mexican spanish work well latin america tell year old spanish formal lot old fashioned word phrase
p-N3-Q8WyfU,"How Gen Z and TikTok are changing the way we speak - The Global Story podcast, BBC World Service",@Myrnateatro,2025-04-12T13:11:45Z,6,remember school 60 70 internet kid would invent language talk code new kid today difference kid internet change language definitely propagate faster
p-N3-Q8WyfU,"How Gen Z and TikTok are changing the way we speak - The Global Story podcast, BBC World Service",@sil.brasil,2025-03-12T23:56:23Z,11,studying french impressed deeply arabic incorporated language learned lot listening music series
p-N3-Q8WyfU,"How Gen Z and TikTok are changing the way we speak - The Global Story podcast, BBC World Service",@victoriaschwarz6972,2024-11-30T12:02:40Z,70,teacher english costa rica love bbc english specifically six minute english thank
p-N3-Q8WyfU,"How Gen Z and TikTok are changing the way we speak - The Global Story podcast, BBC World Service",@handyvickers,2024-12-12T14:53:50Z,17,language evolve hoping excuse teach language correctly includes grammar etc etc etc horrified find clue verb tense noun etc etc etc write could went worse without understanding poor english sometimes read quite
p-N3-Q8WyfU,"How Gen Z and TikTok are changing the way we speak - The Global Story podcast, BBC World Service",@salihahilmy8804,2024-11-23T18:04:40Z,204,neil favourite person minute english
p-N3-Q8WyfU,"How Gen Z and TikTok are changing the way we speak - The Global Story podcast, BBC World Service",@paulhefferon3749,2024-12-03T12:59:19Z,94,word flowing endless rain paper cup slither wildly slip away across universe pool sorrow wave joy drifting opened mind possessing caressing nothing gon change world
p-N3-Q8WyfU,"How Gen Z and TikTok are changing the way we speak - The Global Story podcast, BBC World Service",@rescuecomplex5115,2024-11-29T10:36:23Z,7,language evolves mixing foreign word technical word regionalism
p-N3-Q8WyfU,"How Gen Z and TikTok are changing the way we speak - The Global Story podcast, BBC World Service",@Wintertier,2024-12-03T10:53:13Z,4,giving part dragscene lingo least decade
p-N3-Q8WyfU,"How Gen Z and TikTok are changing the way we speak - The Global Story podcast, BBC World Service",@hodnebudesnekde,2024-11-29T16:32:39Z,61,favourite language revival story czech spoken czech republic today thanks massive revitalisation effort late 1800s point german official language czech land czech mostly spoken countryside uneducated german noble influence czech book lost pushed higher education favor german however large scale national identity movement happening europe czech exception group czech scholar collected language unified grammar wrote distributed book newspaper founded theatre done focus improving general public education level helped spread language noticeable day although czech natural change mostly simplification grammar structured ask written nearly there clear rule whereas english often look historyevolution word want
p-N3-Q8WyfU,"How Gen Z and TikTok are changing the way we speak - The Global Story podcast, BBC World Service",@jennychurchill2716,2025-01-24T04:21:09Z,3,remember teen 60 brother different language slang parent mother used copy found highly amusing grew became sensible 30
p-N3-Q8WyfU,"How Gen Z and TikTok are changing the way we speak - The Global Story podcast, BBC World Service",@mydogisbailey,2024-11-24T08:36:49Z,121,canadian living paris surprised french young men use goat speaking french
p-N3-Q8WyfU,"How Gen Z and TikTok are changing the way we speak - The Global Story podcast, BBC World Service",@BlueSkies.73,2025-01-22T08:51:03Z,3,taught english truly grateful thank
p-N3-Q8WyfU,"How Gen Z and TikTok are changing the way we speak - The Global Story podcast, BBC World Service",@fiddley,2024-11-30T10:35:22Z,8,swear article get pulled dusted reissued every year
p-N3-Q8WyfU,"How Gen Z and TikTok are changing the way we speak - The Global Story podcast, BBC World Service",@NoOneCaresBTW,2024-12-05T19:51:26Z,4,delulu waaaay better delusional 👏👏🙌🏆 bravo gen
p-N3-Q8WyfU,"How Gen Z and TikTok are changing the way we speak - The Global Story podcast, BBC World Service",@mathematrucker,2024-11-28T19:56:24Z,105,earlier epoch ironic kid nowadays new fact parent grandparent exact wrong harmful natural distinguish age group chance adulthood gig force play different rule
p-N3-Q8WyfU,"How Gen Z and TikTok are changing the way we speak - The Global Story podcast, BBC World Service",@acapedit,2024-11-30T15:19:03Z,113,rename genz tik tok changing speak accurate outside generation speaks
p-N3-Q8WyfU,"How Gen Z and TikTok are changing the way we speak - The Global Story podcast, BBC World Service",@dagkom5055,2025-05-12T16:31:31Z,0,exactly live poland asked son rizzler explained somebody rizz
p-N3-Q8WyfU,"How Gen Z and TikTok are changing the way we speak - The Global Story podcast, BBC World Service",@pink221,2024-11-25T10:21:43Z,110,love breakdown english language evolving internet culture definitely accelerated fascinating
p-N3-Q8WyfU,"How Gen Z and TikTok are changing the way we speak - The Global Story podcast, BBC World Service",@Super_Grover_,2024-12-03T22:29:15Z,33,happy brought black latino queer culture long huge source slang new word mainstream
p-N3-Q8WyfU,"How Gen Z and TikTok are changing the way we speak - The Global Story podcast, BBC World Service",@user-duneelisa,2025-01-29T05:29:04Z,3,interesting teen school teach love language identification gen
p-N3-Q8WyfU,"How Gen Z and TikTok are changing the way we speak - The Global Story podcast, BBC World Service",@user-km2bz8iy5o,2024-11-24T02:50:25Z,31,noticed similar convergence australian slang among undoubtedly due social medium tiktok
p-N3-Q8WyfU,"How Gen Z and TikTok are changing the way we speak - The Global Story podcast, BBC World Service",@marthauribe1484,2026-05-18T12:32:15Z,1,love interview addressed leaned thanks
p-N3-Q8WyfU,"How Gen Z and TikTok are changing the way we speak - The Global Story podcast, BBC World Service",@Ramiarmuni,2024-12-02T07:32:44Z,9,sophia pushed word genocide start conversation looked remembered bbc tiktok
p-N3-Q8WyfU,"How Gen Z and TikTok are changing the way we speak - The Global Story podcast, BBC World Service",@DailyKaizenSubstack,2024-12-07T17:28:37Z,2,evolving language devolving…that question…and answer question is… depends
p-N3-Q8WyfU,"How Gen Z and TikTok are changing the way we speak - The Global Story podcast, BBC World Service",@mmah-s2s,2025-01-26T17:55:19Z,2,need keep thanks needed discussion
p-N3-Q8WyfU,"How Gen Z and TikTok are changing the way we speak - The Global Story podcast, BBC World Service",@socialitenoel,2024-12-02T17:13:30Z,6,thank acknowledging language heavily influenced black american united statesits gen language aave looked year rebranded else
p-N3-Q8WyfU,"How Gen Z and TikTok are changing the way we speak - The Global Story podcast, BBC World Service",@elizabethglaser1397,2024-12-13T03:01:32Z,2,intonation drop end give vibe demanding direction disdain disapproval turn end implies suggestion option possibility negotiating openess suggestion alternative thought
p-N3-Q8WyfU,"How Gen Z and TikTok are changing the way we speak - The Global Story podcast, BBC World Service",@sannefridolin,2024-11-23T13:50:00Z,100,using word several time randomly sprinkled every sentence drive crazy
p-N3-Q8WyfU,"How Gen Z and TikTok are changing the way we speak - The Global Story podcast, BBC World Service",@stregagiusta,2025-04-11T01:52:35Z,2,love groovey convo super cool cat low duh present hip
p-N3-Q8WyfU,"How Gen Z and TikTok are changing the way we speak - The Global Story podcast, BBC World Service",@abrahama2643,2024-12-01T18:53:19Z,41,year old work youth understand rizz come charisma lot charisma rizzler skibidi troll word kid love fun funny adult disect try find definition blew kid viral singing song using word
p-N3-Q8WyfU,"How Gen Z and TikTok are changing the way we speak - The Global Story podcast, BBC World Service",@eliskapinterova8530,2025-03-30T17:01:31Z,0,thanks learning english iimproved english skill currently studying english university 😊thank work
p-N3-Q8WyfU,"How Gen Z and TikTok are changing the way we speak - The Global Story podcast, BBC World Service",@CerejaStudies,2024-11-26T22:59:19Z,35,portuguese mad kid speaking brazillian portuguese kid brazillian youtubers started speaking accent grammar slang funny
p-N3-Q8WyfU,"How Gen Z and TikTok are changing the way we speak - The Global Story podcast, BBC World Service",@mioLiu-b3e,2026-02-02T11:09:26Z,0,wow，this first neil😊i usually listen minute english neil beth accent vibe feel comfortable motivated learn ielts thanks guys♥
p-N3-Q8WyfU,"How Gen Z and TikTok are changing the way we speak - The Global Story podcast, BBC World Service",@myradioon,2025-05-15T07:25:32Z,2,boston wicked year part world
p-N3-Q8WyfU,"How Gen Z and TikTok are changing the way we speak - The Global Story podcast, BBC World Service",@Bichon_Maltese,2024-11-27T16:11:11Z,10,slang black american culture course identify culture need commodify hyper analyze beyond point relevance
p-N3-Q8WyfU,"How Gen Z and TikTok are changing the way we speak - The Global Story podcast, BBC World Service",@SilenceEqualsDeath,2024-11-27T19:40:47Z,18,every generation lingo best word phrase one wider universal appeal last survival fittest…words extension conversation would make long lasting word certainly level sais quoi play probably concrete indicator well
p-N3-Q8WyfU,"How Gen Z and TikTok are changing the way we speak - The Global Story podcast, BBC World Service",@davidjones992,2025-04-03T22:00:47Z,3,quite nordic noir quite amazed amount english word used scandinavian speech quite often mention surely swedish norwegian word
p-N3-Q8WyfU,"How Gen Z and TikTok are changing the way we speak - The Global Story podcast, BBC World Service",@al_kosh_15,2026-04-21T16:11:56Z,0,fascinating podcast learning english thanks creators❤
p-N3-Q8WyfU,"How Gen Z and TikTok are changing the way we speak - The Global Story podcast, BBC World Service",@dbreardon,2024-11-28T16:02:36Z,40,young day working hard keep hidden private clique driven seem purposefully attempt hide separate others outside clique generating brand new word describe whatever talking previous generation simply expanded meaning known word issue unable adequately converse write others outside clique group make difficult work alongside work environment
p-N3-Q8WyfU,"How Gen Z and TikTok are changing the way we speak - The Global Story podcast, BBC World Service",@Aya-d5y8i,2026-02-22T15:42:13Z,0,awesome perfect lesson practice pronunciation amazing george lesson
p-N3-Q8WyfU,"How Gen Z and TikTok are changing the way we speak - The Global Story podcast, BBC World Service",@Kotramail,2024-11-24T05:08:42Z,34,entertaining wondering chance world speaking language age road
p-N3-Q8WyfU,"How Gen Z and TikTok are changing the way we speak - The Global Story podcast, BBC World Service",@mr_x00010,2025-03-28T03:05:16Z,2,honest skibidi scatman song skibidi anton anton😂
p-N3-Q8WyfU,"How Gen Z and TikTok are changing the way we speak - The Global Story podcast, BBC World Service",@HappyPrayer-t3g,2025-08-19T23:36:43Z,0,hear niel big fan learning english❤
p-N3-Q8WyfU,"How Gen Z and TikTok are changing the way we speak - The Global Story podcast, BBC World Service",@RingoRocket-h1d,2024-11-23T19:13:01Z,12,used word keystroke work knew meant
p-N3-Q8WyfU,"How Gen Z and TikTok are changing the way we speak - The Global Story podcast, BBC World Service",@MrLanguageFanatic,2024-12-10T11:08:34Z,3,love host talking journalist appears age mother 1st straight kid
p-N3-Q8WyfU,"How Gen Z and TikTok are changing the way we speak - The Global Story podcast, BBC World Service",@pkc291,2025-07-11T07:44:48Z,0,concept learned today thank bunch
p-N3-Q8WyfU,"How Gen Z and TikTok are changing the way we speak - The Global Story podcast, BBC World Service",@nanciolivieri8821,2024-11-23T16:11:30Z,48,specially neil listen podcasts bbc learning english wonderered look
p-N3-Q8WyfU,"How Gen Z and TikTok are changing the way we speak - The Global Story podcast, BBC World Service",@shyft09,2024-11-24T09:35:52Z,13,kid stupid word fun added benefit excluding adult else club
p-N3-Q8WyfU,"How Gen Z and TikTok are changing the way we speak - The Global Story podcast, BBC World Service",@Lifetarian555,2024-12-03T14:15:22Z,4,news flash every generation jargon special
p-N3-Q8WyfU,"How Gen Z and TikTok are changing the way we speak - The Global Story podcast, BBC World Service",@arctic_haze,2024-12-03T20:12:29Z,1,using noun verb english language ease happening new noun notice new turned verb
p-N3-Q8WyfU,"How Gen Z and TikTok are changing the way we speak - The Global Story podcast, BBC World Service",@BeWater2019,2024-12-02T18:26:04Z,3,paused went teenage son room asked rizz mean looked disdain trying ask pop culture today changed year understand impatiently game mean game he rizz
p-N3-Q8WyfU,"How Gen Z and TikTok are changing the way we speak - The Global Story podcast, BBC World Service",@TheMonroemomma,2025-05-12T12:07:40Z,0,brilliant engaging podcast fascinating topic thank
p-N3-Q8WyfU,"How Gen Z and TikTok are changing the way we speak - The Global Story podcast, BBC World Service",@ЭлинаРомис,2024-11-26T06:27:04Z,13,glad hear neils familiar voice favorite minute english
p-N3-Q8WyfU,"How Gen Z and TikTok are changing the way we speak - The Global Story podcast, BBC World Service",@Pseudo___,2024-12-05T13:39:58Z,10,every older generation youth slang
p-N3-Q8WyfU,"How Gen Z and TikTok are changing the way we speak - The Global Story podcast, BBC World Service",@Tommy_007,2025-01-21T17:51:05Z,27,throughout history older generation wrong youth first history absolutely true
p-N3-Q8WyfU,"How Gen Z and TikTok are changing the way we speak - The Global Story podcast, BBC World Service",@MasterKoala777,2024-12-03T01:59:35Z,19,heavy profound intense serious well used 1980s philippine whenever future brings memory hear marty use widespread eventually disappeared world vocabulary
p-N3-Q8WyfU,"How Gen Z and TikTok are changing the way we speak - The Global Story podcast, BBC World Service",@abhinavkohli9059,2024-11-30T08:58:01Z,10,extremely interesting conversation enlightening wish participation gen member firsthand perspective topic
p-N3-Q8WyfU,"How Gen Z and TikTok are changing the way we speak - The Global Story podcast, BBC World Service",@manmohanbisht5816,2025-11-01T06:38:55Z,0,today listened wonderful guy bbc radio podcast learning english
p-N3-Q8WyfU,"How Gen Z and TikTok are changing the way we speak - The Global Story podcast, BBC World Service",@AI-Truth-Giver,2025-05-15T09:14:34Z,17,neil last night… tell job neil creating content help learn english… younger generation neil sort word neil saying… neil think… neil wonder if… neil speaking of… neil term job… neil think… sophia well spoken insightful definitely deserves appreciation contribution
p-N3-Q8WyfU,"How Gen Z and TikTok are changing the way we speak - The Global Story podcast, BBC World Service",@kalabagh789,2025-12-03T02:41:21Z,1,topic distinguished guest effective way communicating❤❤❤❤
p-N3-Q8WyfU,"How Gen Z and TikTok are changing the way we speak - The Global Story podcast, BBC World Service",@UozaUoza,2024-12-02T16:58:58Z,3,gen slang global help social medium new generation special slang
p-N3-Q8WyfU,"How Gen Z and TikTok are changing the way we speak - The Global Story podcast, BBC World Service",@FrancisIrvinCapulong,2025-05-08T03:59:19Z,60,belikenative language translator ensures accurate contextaware translation tailored professional everyday communication
p-N3-Q8WyfU,"How Gen Z and TikTok are changing the way we speak - The Global Story podcast, BBC World Service",@sinsyvn2002heroteam,2025-07-08T09:51:08Z,0,interestingfor understand rise knowledge english❤❤❤
p-N3-Q8WyfU,"How Gen Z and TikTok are changing the way we speak - The Global Story podcast, BBC World Service",@TomMarvan,2024-11-28T18:52:36Z,4,fantastic discussion broad coverage minute neighbour uptalk bluey brekky barbie dunny mate interestingly influence kid talk particularly later show popular everybody aussie aussie aussie wonder wider lexicon heartwarming hear māori language seems thriving nzed contrast linguicide example linguoecology refers preserving language danger extinction perhaps smaller world technology help preservation thank
p-N3-Q8WyfU,"How Gen Z and TikTok are changing the way we speak - The Global Story podcast, BBC World Service",@rklein,2025-05-02T18:05:35Z,2,woman talking sophia kid 😂😂😂🤣🤣
p-N3-Q8WyfU,"How Gen Z and TikTok are changing the way we speak - The Global Story podcast, BBC World Service",@darkhorsiesmedia,2024-12-04T09:29:57Z,6,simplification language deep root tabloid newspaper written year old comprehension level allow quick reading public service aim plain english inclusive interact complex vocabulary formal education
p-N3-Q8WyfU,"How Gen Z and TikTok are changing the way we speak - The Global Story podcast, BBC World Service",@kingdoc3262,2025-05-09T14:48:03Z,4,african american previously known black american doctor child recognized speak language english communicate 60 black white culture difference white american embraced black language empathy intelligence rose pathological mind racism declined show true neighborhood reflection fantasy world arrogance noted language difference decade decade 30 bowery boy 40 50 60 later learned demonic intolerance self righteousness white europe aspect including religion language christian names😢and told native american attending school could speak beautiful language doctor speak colleague patient understand speak learn particular termsand includes going different english speaking country sophia spoke genocide language native american plus country european went narrowed friendship concept needed expanding law karma inevitable english language lost transformed blame cause ancestor 😢🙏🏽
p-N3-Q8WyfU,"How Gen Z and TikTok are changing the way we speak - The Global Story podcast, BBC World Service",@indrajitghosh4187,2024-11-29T11:15:50Z,13,imagine digging year remastering commenting eloquent obviously teen would reduced using screech grunt communication
p-N3-Q8WyfU,"How Gen Z and TikTok are changing the way we speak - The Global Story podcast, BBC World Service",@thomashutcheson3343,2025-01-02T18:34:58Z,2,wicked old negative intensifier new england probably therefore used england late 1960s latest become general intensifer idea spread accordingly indignant loss regional identifer exclusivity
p-N3-Q8WyfU,"How Gen Z and TikTok are changing the way we speak - The Global Story podcast, BBC World Service",@opensourceworldviews,2024-12-30T04:03:51Z,4,year ago prophesied cambridge snob mocked dumb midwestern american accent better learn grandchild sound look
p-N3-Q8WyfU,"How Gen Z and TikTok are changing the way we speak - The Global Story podcast, BBC World Service",@LynnWallhead,2025-11-11T15:55:36Z,0,definitely impact message using word phrase reach audience able hear message rock
p-N3-Q8WyfU,"How Gen Z and TikTok are changing the way we speak - The Global Story podcast, BBC World Service",@Patrice11300,2024-12-03T17:51:17Z,3,noticed dramatic pronunciation shift younger example take word important instead pronounced written hearing sound imporent bit cockney pronunciation latino influence
p-N3-Q8WyfU,"How Gen Z and TikTok are changing the way we speak - The Global Story podcast, BBC World Service",@HOALIVEBETTER50,2026-05-03T08:43:00Z,0,delivers powerful inspiring message visuals clear storytelling flow smoothly easy follow engaging feel practical deeply motivating truly feel encouraged take action improve definitely meaningful worth
p-N3-Q8WyfU,"How Gen Z and TikTok are changing the way we speak - The Global Story podcast, BBC World Service",@yogikarl,2024-12-03T11:12:04Z,3,linguist language may true democratic element society
p-N3-Q8WyfU,"How Gen Z and TikTok are changing the way we speak - The Global Story podcast, BBC World Service",@rinaldolopesdeoliveirajuni1388,2025-03-29T23:58:31Z,0,inteligente elegante com do olhos mais lindos que parabéns pelo material que vcs apresentam
p-N3-Q8WyfU,"How Gen Z and TikTok are changing the way we speak - The Global Story podcast, BBC World Service",@Kim-lc3fv,2024-12-02T07:34:04Z,16,year old american living copenhagen berlin last year scandinavian colleague stop using going folk phd native nonnative speaker tom gave book sally drive crazy blatantly grammatically incorrect yet age certainly year ago certainly taught proper grammar speaking feel fighting woman grammatical battle old boomer curious english teacher deal
p-N3-Q8WyfU,"How Gen Z and TikTok are changing the way we speak - The Global Story podcast, BBC World Service",@vanessacorey200,2024-11-28T03:18:17Z,5,surprised hear seemingly polished interviewer ask change pronounciation providing example asking utterance pronounciation combination verb pronounce noun pronunciation seem using day rise verbings activity quite naturally easily lead coining verb verbings gerund
p-N3-Q8WyfU,"How Gen Z and TikTok are changing the way we speak - The Global Story podcast, BBC World Service",@naimomohamed61,2025-09-02T17:47:10Z,0,naimo somalia excited bbc english teacher
p-N3-Q8WyfU,"How Gen Z and TikTok are changing the way we speak - The Global Story podcast, BBC World Service",@calebcain4729,2024-12-04T22:23:58Z,9,love skibidi remotely new relatively recent history scat man john sang would part jazz scat vocalization decade used best part old new new used thrownin word doesnt distinct meaning exactly used scat vocalization jazz year
p-N3-Q8WyfU,"How Gen Z and TikTok are changing the way we speak - The Global Story podcast, BBC World Service",@0KiteEatingTree0,2024-11-27T12:09:28Z,4,every generation brought new language influencers
p-N3-Q8WyfU,"How Gen Z and TikTok are changing the way we speak - The Global Story podcast, BBC World Service",@dazwischen5072,2024-12-03T19:57:05Z,1,interesting swede living germany lovely programm helped improve german instead paying hour correct write text work pay programm month done love
p-N3-Q8WyfU,"How Gen Z and TikTok are changing the way we speak - The Global Story podcast, BBC World Service",@luckm8852,2024-11-25T03:00:34Z,11,term skibidi exploded malaysia cutting across age group owing unexpected source religionbased cult known latest name gisbh bizarre cult produced music men clad islamic garb singing late cult leader using term skibidi malaysia heard skibidi different idea mean
p-N3-Q8WyfU,"How Gen Z and TikTok are changing the way we speak - The Global Story podcast, BBC World Service",@GibranCamus-kr2dc,2024-12-03T12:13:48Z,0,glad brought stuff since least decade ago
p-N3-Q8WyfU,"How Gen Z and TikTok are changing the way we speak - The Global Story podcast, BBC World Service",@alonnamitz1015,2025-04-08T03:09:55Z,6,enjoy discussion happening clear sophia neil expert respective field every single sophia offered thoughtful response question interviewer turned ask neil another question without responding thanking insight believe intentional topic discussion around language changing quickly preservation language language use among young call older folk step away ageold habit glazing younger people voice point world urgently need hear listen young age expert adult around age changing quickly
p-N3-Q8WyfU,"How Gen Z and TikTok are changing the way we speak - The Global Story podcast, BBC World Service",@markydh3,2024-11-24T03:28:43Z,13,conversation started presenter referred child kid may example language changing generator next grandparent wouldve corrected presenter point stated correct word would indeed child kid young goat another point remember picked grandparent bin instead medium presenter day falling foul pronunciation letter significantly lacking
p-N3-Q8WyfU,"How Gen Z and TikTok are changing the way we speak - The Global Story podcast, BBC World Service",@thomaswalker8790,2024-12-03T11:53:45Z,0,super lucy👍👍👍 keep keep tight
p-N3-Q8WyfU,"How Gen Z and TikTok are changing the way we speak - The Global Story podcast, BBC World Service",@janetmckenzie146,2024-11-27T17:54:35Z,42,disturbs gen taught cursive read wellwritten cursive write cut long history cursive prosaic letter grandma cursive english foreign language gen
p-N3-Q8WyfU,"How Gen Z and TikTok are changing the way we speak - The Global Story podcast, BBC World Service",@ChrisCypher,2025-05-10T20:57:31Z,3,appreciate acknowledge source sometimes irked call certain slang belonging gen alpha hearing year prior main slang source personally hip hopblack american gaydrag scene gamers glad mention others overlook
p-N3-Q8WyfU,"How Gen Z and TikTok are changing the way we speak - The Global Story podcast, BBC World Service",@heavyhookedup,2024-11-29T15:31:55Z,7,skibadee british recording artist drum bass
p-N3-Q8WyfU,"How Gen Z and TikTok are changing the way we speak - The Global Story podcast, BBC World Service",@Siphr0dias,2024-12-15T08:27:41Z,0,embracing change language smart decision
p-N3-Q8WyfU,"How Gen Z and TikTok are changing the way we speak - The Global Story podcast, BBC World Service",@themorninsttar,2024-12-01T09:32:10Z,13,social medium disease sense year
p-N3-Q8WyfU,"How Gen Z and TikTok are changing the way we speak - The Global Story podcast, BBC World Service",@anupamkumarsharma_Xa1,2025-05-17T14:23:12Z,0,nice work together save humanity earth👊
p-N3-Q8WyfU,"How Gen Z and TikTok are changing the way we speak - The Global Story podcast, BBC World Service",@RSJ1947,2024-12-04T02:19:00Z,3,homogenisation aspect evolving slang make sad soon lack variety kid europe africa india everywhere use expressionsslang make travelling easier boring
p-N3-Q8WyfU,"How Gen Z and TikTok are changing the way we speak - The Global Story podcast, BBC World Service",@ak-sher,2024-11-27T02:45:28Z,5,happened year ago happened year ago happened 19th century 20th century happen concerned language would exist form meaning word would change case completely taking different meaning completely
p-N3-Q8WyfU,"How Gen Z and TikTok are changing the way we speak - The Global Story podcast, BBC World Service",@Dawid-r3e,2026-03-03T13:45:58Z,0,could stop laughing hearong skibidi😂
p-N3-Q8WyfU,"How Gen Z and TikTok are changing the way we speak - The Global Story podcast, BBC World Service",@PatriciainOz,2024-11-28T20:45:32Z,5,sign language evolve today child learning sign language first thanks sharing
p-N3-Q8WyfU,"How Gen Z and TikTok are changing the way we speak - The Global Story podcast, BBC World Service",@Kira_Martel,2024-12-03T19:49:01Z,4,hurt weird stilted look language give lip service around halfway mark gen slang older african american vernacular english popularized internet posthoc attributed younger generation skibidi scat term popularized viral animation would confused linguistic position scat syllable used folk ella fitzgerald nina simone talk language etymology sense lineage provenance seem confused pronunciation difference acronym initialism year ago talking verbing weird language there new sun
p-N3-Q8WyfU,"How Gen Z and TikTok are changing the way we speak - The Global Story podcast, BBC World Service",@吳二-l2q,2024-11-23T13:55:59Z,11,language adapts new enviroments state flux
p-N3-Q8WyfU,"How Gen Z and TikTok are changing the way we speak - The Global Story podcast, BBC World Service",@jesaminetehuia9098,2025-11-08T22:28:13Z,0,enlightening student trying teach couple word using emoji text signify word using though emoji represents
p-N3-Q8WyfU,"How Gen Z and TikTok are changing the way we speak - The Global Story podcast, BBC World Service",@jujitsu23,2024-11-24T07:02:07Z,12,change generational fad notice gen term used widely anymore gotten older mainstream culture moved hella gnarly bitchin fly rad etc
p-N3-Q8WyfU,"How Gen Z and TikTok are changing the way we speak - The Global Story podcast, BBC World Service",@elaminkakoom4828,2024-11-23T17:53:15Z,4,innate tendency new generation time place rebellion reality characteristic young fed boring life repetitive scene activity
p-N3-Q8WyfU,"How Gen Z and TikTok are changing the way we speak - The Global Story podcast, BBC World Service",@CHINKEII-lh8rl,2024-11-23T15:02:18Z,5,social medium problematic content dramatically changed action monitored future
p-N3-Q8WyfU,"How Gen Z and TikTok are changing the way we speak - The Global Story podcast, BBC World Service",@lenoreleitch5297,2025-05-12T05:41:45Z,0,ohhhh gon start throwing skibbity conversation hope freak youngster
p-N3-Q8WyfU,"How Gen Z and TikTok are changing the way we speak - The Global Story podcast, BBC World Service",@FastKlr,2024-11-24T06:40:02Z,8,horrible introduction stood sat stooding satting standing sitting sound absolutely stupid add anyways make plural
p-N3-Q8WyfU,"How Gen Z and TikTok are changing the way we speak - The Global Story podcast, BBC World Service",@jjutt87,2024-12-02T13:31:08Z,5,could retitle africanamerican culture continues reinvent modern english language fluid everchanging maybe govs invested educationlanguageliterature emphasize importance relative armsdeathwar industry point youth socalled leader commitmentsallegiances lie love accent slang expression language bridge reach neighbor wall divide vocal fry overuse definitely concern without doubt idiocracy love
p-N3-Q8WyfU,"How Gen Z and TikTok are changing the way we speak - The Global Story podcast, BBC World Service",@johnson6099,2025-04-18T18:29:46Z,0,skippidy immediately tony baker voiceover cat giving skippidy pap
p-N3-Q8WyfU,"How Gen Z and TikTok are changing the way we speak - The Global Story podcast, BBC World Service",@gebruderschwarzwald7931,2025-01-05T18:40:51Z,3,uptalking sign insecurity met confident human us confident human being lower voice end sentence worldwide english medium english speaking country mistake youth use language forever used use language grandmother could understand spoke grownup unwise glorify youth putting pedestal gross disservice fact change year exact word discussed would fit generation news absolutely normal behaviour guess adult remember youth alienated youth maybe moment need new proverb remember past doomed experience repetition novelty
p-N3-Q8WyfU,"How Gen Z and TikTok are changing the way we speak - The Global Story podcast, BBC World Service",@therealjantube,2024-11-28T18:13:57Z,13,please change british english tiktok slang follow decline english language
p-N3-Q8WyfU,"How Gen Z and TikTok are changing the way we speak - The Global Story podcast, BBC World Service",@marianasalles242,2024-11-23T18:29:33Z,4,dreadful future ahead planet humanity
p-N3-Q8WyfU,"How Gen Z and TikTok are changing the way we speak - The Global Story podcast, BBC World Service",@MK-lm8te,2024-11-25T22:22:26Z,6,gen changing language mostly lingo black american using whole spot next topic please
p-N3-Q8WyfU,"How Gen Z and TikTok are changing the way we speak - The Global Story podcast, BBC World Service",@Layla12251,2024-11-24T00:01:46Z,7,read book stare tiktok day
p-N3-Q8WyfU,"How Gen Z and TikTok are changing the way we speak - The Global Story podcast, BBC World Service",@vincenzofederico8938,2024-12-11T07:34:17Z,0,interesting italy young talking videogames use language english word shown display kill shop skin used verbalised italian word shoppare killare italian infinite verb ending common one
p-N3-Q8WyfU,"How Gen Z and TikTok are changing the way we speak - The Global Story podcast, BBC World Service",@iAMJM27,2024-11-24T12:47:36Z,6,gen language african american vernacular ebonics stop
p-N3-Q8WyfU,"How Gen Z and TikTok are changing the way we speak - The Global Story podcast, BBC World Service",@rilakbuta5919,2025-02-07T12:17:14Z,1,last part endangered language true native cantonese speaker use chatgpt multiple language noticed cantonese material quite inaccurate often make word expression sound unnatural frustrating hopefully improve preserving accurately representing minority language cantonese future
p-N3-Q8WyfU,"How Gen Z and TikTok are changing the way we speak - The Global Story podcast, BBC World Service",@NicholasPadilha,2025-06-22T10:38:57Z,0,everytime sophia fall smart gorgeous help
p-N3-Q8WyfU,"How Gen Z and TikTok are changing the way we speak - The Global Story podcast, BBC World Service",@Tefany200,2025-04-14T21:47:27Z,0,interest english language second idiom
p-N3-Q8WyfU,"How Gen Z and TikTok are changing the way we speak - The Global Story podcast, BBC World Service",@annetteholtzhausen809,2025-01-18T03:21:01Z,0,enjoy fun language young make feel part group prepared university future employment
p-N3-Q8WyfU,"How Gen Z and TikTok are changing the way we speak - The Global Story podcast, BBC World Service",@shubbar,2025-01-18T03:22:32Z,0,first neil though head year
p-N3-Q8WyfU,"How Gen Z and TikTok are changing the way we speak - The Global Story podcast, BBC World Service",@JamieHughes_Photography,2024-12-04T08:59:59Z,2,shakespere invented new word work
p-N3-Q8WyfU,"How Gen Z and TikTok are changing the way we speak - The Global Story podcast, BBC World Service",@thehuntressdanni2972,2025-05-03T07:32:45Z,1,math brain well today giving low spoon vibe cap
p-N3-Q8WyfU,"How Gen Z and TikTok are changing the way we speak - The Global Story podcast, BBC World Service",@pauldehorn,2025-05-17T15:37:39Z,0,fascinating topic impact emojis fire text spoken language write
p-N3-Q8WyfU,"How Gen Z and TikTok are changing the way we speak - The Global Story podcast, BBC World Service",@TonyWhitley,2024-12-03T08:40:25Z,0,remember hoovering jazz 50 man
p-N3-Q8WyfU,"How Gen Z and TikTok are changing the way we speak - The Global Story podcast, BBC World Service",@LontarKamandaka,2025-03-18T17:07:35Z,0,mybe able accept communicate present simplicity word speech presence physical form aslum chubby example painter artist want beat color shabby canvas blue sky
p-N3-Q8WyfU,"How Gen Z and TikTok are changing the way we speak - The Global Story podcast, BBC World Service",@shivakumarshekhar6642,2025-10-20T04:59:14Z,0,language dieit evolve old archaic version saved museum somewhere pretty safe intact evolved version naturally carried posterity
p-N3-Q8WyfU,"How Gen Z and TikTok are changing the way we speak - The Global Story podcast, BBC World Service",@maroccoviver,2025-11-16T22:22:45Z,0,coucou cher andré quelle merveille bravoooo bonne nuit
p-N3-Q8WyfU,"How Gen Z and TikTok are changing the way we speak - The Global Story podcast, BBC World Service",@farahdeeba-bm5vx,2025-11-07T04:42:34Z,1,adopt word language example bombaclat mean
p-N3-Q8WyfU,"How Gen Z and TikTok are changing the way we speak - The Global Story podcast, BBC World Service",@heatherh5466,2024-12-02T17:48:47Z,0,parent blessed remember word big age epic amazeballs swag emo etc least mostly real word
p-N3-Q8WyfU,"How Gen Z and TikTok are changing the way we speak - The Global Story podcast, BBC World Service",@G.A-m1t,2025-05-03T07:31:33Z,0,interesting new easy fast access want use language identify
p-N3-Q8WyfU,"How Gen Z and TikTok are changing the way we speak - The Global Story podcast, BBC World Service",@Jaaj2009,2025-05-25T12:45:20Z,0,every generation come new cap
p-N3-Q8WyfU,"How Gen Z and TikTok are changing the way we speak - The Global Story podcast, BBC World Service",@clarissagafoor5222,2025-04-21T03:02:52Z,1,date learn genalpha vocab different again😂😅
p-N3-Q8WyfU,"How Gen Z and TikTok are changing the way we speak - The Global Story podcast, BBC World Service",@saminakousar4404,2025-11-05T16:23:44Z,0,impressing neils explaining talking learnt video
p-N3-Q8WyfU,"How Gen Z and TikTok are changing the way we speak - The Global Story podcast, BBC World Service",@ButtershyWise,2024-12-20T04:25:09Z,1,mean adult take joke study
p-N3-Q8WyfU,"How Gen Z and TikTok are changing the way we speak - The Global Story podcast, BBC World Service",@annemiura7767,2025-07-07T18:13:24Z,0,certain irony presenter delightful new zealand accent
p-N3-Q8WyfU,"How Gen Z and TikTok are changing the way we speak - The Global Story podcast, BBC World Service",@es-hs9fd,2024-12-27T17:13:27Z,0,fascinating language evolution devolution intrigued remember important aware respectful slang word used amongst college student used end class occasionally asking language update loved learning latest word used street student wondered cared would suggest take class shakespeare appreciate language changing make language altered amongst slave survival purpose finally wonder term dna similar chimpanzee bonobo eventually return grunt scream
p-N3-Q8WyfU,"How Gen Z and TikTok are changing the way we speak - The Global Story podcast, BBC World Service",@foxdenham,2025-04-30T08:39:14Z,1,answering every question posed inserting word explain answer day
p-N3-Q8WyfU,"How Gen Z and TikTok are changing the way we speak - The Global Story podcast, BBC World Service",@annebowman5954,2025-04-03T10:24:28Z,0,read regency era novel wherein character used expression language lower class sometimes employed young male member gentry across word obscure new word mention term mostly employed male circle period rapidly language changesthe number expression describe who inebriated example degree amazing sometimes funny quite poetic
p-N3-Q8WyfU,"How Gen Z and TikTok are changing the way we speak - The Global Story podcast, BBC World Service",@kkalyanikrishnasamy3203,2025-04-05T11:48:44Z,1,despite change english crucial role global society🎉
p-N3-Q8WyfU,"How Gen Z and TikTok are changing the way we speak - The Global Story podcast, BBC World Service",@indradarmaputra8049,2025-04-11T02:52:47Z,0,sumpah ngerti bahas apatpi tetap mencoba mencintai bahasa inggris
p-N3-Q8WyfU,"How Gen Z and TikTok are changing the way we speak - The Global Story podcast, BBC World Service",@ksbbsk0891,2025-05-11T06:20:01Z,0,take radical awesome old hat
p-N3-Q8WyfU,"How Gen Z and TikTok are changing the way we speak - The Global Story podcast, BBC World Service",@Kitschina,2025-05-06T08:04:25Z,0,slang use wicked started boston 1960s go thirty year
p-N3-Q8WyfU,"How Gen Z and TikTok are changing the way we speak - The Global Story podcast, BBC World Service",@chippychick6261,2024-12-04T20:04:07Z,0,wicked first word recognized bassackwards meaning
p-N3-Q8WyfU,"How Gen Z and TikTok are changing the way we speak - The Global Story podcast, BBC World Service",@cosmicrooster,2026-01-12T14:55:52Z,0,speak english second language using proper grammar pronunciation english friend family appreciate taking younger crowd attention respect
p-N3-Q8WyfU,"How Gen Z and TikTok are changing the way we speak - The Global Story podcast, BBC World Service",@samank8628,2024-12-28T20:06:58Z,1,younger millennial code language abbreviation esp multilingual tck raised often grandma perspective pronounced nearly decade ago used fomo verb academiclawyer strike balance protective language heritage word may subscribing mainstream medium play ear depending hope mass culture society whole strike balance ultimately
p-N3-Q8WyfU,"How Gen Z and TikTok are changing the way we speak - The Global Story podcast, BBC World Service",@girrlbyker,2024-12-04T13:34:08Z,2,surprised neil mention shift british english younger choosing use present perfect describing experience use past simple instead american english example film yet rather film broke leg rather broken leg
p-N3-Q8WyfU,"How Gen Z and TikTok are changing the way we speak - The Global Story podcast, BBC World Service",@markzanetti6228,2024-12-03T15:16:48Z,0,young often misspeak struggle communicate another listen conversation notice often need repeat adjust clarify word carry conversation true age group course
p-N3-Q8WyfU,"How Gen Z and TikTok are changing the way we speak - The Global Story podcast, BBC World Service",@franceshorton918,2025-10-10T14:19:54Z,0,remember older brother using word grouse game bird describe successful used word though cohort used different word grew christchurch new zealand rate change fast rizz interesting mother would rather ritzy admire original well designed high value postww slang suppose idea rizz mean used recently though gone
p-N3-Q8WyfU,"How Gen Z and TikTok are changing the way we speak - The Global Story podcast, BBC World Service",@eugenefedorenko9069,2024-12-11T16:36:58Z,0,feel english language extremely high level linguoplasticity feature make fairly applicable come expressing feeling thought language mirror culture case english mirror modern world
p-N3-Q8WyfU,"How Gen Z and TikTok are changing the way we speak - The Global Story podcast, BBC World Service",@yogikarl,2024-12-03T11:09:16Z,2,oscar wilde fashion ugly changed every month
p-N3-Q8WyfU,"How Gen Z and TikTok are changing the way we speak - The Global Story podcast, BBC World Service",@diyaauntie,2025-04-11T15:47:54Z,0,interesting branched observation ingroup outside group concept find difficult discussion privilege coopting language example black apply ingroup concept various cultural group including lgbtq would area continue discussion privilege language adoption
p-N3-Q8WyfU,"How Gen Z and TikTok are changing the way we speak - The Global Story podcast, BBC World Service",@edwardfan3052,2026-04-09T02:24:12Z,0,totally agree language used distinguish belonging group outsider trend accelerating extent nowadays within group struggle keep constant influx disappearance latest buzz word day word rage another day rendered obsolete
p-N3-Q8WyfU,"How Gen Z and TikTok are changing the way we speak - The Global Story podcast, BBC World Service",@ipuya,2025-05-20T04:24:14Z,0,interesting gen alpha use term interchangeably use traditional word talus king older mean traditional word replaced forgotten
p-N3-Q8WyfU,"How Gen Z and TikTok are changing the way we speak - The Global Story podcast, BBC World Service",@sangvuongdinh,2025-10-11T08:47:57Z,0,thật tuyệt khi tôi nghe bài này
p-N3-Q8WyfU,"How Gen Z and TikTok are changing the way we speak - The Global Story podcast, BBC World Service",@Mahendragurungsingtam,2025-04-22T02:42:46Z,0,help …now adapt going daughter year old called gen alpha🤣
p-N3-Q8WyfU,"How Gen Z and TikTok are changing the way we speak - The Global Story podcast, BBC World Service",@fredsoprano21,2025-05-17T10:46:56Z,0,paraguay happens new zeland country official lenguges paraguay spanisch guarani new zelenda inglish maori
p-N3-Q8WyfU,"How Gen Z and TikTok are changing the way we speak - The Global Story podcast, BBC World Service",@markzanetti6228,2024-12-03T15:19:03Z,0,young person tell struggling adulting case dealing bureaucracy dmv
p-N3-Q8WyfU,"How Gen Z and TikTok are changing the way we speak - The Global Story podcast, BBC World Service",@mishasworld718,2025-01-20T08:32:37Z,0,❤❤❤ extremely interesting esol teacher fascinating skibidi rizzler fanum tax 😅😅😅 kid grow internet weird mostly rubbish video skibidi toilet went viral became meme word taken used randomly sentence tbh sense younger thought funny cool 13yr old daughter told morning lipstick slay
p-N3-Q8WyfU,"How Gen Z and TikTok are changing the way we speak - The Global Story podcast, BBC World Service",@edimaraadamshaab6347,2025-11-01T13:03:51Z,0,funny rizz reminds stockard channings character rizzo grease😅 stylish charming
p-N3-Q8WyfU,"How Gen Z and TikTok are changing the way we speak - The Global Story podcast, BBC World Service",@m.walker2693,2024-12-04T09:49:41Z,0,noun used adjective part might influenced nonenglish speaker language family easily create verb noun english used world different native language background set rule apply regard usage language neednt necessarily follow english native grew
p-N3-Q8WyfU,"How Gen Z and TikTok are changing the way we speak - The Global Story podcast, BBC World Service",@anonymouse68,2024-12-26T03:58:58Z,1,switch soon hear uptalk voice
p-N3-Q8WyfU,"How Gen Z and TikTok are changing the way we speak - The Global Story podcast, BBC World Service",@Dan-sv3kz,2024-12-27T01:27:37Z,0,wolf live inside wolf cringes wolf academically interesting
p-N3-Q8WyfU,"How Gen Z and TikTok are changing the way we speak - The Global Story podcast, BBC World Service",@bertspringdog,2024-12-11T12:53:44Z,1,skibidi best drum bass mc
p-N3-Q8WyfU,"How Gen Z and TikTok are changing the way we speak - The Global Story podcast, BBC World Service",@chatroom101,2024-12-03T00:31:47Z,0,example trendy slang remember added bootylicious dictionary
p-N3-Q8WyfU,"How Gen Z and TikTok are changing the way we speak - The Global Story podcast, BBC World Service",@BariumCobaltNitrog3n,2025-05-06T12:58:55Z,0,skibidi root song zipadeedoodah song south disney allow film shown use song theme park animated film word use agree used hundred percent perfect
p-N3-Q8WyfU,"How Gen Z and TikTok are changing the way we speak - The Global Story podcast, BBC World Service",@fireyecat,2024-12-25T16:08:04Z,0,language keep evolving new word keep
p-N3-Q8WyfU,"How Gen Z and TikTok are changing the way we speak - The Global Story podcast, BBC World Service",@NOVAXZGAMING-P5zp,2025-08-26T14:27:30Z,0,praised book manifest unseen luna river finally regret whatsoever book genuinely opened eye manifestation finally make sense change experienced incredible deserves recommendation
p-N3-Q8WyfU,"How Gen Z and TikTok are changing the way we speak - The Global Story podcast, BBC World Service",@1MHCS,2024-12-11T18:49:54Z,1,refreshing intelligent open conversation interesting subject subject usually framed battle generation less love
p-N3-Q8WyfU,"How Gen Z and TikTok are changing the way we speak - The Global Story podcast, BBC World Service",@JessiePitt,2024-12-04T12:20:19Z,0,grew wicked australia teenager though well die natural death older
p-N3-Q8WyfU,"How Gen Z and TikTok are changing the way we speak - The Global Story podcast, BBC World Service",@RegCostello,2024-12-09T12:15:16Z,0,first heard uptalk 70 australian name
p-N3-Q8WyfU,"How Gen Z and TikTok are changing the way we speak - The Global Story podcast, BBC World Service",@MsGaella,2025-04-14T23:34:08Z,0,pet peeve sentence sister went store park
p-N3-Q8WyfU,"How Gen Z and TikTok are changing the way we speak - The Global Story podcast, BBC World Service",@arsenghazaryan1663,2026-04-27T09:42:11Z,0,explains social medium especially tiktok changing speak particularly among younger generation new word slang expression spread quickly online become part everyday language learned language evolving happening faster internet show change influence communication across different culture age group opinion interesting show powerful social medium shape express every day
p-N3-Q8WyfU,"How Gen Z and TikTok are changing the way we speak - The Global Story podcast, BBC World Service",@found_at_midnight,2025-05-12T00:03:41Z,0,rad dope gnarly real let skip ducked term used often 90 every generation lingo
p-N3-Q8WyfU,"How Gen Z and TikTok are changing the way we speak - The Global Story podcast, BBC World Service",@connectionista,2025-04-18T08:27:34Z,0,definitely gen alpha 9yearold taught word
p-N3-Q8WyfU,"How Gen Z and TikTok are changing the way we speak - The Global Story podcast, BBC World Service",@MichaelMossmanNZ,2025-05-06T19:53:44Z,0,speaking queen english happy hear pronounce letter zed ruin perfectly language pronouncing zee well pronouncing weird started air referring pumping tyre tyre tire thanks lucy guest bbcworldservice vid
p-N3-Q8WyfU,"How Gen Z and TikTok are changing the way we speak - The Global Story podcast, BBC World Service",@Chew81,2025-02-25T09:35:09Z,0,recent history teach regarding generational slang tends transient successive generation enters adulthood employment slowly steadily tend wean slang use remain usually regional slang might used generational slang
p-N3-Q8WyfU,"How Gen Z and TikTok are changing the way we speak - The Global Story podcast, BBC World Service",@TVTim86,2025-01-08T11:19:33Z,0,clearly old havent heard word
p-N3-Q8WyfU,"How Gen Z and TikTok are changing the way we speak - The Global Story podcast, BBC World Service",@msalman7691,2024-12-21T10:29:11Z,0,language remain changing since world preference practice remain changing experience response
p-N3-Q8WyfU,"How Gen Z and TikTok are changing the way we speak - The Global Story podcast, BBC World Service",@Salah_-_Uddin,2025-10-21T07:39:22Z,1,learn different accent language speak
p-N3-Q8WyfU,"How Gen Z and TikTok are changing the way we speak - The Global Story podcast, BBC World Service",@t.g.z.4372,2025-04-15T09:56:12Z,0,far skipidy may well written english first language dog breed netherlands meaning associated
p-N3-Q8WyfU,"How Gen Z and TikTok are changing the way we speak - The Global Story podcast, BBC World Service",@jcg333,2025-05-07T11:50:11Z,1,throughout history adolescent teenager rebelled older generation hormonal biology neurological development governs behavior necessary grow become independent yet foolishness bound heart child older generation must keep limit growth rebellion younger generation enough dat hormonal influence little neurological development wise decision use young readily understand young likely admit aging information demonstrably become wiser current self language expression phenomenon
p-N3-Q8WyfU,"How Gen Z and TikTok are changing the way we speak - The Global Story podcast, BBC World Service",@MiriamIsaacs,2025-06-08T23:58:01Z,0,philosopher max black taught ordinary language philosophy meaning lidged intent user
p-N3-Q8WyfU,"How Gen Z and TikTok are changing the way we speak - The Global Story podcast, BBC World Service",@benedictsakwa7456,2025-04-18T17:08:12Z,0,kenya sheng language teen conversation parent understand keep evolving
p-N3-Q8WyfU,"How Gen Z and TikTok are changing the way we speak - The Global Story podcast, BBC World Service",@jammingdan,2025-02-11T09:20:50Z,0,german swiss german expression example wicked geil used super use either
p-N3-Q8WyfU,"How Gen Z and TikTok are changing the way we speak - The Global Story podcast, BBC World Service",@mohandaskizhakke300,2025-04-14T04:47:46Z,0,enjoyed episode skibidi rizzetc etc trying use newgen word email became common new word crept life wth hell later revolution covid day wfh common word dink couple double income kid idk idc careand english interesting difficult india lord macaulay child convent educated urban using english home often mother tongue
qGx4VtwMnfM,Struggling to understand Gen Z Slang,@freddym99,2022-05-23T10:40:18Z,9792,old complaining listening genz slang angry old man noise
qGx4VtwMnfM,Struggling to understand Gen Z Slang,@lemonsniffs,2022-05-23T12:15:00Z,5330,translation genzer finna glow mine high key sus slower boomer lag dead as cringe trying buy better setup mine trash crazy slow lag playing valorant last night vibe experience gon yeet window cap lose game going throw window seriously genzer ceo misunderstanding want glow setup want whole as snack want better setup want havebe best around want otp absolute dog water want perfect mine trash genzer obviously snack actual audacity need take several seat incredibly rude need apologize almighty join realm genzers weak response chuggey as store currently serving complete incompetence second away posting thatll cancel severely planet responsible killing going succumb global warming financially socially recover unless glow setup date store serving complete incompetence post ruin reputation severely earth succumb global warming financially socially recover unless give better setup almighty resolution bet looking glow looking better setup absolute chill zdaddy rig iconic drip graphic card absolutely slap snatched stan absolute best rig iconic appearance graphic card absolutely amazing steal love genz defeated served period ill take done ill take mic drop man sweet hover plastic swipe card gucci awesome
qGx4VtwMnfM,Struggling to understand Gen Z Slang,@D4C_Gaming,2022-12-06T00:35:40Z,4111,member gen understand language generation
qGx4VtwMnfM,Struggling to understand Gen Z Slang,@Leto85,2022-06-20T08:37:17Z,5210,love rowan literarily oldest bunch speaks gen fluently
qGx4VtwMnfM,Struggling to understand Gen Z Slang,@Darth_Baggins,2022-05-23T14:19:45Z,3125,bit shocked rowan pause girl run loading bay door
qGx4VtwMnfM,Struggling to understand Gen Z Slang,@andresouzacomz,2024-04-17T13:24:04Z,137,imagine difficult understand nonnative english speaker
qGx4VtwMnfM,Struggling to understand Gen Z Slang,@Hypn00Toad,2022-05-23T11:41:08Z,3614,mean knew rowan mind year old surprised understands language
qGx4VtwMnfM,Struggling to understand Gen Z Slang,@kentrolla,2022-05-24T00:31:49Z,2470,rowan superior customer service skill dealing variety different customer playtech would closed long ago
qGx4VtwMnfM,Struggling to understand Gen Z Slang,@benzstevox6395,2022-05-23T15:48:25Z,2617,rowan management skill lacking he competent dealing customer
qGx4VtwMnfM,Struggling to understand Gen Z Slang,@Vikorlv,2022-05-23T13:47:05Z,1679,fun part competetent rowan come customer service
qGx4VtwMnfM,Struggling to understand Gen Z Slang,@Garthur0,2022-05-23T18:34:32Z,1763,fact rowan know genz slang funny yet fact mention he talking selling stuff funnier
qGx4VtwMnfM,Struggling to understand Gen Z Slang,@galacticagamer2000,2023-08-24T21:56:20Z,14,feel gen slang whole different language 😂😂😂
qGx4VtwMnfM,Struggling to understand Gen Z Slang,@Astral4820,2022-05-23T15:51:20Z,1130,little interaction ellie adam end laugh skit
qGx4VtwMnfM,Struggling to understand Gen Z Slang,@lolio5979,2022-05-23T10:10:14Z,1399,shocking rowan understood else explains ignores cause feel place found else language feel confident
qGx4VtwMnfM,Struggling to understand Gen Z Slang,@albratgaming2348,2022-05-23T14:50:13Z,911,loved end part old fuck laughed year agree fuck ellie
qGx4VtwMnfM,Struggling to understand Gen Z Slang,@Martyrofsand,2022-05-23T11:28:23Z,500,biggest laugh skit old feel sofuck dead
qGx4VtwMnfM,Struggling to understand Gen Z Slang,@Stevie8654,2022-07-27T20:46:15Z,1077,gen slang stuff middle aged parent 90 trying seem cool kid
qGx4VtwMnfM,Struggling to understand Gen Z Slang,@lawnmowerman7,2022-09-04T18:28:34Z,775,need often use personally genuinely andor honest every sentence
qGx4VtwMnfM,Struggling to understand Gen Z Slang,@matthewblank7691,2022-05-23T10:14:38Z,1446,listening felt listening speaks similar language mine example polish czech could figure talking context able translate word word
qGx4VtwMnfM,Struggling to understand Gen Z Slang,@darkin1484,2025-06-18T05:19:15Z,1,plot twist sold cardboard box
qGx4VtwMnfM,Struggling to understand Gen Z Slang,@gp9534,2023-02-26T00:17:09Z,886,millennial understood could talk using word finally understand first gen kid immigrant understand parent native tongue speak
qGx4VtwMnfM,Struggling to understand Gen Z Slang,@4nimatrix924,2022-05-23T13:14:55Z,649,struggling here translation given context adam help genz finna glow lookin upgrade mine high key sus mine suspicious slower boomer slower boomer slow grandad lag dead as cringe lag seriously cringe playing valorant last night playing valorant last night vibe vibe itwasnt fun lose gon yeet window cap gon throw window lying adam yeet yeets stock genz uhm ceo misunderstanding uhm ceo understand word mouth chris tucker rush hour want glow set want upgrade set want whole snack want playlook appealing want otp want page work together absolute dogwater trashshtgarbage adam call asks ellie help ellie invisible confusion genz visible confusion uhm actual audacity disrespect bxtch need take several seat sit as stoopid rowan hear bos music genz cheugy as store currently serving complete incompetence service basicout date as store completely incompetent second away posting thatll cancel end yalls whole career irrelevantdismiss severely planet responsible killing going succumb global warming financially socially recover boutta die global warming yall recover sociallyfinancially unless glow set unless yall incompetent mofos help upgrade set rowan bet okfor suregot youunderstand lookin glow chu looking upgrade absolute chill zaddy rig absolute finehandsomebest best rig set iconic drip immense swag graphic card absolutely slap snatched graphic card absolutely point stan obsessed genz period ill take end discussion ill take rowan sweet hover plastic sweet hover card payment gucci coolawesomegreat paycuts adam per hour ellie going edit here short explanation slang genz talk use slang doubt use slang feel somewhat forced fit narrative make sense nonetheless drip modern version swag typically refers one style clothingpersonalitymusic cool stylish guy fit drippin hot cringe refers embarrassment associate someonething actssay make feel ashamed awkward download tiktok youll find cringeworthy video sus popularized term game among short word suspectsuspicious someonething seemed untrustworthydishonestquestionable walking dark street place hella sus stan eminems song stan obsessive person hence became slang obsession
qGx4VtwMnfM,Struggling to understand Gen Z Slang,@DarbsRUs,2022-05-23T10:20:00Z,753,old find scarily relatable pretty sad need resort google understand
qGx4VtwMnfM,Struggling to understand Gen Z Slang,@chrislaws4785,2022-05-23T15:36:01Z,91,adam feel old allie old adam fuck
qGx4VtwMnfM,Struggling to understand Gen Z Slang,@binhhoangle889,2022-05-23T10:26:22Z,261,rowan manager struggled dealing type customer
qGx4VtwMnfM,Struggling to understand Gen Z Slang,@parthbansal2775,2022-05-23T10:26:47Z,144,rowan pay cut ellie hour noanyway
qGx4VtwMnfM,Struggling to understand Gen Z Slang,@Wolfbretzel,2022-05-27T11:14:25Z,762,end credit banter ellie adam best part skit
qGx4VtwMnfM,Struggling to understand Gen Z Slang,@chk5656,2022-05-23T16:43:53Z,290,uplifting young finally learning language
qGx4VtwMnfM,Struggling to understand Gen Z Slang,@angelesantana9413,2025-03-14T21:54:01Z,2,lol😂 australian 🇦🇺🌏🦘🪃🇬🇧🗣️ accent speed female customer manager speech end harder understand gen slang
qGx4VtwMnfM,Struggling to understand Gen Z Slang,@leslieleslie336,2022-06-30T04:56:54Z,546,gen buy recommend long understand talking
qGx4VtwMnfM,Struggling to understand Gen Z Slang,@powermonger9090,2022-05-23T11:40:18Z,9,hurt brain hearing felt twitch streamer trying act cool edgy end sound tool
qGx4VtwMnfM,Struggling to understand Gen Z Slang,@jaredw.7712,2022-05-24T14:20:56Z,848,remember teenager whole language parent old understand felt cool latest lingo dad midthirties understand lingo teenager use feel glorious love older understanding young rather thirty teenager day
qGx4VtwMnfM,Struggling to understand Gen Z Slang,@pranaychandra7589,2024-12-24T03:37:23Z,2,well genz slang british accent understand subtitle 😂😂😂
qGx4VtwMnfM,Struggling to understand Gen Z Slang,@BurntToast44242,2022-05-23T18:28:14Z,441,subtitle took brain cell simultaneously comitting apoptosis understand dialogue amazing writing
qGx4VtwMnfM,Struggling to understand Gen Z Slang,@sagemarie.,2022-05-24T02:24:55Z,376,irony gen stereotype girl dressed exactly mom 90s🤦🏽‍♀️
qGx4VtwMnfM,Struggling to understand Gen Z Slang,@veetour,2022-12-04T02:27:59Z,565,year speaking language different speak today
qGx4VtwMnfM,Struggling to understand Gen Z Slang,@Ozaron,2022-05-24T08:04:11Z,779,millenial existing internet enough end learning term wait day realise shit anymore
qGx4VtwMnfM,Struggling to understand Gen Z Slang,@jacobvriesema6633,2022-05-23T22:11:12Z,631,feel skit bone younger coworkers told slap day idea glad rowan figured
qGx4VtwMnfM,Struggling to understand Gen Z Slang,@drianch.563,2024-10-11T14:21:49Z,2,year later language obsolete today skibidi sigma
qGx4VtwMnfM,Struggling to understand Gen Z Slang,@metaljunkie8393,2022-11-30T20:45:29Z,621,gen talked goddamn mate talk ironically use slang meme next cap dog water used least day
qGx4VtwMnfM,Struggling to understand Gen Z Slang,@Vermouth_19,2022-05-23T10:15:15Z,1253,wrote skit research take assemble word question
qGx4VtwMnfM,Struggling to understand Gen Z Slang,@paulomeara7706,2022-05-23T10:08:16Z,25,love last comment feel dawn adam 🤣🤣🤣
qGx4VtwMnfM,Struggling to understand Gen Z Slang,@JorTanos,2022-05-23T17:46:41Z,27,love character break end feel old old completely loses train thought register fyou
qGx4VtwMnfM,Struggling to understand Gen Z Slang,@FlipFlappersClan,2025-10-28T00:40:34Z,0,farmost funniest video world speaking gen understanding sayimg
qGx4VtwMnfM,Struggling to understand Gen Z Slang,@undead_corsair,2022-05-27T22:20:55Z,456,millenials thought cursed deal boomer acting superior elder real curse sandwiched boomer zoomers along gen
qGx4VtwMnfM,Struggling to understand Gen Z Slang,@dukex123,2022-05-23T14:36:22Z,169,hoping rowan would respond hell
qGx4VtwMnfM,Struggling to understand Gen Z Slang,@MrAtoni,2022-05-23T10:08:50Z,113,episode honest blooper end laugh
qGx4VtwMnfM,Struggling to understand Gen Z Slang,@BionicHusky,2022-07-06T18:24:25Z,333,feel old feel smarter yet scared world
qGx4VtwMnfM,Struggling to understand Gen Z Slang,@eliluttrell7637,2022-05-23T17:45:28Z,91,rowan learned lingo move onto real career understand new hire rowan going anywhere playtech4life
qGx4VtwMnfM,Struggling to understand Gen Z Slang,@edwardgill1882,2022-07-07T17:56:23Z,336,joe tried speak future found english language changed devolved bizarre mixture valley girl innercity slang hillbilly various grunt
qGx4VtwMnfM,Struggling to understand Gen Z Slang,@InjusticeJosh,2025-07-28T15:39:18Z,1,love lara croft look red sunglass greenish tank top
qGx4VtwMnfM,Struggling to understand Gen Z Slang,@justinjones5778,2022-05-23T22:28:17Z,30,holy crap thought lara croft would today kid slang
qGx4VtwMnfM,Struggling to understand Gen Z Slang,@Quake3131,2022-05-23T10:07:52Z,230,amazed rowan able speak know… girl… edit karen need middle aged
qGx4VtwMnfM,Struggling to understand Gen Z Slang,@Pronchonche,2022-05-23T10:28:11Z,67,rowan set first contact case extraterrestial communication read room understand human emotion recognise poeple change article clothing compensates understanding else doesnt due limited ram pen location pay calculation
qGx4VtwMnfM,Struggling to understand Gen Z Slang,@nairocamilo,2022-05-23T10:03:29Z,193,bet rowan find script inspiring highly doubt
qGx4VtwMnfM,Struggling to understand Gen Z Slang,@luvshak3095,2022-11-09T04:02:01Z,107,point life ceo misunderstanding possibility punched throat would far north
qGx4VtwMnfM,Struggling to understand Gen Z Slang,@reaganjanaerichard5009,2022-08-10T22:31:41Z,256,funny edgy teen millennial used adult would understand listen kid sister talk likewhat fudge word mouth totally epic
qGx4VtwMnfM,Struggling to understand Gen Z Slang,@drmilkcow,2022-05-23T10:28:29Z,88,glad age understood understand sound crazy
qGx4VtwMnfM,Struggling to understand Gen Z Slang,@davidford85,2022-05-23T19:44:03Z,93,best joke whole well done ellie adam real
qGx4VtwMnfM,Struggling to understand Gen Z Slang,@Marc_Fuchs_1985,2022-05-23T11:39:54Z,29,talking feel weird understood crap close german adam legit
qGx4VtwMnfM,Struggling to understand Gen Z Slang,@idjles,2022-05-23T10:03:47Z,10,needed stop turn caption restart genxspeak kiwi genxspeak
qGx4VtwMnfM,Struggling to understand Gen Z Slang,@GrechStudios,2023-08-07T10:41:56Z,83,comment speak story every generation must face relevance feel youth humility acquire age
qGx4VtwMnfM,Struggling to understand Gen Z Slang,@FenrirWolfganger,2022-05-23T20:57:16Z,119,going cancel severely planet responsible killing going succumb global warming financially socially recover🤣🤣🤣 loved amazing writing brilliant hope
qGx4VtwMnfM,Struggling to understand Gen Z Slang,@jong3122,2022-05-24T15:09:41Z,169,situation feel rowan character earned paycheck dude know communicate customer sold expensive rig second flat
qGx4VtwMnfM,Struggling to understand Gen Z Slang,@soulassassin0g,2022-05-23T12:19:41Z,46,feel age genuinely day itll mean
qGx4VtwMnfM,Struggling to understand Gen Z Slang,@Chrono_Mitsurugi,2022-05-23T11:04:11Z,223,slang doesnt bother bother went karen hell put boomer karen sure hell aint putting baby karen
qGx4VtwMnfM,Struggling to understand Gen Z Slang,@dudeinadoughboy4327,2022-05-23T13:33:02Z,163,worst part across genuinely speak finally start learning slangwordsofthemonth mean theyve moved onto else
qGx4VtwMnfM,Struggling to understand Gen Z Slang,@bennyjames558,2024-11-05T07:51:48Z,0,ellie snack bit thought covered flip script around
qGx4VtwMnfM,Struggling to understand Gen Z Slang,@jefft5824,2022-07-06T01:59:00Z,360,working kid internet enough somehow fasttalking aussie accent definitely doesnt help though
qGx4VtwMnfM,Struggling to understand Gen Z Slang,@RoyReaperChill,2022-06-07T08:50:50Z,52,love last bit laugh hard hit true old feel sofuck genious
qGx4VtwMnfM,Struggling to understand Gen Z Slang,@DelonHoMusic,2023-11-13T21:05:56Z,38,fact mixed new zealand accent funnier thought gen slang american
qGx4VtwMnfM,Struggling to understand Gen Z Slang,@agiar2000,2022-05-23T10:25:56Z,151,millennial could understand customer initially surprised exists form slang sound new zealand america slang usually regional realized region anglophone internet course sound matter meatspace carried
qGx4VtwMnfM,Struggling to understand Gen Z Slang,@SternritterNTR,2022-05-23T10:04:51Z,64,ahhh horrifying benefit younger sibling understood
qGx4VtwMnfM,Struggling to understand Gen Z Slang,@kaloyanterziev3792,2023-07-10T15:44:58Z,0,genz understand word except yeet
qGx4VtwMnfM,Struggling to understand Gen Z Slang,@stormhound1973,2022-05-23T11:41:43Z,211,sheeesh bussin cap rowan went lowkey vibing running show pro hit different adam ellie feelin salty rowan goat
qGx4VtwMnfM,Struggling to understand Gen Z Slang,@iaincunningham2212,2022-05-23T10:04:26Z,31,love rowan come adam ellie wtf
qGx4VtwMnfM,Struggling to understand Gen Z Slang,@FlynnGorman,2022-05-24T02:55:58Z,246,needed gen translation finna abbreviation fixing meaning going glowup mental physical emotional transformation based change appearance following makeover case used mean upgrade highkey opposed lowkey truth mean sus abbreviation suspicious originating game among sus meant likely guy used describe questionable suspicious poor quality used emphasise figurative casean exaggeration mean truthfully case boomer person baby boomer generation though commonly used refer old gen lag slowingdown game deadass meaning seriously originating dead serious meaning laughing deadpan facial expression serious cringe someonesomething embarrassing awkward feel embarrassed ashamed valorant freetoplay firstperson hero shooter game popular moment vibe atmosphereexperience abbreviation loss meaning losing round game generally poorlya experience life yeet throw force meme yeet cap lie commonly used phrase cap mean telling truth serious ceo meaning known following trait descriptor used end sentence emphasise case originally used sentence ask often gym could shortened gym wholeass describing entirely thoroughly snack look originally used suggest youd taste person sexual connotation otp abbreviation true pairing meaning meant youis soulmate dogwater trash used describe dogwater used dog bowl would water drink referring feature somethingsomeone stand positive negative originally used emphasise characteristic loved somethingsomeone actual affirming serious take several seat trying hard perhaps ineffective sit quiet fool cheugyass cheugy mean mocking uncool touch common slang current generation as reiterates characteristic store cancel dismissreject someonesomething publically becomes irrelevant due current drama agree unacceptable planet responsible killing blaming older generation combat climate change gen fight fix setup meaning setup including keyboard mouse monitor microphone webcam accessory bet meaning sure problem agree confirming true originating bet understand andor help leave chill describing cool would problem zaddy describing sexually attractive originally describing sexually attracting man term sugar daddy meaning provide benefit pay sex rig custom setup setup iconic used describe approving manner suggesting could influential wellknown quality drip could attain cool stylish originally referring cool stylish outfit expensive jewellery slap describing excellent amazing originally description song slap groovy would want dance perhaps bass slapped percussively slapping string playing note emphasis snatched describing looking youd want grab quickly others could stan meaning obsessed would length mix stalker fan credited reference eminem song stan overlyobsessed fan period full stop meaning end sentenceargument else need sweet meaning awesome nice hover plastic plastic used refer creditdebit card due plastic material hover plastic refers holding card card reader using microchip paywave technology pay gucci meaning awesomecoolchill based expensive luxury fashion brand gucci hopefully helpful try slip unnaturally conversation gen individual might deadass cringe
qGx4VtwMnfM,Struggling to understand Gen Z Slang,@silverfireVRgaming,2022-05-24T04:27:27Z,521,gen understood year old son help work group gen zyounger millennials would string slang word together reality skit though
qGx4VtwMnfM,Struggling to understand Gen Z Slang,@TheOneAndOnlyNomad,2022-06-29T10:57:00Z,60,amount time rowan paycut others surprised paid
qGx4VtwMnfM,Struggling to understand Gen Z Slang,@hamwise881,2024-06-16T19:40:52Z,2,least believable part idea gen zer afford buy computer without mom dad
qGx4VtwMnfM,Struggling to understand Gen Z Slang,@PorkShark,2023-05-06T08:41:20Z,5,finna gen version wan gon glow better high key sus dead as cringe loss yeet throw cap bsno joke whole as snack attractive setup context otp true pairing perfect setup dogwater worse bet sure zaddy sexy man drip appearance slap amazing snatched fashionable stan formally stalker fan context stand quality period gen version nuff word similar hover plastic tap pay gucci goodnice
qGx4VtwMnfM,Struggling to understand Gen Z Slang,@DexTag,2022-05-23T10:11:53Z,93,mean obvious rowan would incompetent enough competent others capable sell either give away free
qGx4VtwMnfM,Struggling to understand Gen Z Slang,@myrech,2022-05-23T11:25:48Z,201,translation customer trying buy better setup mine trash slow lag playing valorant last night experience lose game going throw window seriously ceo misunderstanding want better setup want buy nice want perfect mine trash incredibly rude need apologize date store serving complete incompetence post ruin reputation severely earth succumb global warming financially socially recover unless give better setup underpaid employee looking better setup absolute best rig iconic appearance graphic card absolutely amazing steal love customer done ill take underpaid employee swipe card translation might little bit guy different accent
qGx4VtwMnfM,Struggling to understand Gen Z Slang,@thorandlundeve,2023-02-13T17:16:40Z,18,cat choose stay silent meow
qGx4VtwMnfM,Struggling to understand Gen Z Slang,@capp00,2022-05-23T14:47:52Z,527,13year old play game online generation slang better
qGx4VtwMnfM,Struggling to understand Gen Z Slang,@Alex-V.S,2022-11-17T16:15:33Z,4,dead died rolling bro gotchu bro thicc needed point
qGx4VtwMnfM,Struggling to understand Gen Z Slang,@Anachroschism,2022-05-23T10:35:20Z,8,prop delivering line definitely need outtake
qGx4VtwMnfM,Struggling to understand Gen Z Slang,@Aayush_Chawla,2025-07-29T12:35:55Z,0,need take several seat bro immediately sits
qGx4VtwMnfM,Struggling to understand Gen Z Slang,@cool-aquarian,2022-06-13T05:18:39Z,77,love rowan pick exact item customer want underneath front desk😂
qGx4VtwMnfM,Struggling to understand Gen Z Slang,@thealmightymexi,2022-11-08T12:18:50Z,114,definitely strange hear strung together heard spoken new slang interesting sure
qGx4VtwMnfM,Struggling to understand Gen Z Slang,@5bitcube,2023-11-25T15:10:38Z,14,mean went turbo mode genz slang comedic purpose natural process every language go every generation quite interesting tbh
qGx4VtwMnfM,Struggling to understand Gen Z Slang,@brenttprisleybalatero3562,2022-05-23T10:05:15Z,117,could rowan understood favourite star war episode phantom menace
qGx4VtwMnfM,Struggling to understand Gen Z Slang,@remuvs,2024-06-09T23:55:10Z,1,gen kid feel boomer listening
qGx4VtwMnfM,Struggling to understand Gen Z Slang,@neowolf09,2022-05-23T10:45:15Z,60,funny could gotten wanted quicker stated wanted quicker using slang need handle valorant
qGx4VtwMnfM,Struggling to understand Gen Z Slang,@tepidbalrog,2022-05-24T15:15:37Z,36,work nice vldl expanding hoping last foreign language film
qGx4VtwMnfM,Struggling to understand Gen Z Slang,@tatersalad76,2022-05-23T14:00:52Z,4,love rowan insane touch bos love he competent person
qGx4VtwMnfM,Struggling to understand Gen Z Slang,@iurymg,2022-05-23T10:16:05Z,5,old end followed fuck priceless
qGx4VtwMnfM,Struggling to understand Gen Z Slang,@dabioji7096,2022-05-23T15:04:10Z,5,feel deserves full series breakdow explain girl first sentence
qGx4VtwMnfM,Struggling to understand Gen Z Slang,@sonofawil,2022-07-25T16:30:38Z,5,gen word home shorty hellatrippin
qGx4VtwMnfM,Struggling to understand Gen Z Slang,@Complication84,2022-07-23T03:51:50Z,11,feel old line end best part
qGx4VtwMnfM,Struggling to understand Gen Z Slang,@themon-v1.0,2022-07-10T07:17:03Z,12,remember would trouble english class nerdy using acronym acronym accepted part everyday conversation entire set term learn whenever new game learn half game chat foreign language
qGx4VtwMnfM,Struggling to understand Gen Z Slang,@Raebees,2022-09-01T14:32:26Z,8,daughter niece talk understood entire would talk rowan cringe
qGx4VtwMnfM,Struggling to understand Gen Z Slang,@notisac3149,2022-11-15T11:25:05Z,195,may zoomer definitely took brain power process behind gen slang question whether simple typo new bit yet learn
qGx4VtwMnfM,Struggling to understand Gen Z Slang,@samerjurdi4517,2022-05-23T10:46:43Z,12,hear friend try talking feel slapping reality
qGx4VtwMnfM,Struggling to understand Gen Z Slang,@mantisguy746,2022-05-23T11:24:58Z,111,native speaker finding listening comprehesions easy finally challenge barely understood talking
qGx4VtwMnfM,Struggling to understand Gen Z Slang,@weerrpp,2022-05-23T10:06:34Z,99,part gen agree around age hard listen
qGx4VtwMnfM,Struggling to understand Gen Z Slang,@Gilly-bean,2022-05-23T10:09:15Z,13,love adam took seat told
qGx4VtwMnfM,Struggling to understand Gen Z Slang,@flutterchives,2022-05-24T15:35:42Z,7,hoping rowan would offended understand fuck fuck badger store
qGx4VtwMnfM,Struggling to understand Gen Z Slang,@fahkrudin98,2024-12-04T12:59:24Z,1,imagine store putting sign say dear gen speak english
qGx4VtwMnfM,Struggling to understand Gen Z Slang,@Neryman,2022-05-29T18:02:08Z,9,greeting germany thanks turn subtitle first long
qGx4VtwMnfM,Struggling to understand Gen Z Slang,@Bears11422,2022-05-23T10:19:39Z,4,season far rowan employee twilight zone
qGx4VtwMnfM,Struggling to understand Gen Z Slang,@HC-qe8ii,2024-05-03T07:15:03Z,1,skibidi dup dup gyatt real god cap fking brainrot
qGx4VtwMnfM,Struggling to understand Gen Z Slang,@SarcasticDuck,2022-05-23T10:03:58Z,211,mustve killed remaining braincells binge clip amber turd lawyer
qGx4VtwMnfM,Struggling to understand Gen Z Slang,@starslip8575,2022-05-24T13:41:39Z,6,love adam instantly obeys tell take seat
qGx4VtwMnfM,Struggling to understand Gen Z Slang,@iambeloved496,2024-04-18T03:35:25Z,1,side elderly want learn generation simple blunt straight point common sense
qGx4VtwMnfM,Struggling to understand Gen Z Slang,@funnybobjr,2022-12-07T02:04:23Z,97,friend recently blicky finna bark group message understood completely realized else work would mean
qGx4VtwMnfM,Struggling to understand Gen Z Slang,@MrKenpachi28,2022-06-18T19:36:02Z,6,teach grade accurate sure relieved ashamed understood rowan
qGx4VtwMnfM,Struggling to understand Gen Z Slang,@snaketh590,2022-07-02T00:24:47Z,7,love briefly start talking normal vocabulary moment rowan come
qGx4VtwMnfM,Struggling to understand Gen Z Slang,@JoshPlaysDrumz,2024-01-05T01:51:09Z,7,mba understand genz…mba stand master business administration
qGx4VtwMnfM,Struggling to understand Gen Z Slang,@wolfform,2022-05-23T11:16:56Z,6,young karen lucky find wild
qGx4VtwMnfM,Struggling to understand Gen Z Slang,@1Surge,2022-05-23T15:26:30Z,5,extra end discus age wonderful scripted
qGx4VtwMnfM,Struggling to understand Gen Z Slang,@samfragment302,2022-05-23T10:49:59Z,17,translation upgrade blatantly current run slow framerate lag annoying playing valorant last night enjoyable lose another game crappy going throw window joking understanding want upgrade want spec want computer absolutely perfect using current setup subpar audacious stop talking listen look stupid staff untrendy store acting incompetent close uploading social medium ruining reputation unless sell decent specced rowan understand completely want upgrade need computer absolute top spec cool graphic card amazing scary realistic make game look huge fan computer enough ill take rown nice pay contactless card translated millennial gamer
qGx4VtwMnfM,Struggling to understand Gen Z Slang,@wokeupfromsleep9401,2022-05-23T13:02:15Z,105,find fascinating internet age started globalize slang would would localized new zealand slang could recognize biggest takeaway skit
qGx4VtwMnfM,Struggling to understand Gen Z Slang,@ninjachannel007,2024-05-07T02:00:42Z,10,tune year hear kid kid
qGx4VtwMnfM,Struggling to understand Gen Z Slang,@CatalleyStormWrites,2022-07-16T21:27:19Z,11,mean slang recycled mind fun
qGx4VtwMnfM,Struggling to understand Gen Z Slang,@Shoup1155,2022-05-23T14:48:18Z,31,every generation different talking know talk properly though
qGx4VtwMnfM,Struggling to understand Gen Z Slang,@AllamAmjadOfficial,2026-01-08T22:21:05Z,0,vid hit different cap boom boom boom talkin whole diff code lowkey confused bussin ngl sheeesh gen lingo wild
qGx4VtwMnfM,Struggling to understand Gen Z Slang,@doommimic5433,2022-05-23T15:12:59Z,9,disliked slang perfect surprise rowan knew exactly cause online persona
qGx4VtwMnfM,Struggling to understand Gen Z Slang,@MichaelMEndenhall,2022-05-26T14:32:35Z,4,harder understanding word accent actual word
qGx4VtwMnfM,Struggling to understand Gen Z Slang,@GOKU-dq6mq,2022-11-21T18:39:40Z,12,put learning basic english slang thought could handle anglophone community able follow lecture scientific subject provided english first second proved wrong english
qGx4VtwMnfM,Struggling to understand Gen Z Slang,@di92jn,2022-05-23T10:40:22Z,6,glow glow transform transformation better high key straight sus suspicious dead as serious cringe embarrasing awkward vibe uncomfortable uneasy feeling lose yeet throw cap convey authenticity truth etymology temporary gold teeth named cap opposed permanent crown ceo known wholeass thoroughly committed completely well done snack look otp true pairing working well together dog water garbage trash audacity audacious take several seat need quiet listen implying current task cheugy fashion untrendy
qGx4VtwMnfM,Struggling to understand Gen Z Slang,@battlewithnox,2022-08-23T12:01:10Z,10,funny ellies confidence gettin crushed genz 😂😂😂
qGx4VtwMnfM,Struggling to understand Gen Z Slang,@paulroberts3639,2022-05-23T10:10:51Z,10,thought ellie going understood spoke customer parlance rowan prof hairy chested npc every second come rescue… surely ellie cooler motorcycle adam cool gen bother lingo
qGx4VtwMnfM,Struggling to understand Gen Z Slang,@RakeshEVS,2025-08-08T11:11:54Z,0,yr since uploaded get old lol😅
qGx4VtwMnfM,Struggling to understand Gen Z Slang,@Lo-Fi-_-Sushi,2022-05-23T11:55:35Z,50,millennial catch gen slang guess use social medias peace mind outside social medias hobby stuff
qGx4VtwMnfM,Struggling to understand Gen Z Slang,@volfcz,2022-05-24T08:40:02Z,23,half thought understand completely end slightly doubt laughing nervously red translation comment horror realized completely wrong laughed hard tea monitor thank spoonfeeding fact mid thirty clue younger gen
qGx4VtwMnfM,Struggling to understand Gen Z Slang,@mrfish9876,2022-07-23T05:54:34Z,26,gen humour completely changed week released old slang changed week week week reinventing entirely new language several time month dictionary latest slang compiled date
qGx4VtwMnfM,Struggling to understand Gen Z Slang,@TimmyTrollsYouAll,2026-04-10T21:44:47Z,1,society take step backwards humanity progress
qGx4VtwMnfM,Struggling to understand Gen Z Slang,@renagornquickblade997,2022-05-24T05:36:00Z,47,millennial understood however listening foreign language understand fluently speak gen slang learned
qGx4VtwMnfM,Struggling to understand Gen Z Slang,@TheSanityX,2022-05-24T08:08:19Z,18,accurate millenial felt old listening young enough understand
qGx4VtwMnfM,Struggling to understand Gen Z Slang,@CCV334,2022-05-24T01:18:01Z,9,surprised sense gen slang granted would use secession shit cap
qGx4VtwMnfM,Struggling to understand Gen Z Slang,@7CrystalMing4,2022-05-23T10:08:18Z,16,😂😂😂😂 especially adam who stan almost die laughing
qGx4VtwMnfM,Struggling to understand Gen Z Slang,@MaximilianDeutschland,2022-06-20T19:41:43Z,33,well playing entitled zoomer acting
qGx4VtwMnfM,Struggling to understand Gen Z Slang,@Will-yi2jq,2025-03-05T09:21:40Z,1,genzthe child almighty ceo skibiddy toiletz
qGx4VtwMnfM,Struggling to understand Gen Z Slang,@flannelpillowcase6475,2022-07-04T23:33:44Z,168,love internet destroyed respect elder mindset looking forward millennial year old nobody respected kid nobody respect adult make wan dig grave
qGx4VtwMnfM,Struggling to understand Gen Z Slang,@gamedevarchive614,2022-05-27T06:36:41Z,6,generational slang funny bunch cool slang word younger say remember psych joke exactly
qGx4VtwMnfM,Struggling to understand Gen Z Slang,@helpfuljump4260,2023-12-03T17:12:59Z,0,turn rowan married kid probably learned without realizing
qGx4VtwMnfM,Struggling to understand Gen Z Slang,@Animeman147,2022-05-28T16:50:15Z,578,reminds idiocracy english language deteriorated hybrid hillbilly valley girl inner city slang various grunt
qGx4VtwMnfM,Struggling to understand Gen Z Slang,@1ntoTheAbyss,2022-11-11T16:45:47Z,8,growing slang 90 sure fun
qGx4VtwMnfM,Struggling to understand Gen Z Slang,@kolbywilliams7234,2022-06-17T14:04:24Z,6,teacher confirm feel sometimes except access translator
qGx4VtwMnfM,Struggling to understand Gen Z Slang,@lunerlilly,2022-05-26T07:11:34Z,206,wanted new computer massive power upgrade sick computer lagging crapping shes annoyed going lose mind toss aggressively keep dealing threatened essentially record stupid store clerk ruin location reputation clerk solved problem saidi covered presented high end product drip express latest greatest old gamer case keep enough understand mean
qGx4VtwMnfM,Struggling to understand Gen Z Slang,@matthieuzglurg6015,2022-05-23T10:30:24Z,16,non native english speaker accent problem slang
qGx4VtwMnfM,Struggling to understand Gen Z Slang,@cowfishblobfish,2022-12-02T23:12:04Z,42,generation understanding slang stopped word rizz found meant month ago
qGx4VtwMnfM,Struggling to understand Gen Z Slang,@CommanderTavos99,2022-05-23T10:38:30Z,5,feel fact almost completely understood young girl definitely percent talking
qGx4VtwMnfM,Struggling to understand Gen Z Slang,@ashdonsimmons01,2022-07-10T10:07:24Z,7,year old understand funny confused
qGx4VtwMnfM,Struggling to understand Gen Z Slang,@AzureIV,2022-05-28T16:34:38Z,7,millennial born understood friend gen
qGx4VtwMnfM,Struggling to understand Gen Z Slang,@flutterchives,2022-05-24T15:34:10Z,29,love half term werent used correctly make funnier
qGx4VtwMnfM,Struggling to understand Gen Z Slang,@Cirathos,2024-01-20T13:09:24Z,27,believe gen slang happens try stupid look cool
qGx4VtwMnfM,Struggling to understand Gen Z Slang,@SleepyGuard,2022-05-23T17:11:44Z,37,30 understood every bit slang usedi may need outside
qGx4VtwMnfM,Struggling to understand Gen Z Slang,@justininexile3445,2022-05-23T11:05:49Z,10,understood girl mostly millennial slang glow stan couple gen popular word ofc overlap gen sister friend doesnt use example slang weirder slang using character movement hand express meaning
qGx4VtwMnfM,Struggling to understand Gen Z Slang,@RHCV888,2024-04-25T01:30:05Z,1,gen understood gen coworkers jibber jabber att make sense
qGx4VtwMnfM,Struggling to understand Gen Z Slang,@spacecaptain9188,2022-05-23T14:44:15Z,31,funniest part understood almost looked bit entirely sure gen word noice
qGx4VtwMnfM,Struggling to understand Gen Z Slang,@DarthKonrad,2022-05-23T10:12:11Z,5,switch close caption use deduction skill understand hope girl appears often
qGx4VtwMnfM,Struggling to understand Gen Z Slang,@OmegaZyion,2022-05-24T03:54:15Z,16,similar happened nephew talking game kept using word cracked idea talking turn cracked overpowered broken genz speak least millennial slang referring actual english word genz slang inbred version millennial slang arent referring actual english word slang word
qGx4VtwMnfM,Struggling to understand Gen Z Slang,@filip9587,2022-06-14T00:31:42Z,8,gen doesnt understand talk approve
qGx4VtwMnfM,Struggling to understand Gen Z Slang,@1.21gigawatts2,2022-05-25T02:04:04Z,11,dumb founded guy havent picked sitcom network totally twenty minute episode expand blossoming love story adam rowan
qGx4VtwMnfM,Struggling to understand Gen Z Slang,@bleukreuz,2022-05-24T01:49:25Z,10,early 30 understand stuff feel validated concerned year would probably understand
qGx4VtwMnfM,Struggling to understand Gen Z Slang,@johnnytadwell5976,2024-04-10T10:53:59Z,1,want understand brain doesnt listen idiotic
qGx4VtwMnfM,Struggling to understand Gen Z Slang,@pititbossou,2023-04-10T16:38:16Z,53,representation hearing australian accent make nearly incomprehensible know slang
qGx4VtwMnfM,Struggling to understand Gen Z Slang,@gabrielmarcus8331,2022-05-23T14:57:18Z,4,understood first dropped brain cell kudos rowan understanding culture feel left
qGx4VtwMnfM,Struggling to understand Gen Z Slang,@aelfricsyrax266,2022-07-31T20:51:47Z,7,gen couldnt decipher single sentence mouth 😱😱😱😱 ashamed
qGx4VtwMnfM,Struggling to understand Gen Z Slang,@DaBesst88,2024-07-04T08:24:09Z,0,rowan kill pay cut me😂😂
qGx4VtwMnfM,Struggling to understand Gen Z Slang,@hoola_amigos,2022-07-23T05:21:35Z,11,dude sooooo damn take massive stupid genz slang script hat
qGx4VtwMnfM,Struggling to understand Gen Z Slang,@sjwoo13,2022-07-21T18:33:41Z,18,fact actual discussion origin different interpretation certain phrase make wish could language expert year deciphering gen slang emoji speak legit actual debate pulling reference source lmfao
qGx4VtwMnfM,Struggling to understand Gen Z Slang,@EnderMon,2022-05-23T12:42:04Z,4,strong gen territory sure ashamed understood perfectly
qGx4VtwMnfM,Struggling to understand Gen Z Slang,@TennisRacket12,2022-06-27T20:06:38Z,8,keep somehow slang density make sort poetry
qGx4VtwMnfM,Struggling to understand Gen Z Slang,@ScarletStarAudios,2022-05-23T10:21:07Z,54,year old gen let go edit embarrassed understood slang tell
qGx4VtwMnfM,Struggling to understand Gen Z Slang,@Andrzej1967-p3l,2022-05-26T00:06:26Z,6,older vldl cast try keep language evolves feel reading clockwork orange first cap
qGx4VtwMnfM,Struggling to understand Gen Z Slang,@DreamingWizards,2022-05-23T10:12:15Z,7,gen gucci stan dare take away millennial slang
qGx4VtwMnfM,Struggling to understand Gen Z Slang,@thomasquinn5862,2022-05-23T10:12:17Z,8,gen person talk might hyper tech savvy chick girl bro last checked spoke english edit karen point addicted loser phone others spend room grinding elden ring rest life
qGx4VtwMnfM,Struggling to understand Gen Z Slang,@Aris_404,2024-02-16T20:25:42Z,0,let understand nonnative english speaker
qGx4VtwMnfM,Struggling to understand Gen Z Slang,@pgc6290,2023-06-02T19:12:31Z,6,influence soooo muchhhhh tell influencers matter till influencers popping
qGx4VtwMnfM,Struggling to understand Gen Z Slang,@CCoreOW,2022-05-23T10:15:59Z,17,sometimes wonder year old classified gen associate
qGx4VtwMnfM,Struggling to understand Gen Z Slang,@agiar2000,2022-05-23T10:24:16Z,15,adam who stan need start rap artist named marshall mathers better known
qGx4VtwMnfM,Struggling to understand Gen Z Slang,@greatcaledonianpenicillin5378,2022-07-05T01:09:06Z,36,realised slang used flavour language within certain area crossover neighbouring area rare occasion popular slang word would become global gen kid worldwide speak exact slang due internet mad time guess affecting slang english speaker
qGx4VtwMnfM,Struggling to understand Gen Z Slang,@rotatopotato5212,2022-07-13T14:32:44Z,20,heard gen talk haha😂 sprinkle condensed slang espresso heard glow setup kind based
qGx4VtwMnfM,Struggling to understand Gen Z Slang,@Lazarusis4ever,2023-08-14T07:32:52Z,2,god love accent woman explain shes slippery little peanut butter kittysorry
qGx4VtwMnfM,Struggling to understand Gen Z Slang,@eyesyt7571,2022-07-22T15:56:29Z,18,gen gen confuses love abbreviating leaving confused every abbreviation could stand thousand different want guess
qGx4VtwMnfM,Struggling to understand Gen Z Slang,@ziqman4552,2023-11-21T08:26:50Z,4,wan upgrade broken somewhere super laggy slow old man play valorant last night ruined game another lost gon kmsflip open translation
qGx4VtwMnfM,Struggling to understand Gen Z Slang,@TheWBWoman,2022-09-04T13:17:48Z,12,pretty funny parent genz teen understood
qGx4VtwMnfM,Struggling to understand Gen Z Slang,@Mr__Proxy,2025-08-02T10:40:52Z,0,stan blonde guy love write message adam
qGx4VtwMnfM,Struggling to understand Gen Z Slang,@NazoKiyoubinbou,2022-06-02T20:55:22Z,10,scare millennial almost fact would problem glow part course computer behind perfectly demonstrated obvious etymology term impossible figure instantly
qGx4VtwMnfM,Struggling to understand Gen Z Slang,@atharvadeshpande4749,2024-01-21T12:02:41Z,4,couldnt use air quote correctly whole life speaks language pretty fluently stan
qGx4VtwMnfM,Struggling to understand Gen Z Slang,@raykusengsky2205,2023-07-28T21:45:54Z,0,trying explain mom current social trend gen slang exists mom surprised pikachu face
qGx4VtwMnfM,Struggling to understand Gen Z Slang,@evananderson1455,2022-05-23T17:10:15Z,18,understand first convinced thick aussie accent fast talking problem actual word alsoi love gen tried cancel eminem yet use stan describe big fan
qGx4VtwMnfM,Struggling to understand Gen Z Slang,@madmike987655,2022-06-06T10:49:20Z,41,year old completely separate generation heard talking street annoying
qGx4VtwMnfM,Struggling to understand Gen Z Slang,@Mr-Tibbster,2022-06-30T11:12:07Z,20,life feel language taken unprecedented jump slang term extremely fast pace idea learning phrase secret internet page dictionary given kid latest phrase meme idea mean super old make feel boomer interacting discord server oldest sometimes make feel trying communicate another country speak another language
qGx4VtwMnfM,Struggling to understand Gen Z Slang,@Ensitrious1,2023-01-16T01:52:07Z,9,member gen truly idea keep slang word swear weirder every need dictionary point
qGx4VtwMnfM,Struggling to understand Gen Z Slang,@Khaos_Bringer,2022-05-23T10:06:51Z,10,understoodmost word individually feel meaning drastically different mean
qGx4VtwMnfM,Struggling to understand Gen Z Slang,@Siranoxz,2024-05-06T14:51:31Z,1,imagine speaking indicates entire insignificant life meme
qGx4VtwMnfM,Struggling to understand Gen Z Slang,@JohnSmith-td7hd,2024-04-07T20:25:39Z,7,worry year single slang word period used except cool
qGx4VtwMnfM,Struggling to understand Gen Z Slang,@GeoFry3,2022-05-23T11:14:15Z,19,crusty old bastard ran shit give decade ago easier dealing youngster embarrases sputter slang magically go away
qGx4VtwMnfM,Struggling to understand Gen Z Slang,@foxopossum,2022-11-19T13:21:25Z,5,love every generation different slang love keep tho 🤦🏻‍♀️
qGx4VtwMnfM,Struggling to understand Gen Z Slang,@МихайлоЛитвиненко-б9х,2023-11-07T20:51:17Z,3,struggle understand finna glow mine high key sus slower boomer lag dead as cringe playing valorant last night vibe gon yeet window cap planning significant enhancement personal computer setup current configuration appears notably outdated causing performance issue quite frustrating specifically run slower desired latency remarkably suboptimal recent experience playing valorant quite negative due issue encounter another loss game might consider replacing system
qGx4VtwMnfM,Struggling to understand Gen Z Slang,@TurtleDudeProd,2022-05-24T07:49:41Z,13,understood autism spectrum tend along best either younger older closest coworkers gen best friend cusp gen zmillennial picked
qGx4VtwMnfM,Struggling to understand Gen Z Slang,@talonthorn,2024-05-18T20:36:08Z,8,repeat want buy gaming computer word youve communicated clearly amazing
qGx4VtwMnfM,Struggling to understand Gen Z Slang,@mysticoverlord7531,2022-05-23T10:11:41Z,10,part glow whole as snack assume mean upgrade idea sound
qGx4VtwMnfM,Struggling to understand Gen Z Slang,@JamesonHuddle,2022-05-24T00:32:59Z,6,zoomer little cringe entirely understandable younger brother often responsible keeping updated slang subculture however life luck patience genuine desire understand others allow along better
qGx4VtwMnfM,Struggling to understand Gen Z Slang,@KindOldRaven,2022-05-23T10:36:16Z,8,feel extremely awkward gaming boomer aware term boomer aged poorly pun intended able without single questionmark mean spending guess reading reddit rupauls dragrace gave extra headstart
qGx4VtwMnfM,Struggling to understand Gen Z Slang,@DavidJones-ct7fw,2022-05-23T10:10:07Z,4,year old threw accent bit heavy weirdo pick slang light speed
qGx4VtwMnfM,Struggling to understand Gen Z Slang,@speakingwithoutnet,2022-05-23T11:16:47Z,4,knew thanks year old daughter fortunately doesnt use slang doesnt string along form entire sentence edit showed daughter utterly lost classmate use individual slang hearing together strange hip daughter
qGx4VtwMnfM,Struggling to understand Gen Z Slang,@JosephLeake-b5x,2025-03-21T16:55:23Z,0,spill drink keyboard use type gen slang born
qGx4VtwMnfM,Struggling to understand Gen Z Slang,@KaiDestinyz,2022-05-23T14:02:38Z,4,millennials pioneer invented slang afk nowadays confusing sometimes downright ridiculous
qGx4VtwMnfM,Struggling to understand Gen Z Slang,@onadorries3731,2023-11-16T19:45:57Z,1,son gen doesnt talk he bright
qGx4VtwMnfM,Struggling to understand Gen Z Slang,@E_D___,2024-07-03T23:20:32Z,0,meme become word memers rule
qGx4VtwMnfM,Struggling to understand Gen Z Slang,@__Burai__,2025-09-12T01:35:41Z,0,gon lie blood boiling gen slang 😂😂😂
qGx4VtwMnfM,Struggling to understand Gen Z Slang,@markguiritan2558,2024-03-01T23:46:40Z,0,need holly britt vldl happen please
qGx4VtwMnfM,Struggling to understand Gen Z Slang,@uzairmajeed5243,2023-08-17T17:11:25Z,1,scare understood every single word
pYOsZhxLSOM,The Disturbing Rise of Brain Rot Content for Kids,@VisualVenture,2024-07-18T05:43:33Z,991,howdy hope wonderful day best guy check internet destroyed gen alpha fall line situation
pYOsZhxLSOM,The Disturbing Rise of Brain Rot Content for Kids,@Slidered,2024-07-20T12:54:41Z,5293,worst brain rot directed towards child quick cash grab
pYOsZhxLSOM,The Disturbing Rise of Brain Rot Content for Kids,@Glitch-of6zr,2024-07-22T12:30:58Z,4350,giving kid ipads stuff year old absolutely crazy
pYOsZhxLSOM,The Disturbing Rise of Brain Rot Content for Kids,@elizabeth-y6e6f,2024-07-20T17:01:28Z,2695,described addiction kid addicted content virtual drug destroying brain meant developing need intervention
pYOsZhxLSOM,The Disturbing Rise of Brain Rot Content for Kids,@Day_Chap,2024-07-21T05:12:34Z,2219,parent traded childrens future cheap baby sitter internet
pYOsZhxLSOM,The Disturbing Rise of Brain Rot Content for Kids,@SprinkledFox,2024-07-20T05:31:54Z,2113,scare brain rot content fact parent give child unrestricted access internet demand
pYOsZhxLSOM,The Disturbing Rise of Brain Rot Content for Kids,@Slimeyshark6,2024-07-22T17:31:28Z,1100,babysit kid watch short overheard mom die tomorrow genuinely scare told mom laughed
pYOsZhxLSOM,The Disturbing Rise of Brain Rot Content for Kids,@乂,2024-07-20T04:58:57Z,2077,brainrot content truly disturbing stuff kid substance wonder attention span ruined
pYOsZhxLSOM,The Disturbing Rise of Brain Rot Content for Kids,@pixection9046,2024-07-20T15:42:05Z,1073,day tiktok installed neither used
pYOsZhxLSOM,The Disturbing Rise of Brain Rot Content for Kids,@Diddy1121,2024-11-26T23:11:45Z,1,binging mean brain rot loljk
pYOsZhxLSOM,The Disturbing Rise of Brain Rot Content for Kids,@holybamboozler,2024-07-26T01:50:25Z,572,today work met family year old girl restless cranky mom took stroller gave attention help gave pacifier helped second dad 4yo brother tried playing peekaboo absolutely mom pulled cocomelon tell little girl instantly settled started smiling became completely fixated screen else existed eerie least course parent took phone began fussing cry asked ton help busy kitchen make wonder
pYOsZhxLSOM,The Disturbing Rise of Brain Rot Content for Kids,@ambersummer2685,2024-07-25T11:36:18Z,924,parent thought sponge bob would rot brain early
pYOsZhxLSOM,The Disturbing Rise of Brain Rot Content for Kids,@Michael9-23-15,2024-07-23T03:02:27Z,535,parent need take responsibility child period
pYOsZhxLSOM,The Disturbing Rise of Brain Rot Content for Kids,@Spikey-d1c,2025-10-23T20:18:45Z,20,kid hate brainrot understand anymore make sense
pYOsZhxLSOM,The Disturbing Rise of Brain Rot Content for Kids,@greencityman420,2024-07-23T19:26:01Z,392,thought parent fair letting stuff kid thankful genuinely rot brain
pYOsZhxLSOM,The Disturbing Rise of Brain Rot Content for Kids,@deaconmikepray9793,2024-11-30T22:11:25Z,9,thanks breakdown student try explain brain rot affecting young folk today helpful
pYOsZhxLSOM,The Disturbing Rise of Brain Rot Content for Kids,@hymntothenight,2024-07-20T16:19:58Z,556,camp counselor work kid young theyll constantly skibidi rizzler gyatt ill ask mean theyll spend day speaking anyways
pYOsZhxLSOM,The Disturbing Rise of Brain Rot Content for Kids,@TheStarSailingRainbowLorikeet,2024-07-20T15:11:18Z,492,sequel internet destroyed generation alpha
pYOsZhxLSOM,The Disturbing Rise of Brain Rot Content for Kids,@soupi8437,2024-07-20T19:03:30Z,510,work preschool kid behind educational social emotional development absolutely awful
pYOsZhxLSOM,The Disturbing Rise of Brain Rot Content for Kids,@felucca,2024-09-13T19:16:42Z,13,funniest kareem shami looking better age normal experience achievement
pYOsZhxLSOM,The Disturbing Rise of Brain Rot Content for Kids,@PoshPigsHerd,2024-07-27T00:27:16Z,189,fact found enough year old hour screen study insane
pYOsZhxLSOM,The Disturbing Rise of Brain Rot Content for Kids,@trexinvert,2024-07-22T05:44:07Z,465,forget older kid old new internet hooked cellphone easy click news information world via news source real fabricated
pYOsZhxLSOM,The Disturbing Rise of Brain Rot Content for Kids,@geraldrollner4842,2024-07-21T18:11:05Z,857,hate journalism it´s screentime cause problem reality it´s kid look throw parent´s view internet slim idea child consume content boost development child encourages creativity parent need put effort find valuable internet material
pYOsZhxLSOM,The Disturbing Rise of Brain Rot Content for Kids,@OrangeDuck22,2024-12-05T21:24:07Z,4,thank opening eye research article accurate phone less try outside thank
pYOsZhxLSOM,The Disturbing Rise of Brain Rot Content for Kids,@borntoclimb7116,2024-07-20T08:34:02Z,452,sad rule censorship show brainless stuff kid problem existing year scam ad
pYOsZhxLSOM,The Disturbing Rise of Brain Rot Content for Kids,@anyamai1346,2024-07-27T18:12:19Z,213,noticed middle school year experienced effect brain rot affecting impulsiveness lack motivation study fully aware happening glad mom stepped stop late heart go child ruined internet
pYOsZhxLSOM,The Disturbing Rise of Brain Rot Content for Kids,@everythingthrice,2024-07-20T21:41:47Z,247,looksmaxing sound patrick bateman would preach
pYOsZhxLSOM,The Disturbing Rise of Brain Rot Content for Kids,@christianforbes-so3zl,2024-07-30T23:01:17Z,94,single father year old living country barely speak language kid grandmother life nearby help sometimes mean well pick son house sunday night want tablet crap throughout week begs thank share grandma
pYOsZhxLSOM,The Disturbing Rise of Brain Rot Content for Kids,@juznapticatb8242,2024-07-20T15:10:14Z,241,annoying imagine kid look grow
pYOsZhxLSOM,The Disturbing Rise of Brain Rot Content for Kids,@zukiosGD,2024-12-21T01:29:48Z,1,kid school skibidi kai cenat gyatt ohio rizz mewing
pYOsZhxLSOM,The Disturbing Rise of Brain Rot Content for Kids,@ARHSings,2024-07-20T18:48:31Z,363,teach ela high school number student addicted phone sickening year unit tell topic found online research reliable source hoping inspire least student look news
pYOsZhxLSOM,The Disturbing Rise of Brain Rot Content for Kids,@mya_xo,2024-07-20T22:25:41Z,222,every generation love hate next bash dolike defend brainrot gen alpha gen raising ipad kid terrified give kid access internet
pYOsZhxLSOM,The Disturbing Rise of Brain Rot Content for Kids,@ethananglin6795,2024-07-22T23:25:22Z,106,knew idiocracy based true story
pYOsZhxLSOM,The Disturbing Rise of Brain Rot Content for Kids,@Jaylato420,2025-01-01T12:42:06Z,0,mad lit mad lit god cap daughter say word spending night backyard
pYOsZhxLSOM,The Disturbing Rise of Brain Rot Content for Kids,@Mafufuasahina,2024-07-24T04:21:59Z,45,brainrot reason took break social medium deleted phone
pYOsZhxLSOM,The Disturbing Rise of Brain Rot Content for Kids,@leilacosta06,2024-07-21T16:56:58Z,276,noticed addicted tiktok deleted shit phone feeling minute tiktoks room would light dark scrolled hour away currently abt deleting instagram open reel far often free becomes reel far often…
pYOsZhxLSOM,The Disturbing Rise of Brain Rot Content for Kids,@boogrs55,2024-07-23T09:04:28Z,171,grew without phone majority childhood
pYOsZhxLSOM,The Disturbing Rise of Brain Rot Content for Kids,@ClaireDesrosiers-e8z,2026-05-09T17:36:24Z,1,friend keep stupid brain rot word sick
pYOsZhxLSOM,The Disturbing Rise of Brain Rot Content for Kids,@ZAYBUNY101,2024-07-21T03:34:05Z,34,giving kid gadget quiet could possibly wrong
pYOsZhxLSOM,The Disturbing Rise of Brain Rot Content for Kids,@tarraknyc,2024-07-20T11:17:50Z,64,cartoon less least longer video slow moving character story used kid instead phone shared experiencememory kid bought eink android tablet hoping would find educational apps apps flasy animation none worked eink
pYOsZhxLSOM,The Disturbing Rise of Brain Rot Content for Kids,@sweetstr3berries,2024-07-20T15:53:08Z,130,hard content creator sleep night ruined entire generation
pYOsZhxLSOM,The Disturbing Rise of Brain Rot Content for Kids,@stargazer162,2024-07-21T15:43:45Z,237,sticking gyatt rizzler consequence disaster human race
pYOsZhxLSOM,The Disturbing Rise of Brain Rot Content for Kids,@watchinfireflies7201,2024-08-05T19:10:27Z,97,fifteen year old son told word brain rot thirteen year old son showing symptom
pYOsZhxLSOM,The Disturbing Rise of Brain Rot Content for Kids,@Frisk-c8v,2024-07-20T15:57:13Z,260,year old friend first thought joking looked confused thisthen putting piece together realized problem want brain rot stop hear
pYOsZhxLSOM,The Disturbing Rise of Brain Rot Content for Kids,@falco5429,2025-05-24T04:01:45Z,5,saw facebook mother kid mother daughter keep sigma brainrot stuff mother laugh parent kid brainrotted
pYOsZhxLSOM,The Disturbing Rise of Brain Rot Content for Kids,@Highretrogamelord,2024-07-20T16:08:45Z,149,unfortunately worldwide problem germany parent giving child talking year onwards phone hand either spongebob
pYOsZhxLSOM,The Disturbing Rise of Brain Rot Content for Kids,@KatReich,2024-12-07T18:55:36Z,2,god ridiculous deleted social medium year ago excluded
pYOsZhxLSOM,The Disturbing Rise of Brain Rot Content for Kids,@neoasura,2024-07-20T19:33:06Z,129,blame content creator wanting money blame child sucked blame parent using internet babysitter
pYOsZhxLSOM,The Disturbing Rise of Brain Rot Content for Kids,@Shadow_Man2327,2024-07-21T00:07:55Z,281,scare met age teenage brain rot normal child functional braincells left
pYOsZhxLSOM,The Disturbing Rise of Brain Rot Content for Kids,@dragonunicorntv8367,2024-07-20T11:03:54Z,22,wonder kid angry device taken away
pYOsZhxLSOM,The Disturbing Rise of Brain Rot Content for Kids,@badat9312,2024-08-14T01:36:20Z,57,country apps tiktok instagram banned
pYOsZhxLSOM,The Disturbing Rise of Brain Rot Content for Kids,@thetreesspeakevietnamese,2025-02-17T03:56:43Z,0,finally actual genuinly content keep work
pYOsZhxLSOM,The Disturbing Rise of Brain Rot Content for Kids,@meatyfork,2024-07-21T03:53:25Z,114,yet parent let kid scroll away
pYOsZhxLSOM,The Disturbing Rise of Brain Rot Content for Kids,@demeter-the-great,2024-07-20T17:52:44Z,60,worry gen alpha relationship communication constant cheating future
pYOsZhxLSOM,The Disturbing Rise of Brain Rot Content for Kids,@azurefatew7444,2024-07-27T00:31:52Z,155,reminds mom telling rot brain apologize eye roll
pYOsZhxLSOM,The Disturbing Rise of Brain Rot Content for Kids,@ToxicMothBoi,2024-07-20T16:48:07Z,367,remember kid axolotl brain regenerate
pYOsZhxLSOM,The Disturbing Rise of Brain Rot Content for Kids,@fridaypinzerut2699,2024-12-05T01:07:46Z,1,thanks god escaped gen brainrot untill late left emotional
pYOsZhxLSOM,The Disturbing Rise of Brain Rot Content for Kids,@TomTom-yu1xp,2024-07-21T02:47:46Z,94,slang rizz evidence brain rot every generation produced overused slang others remembers 1960s confirm slang old fast disappeared became permanent part language looksmaxxing sound totally disturbing though want improve read book volunteer soup kitchen learn new language learn play musical instrument
pYOsZhxLSOM,The Disturbing Rise of Brain Rot Content for Kids,@travishillsthedarkangelbun504,2024-07-21T04:13:39Z,53,low income poor individual offended kid online shopping addiction teen spending thousand weekly aesthetic
pYOsZhxLSOM,The Disturbing Rise of Brain Rot Content for Kids,@davidlast4682,2024-07-22T10:10:53Z,74,hasnt happened suddenit slowly creeped generation generationgranted accelerating
pYOsZhxLSOM,The Disturbing Rise of Brain Rot Content for Kids,@themaskkidandplushes7220,2024-09-01T22:25:39Z,3,decided short life kid phone pad till
pYOsZhxLSOM,The Disturbing Rise of Brain Rot Content for Kids,@and_the_moon_rises,2024-07-27T06:15:38Z,97,year old would fit grouped millennials scared brave new world invented happiness pill mixed equal part arsenic bleach powder
pYOsZhxLSOM,The Disturbing Rise of Brain Rot Content for Kids,@GamebossUKB,2024-07-28T20:40:01Z,24,kid older thought culture ridiculous thought old understand old starting couldnt begin understand culture child involved day glad grew brainrot content hadnt become main stream yet
pYOsZhxLSOM,The Disturbing Rise of Brain Rot Content for Kids,@Vile_Entity_3545,2024-07-31T05:50:41Z,76,friend boy know every flag world know country border know every state america year ahead math peer father giving day tablet play game
pYOsZhxLSOM,The Disturbing Rise of Brain Rot Content for Kids,@ryana-ah901,2024-10-12T23:39:15Z,3,wonder cousin say word skibidi rizzler
pYOsZhxLSOM,The Disturbing Rise of Brain Rot Content for Kids,@proyappercore,2024-07-20T15:31:05Z,64,short attention span brain rot destroying youth
pYOsZhxLSOM,The Disturbing Rise of Brain Rot Content for Kids,@Sailor-Khione,2024-07-22T14:19:31Z,83,cousin love tik tok beauty channel tried buy woman foundation told need skin feel soft shes
pYOsZhxLSOM,The Disturbing Rise of Brain Rot Content for Kids,@jackwolfe338,2024-07-20T16:13:18Z,82,idea imposing line angle one face measure attractive toxic determine beaurty fucking trigonometry
pYOsZhxLSOM,The Disturbing Rise of Brain Rot Content for Kids,@lonewanderer2277,2024-12-29T01:23:09Z,5,take ipad away force kid play outside human being unrestricted internet access fastest ruin child kid hard need parent interact
pYOsZhxLSOM,The Disturbing Rise of Brain Rot Content for Kids,@WithDreday,2024-07-24T14:08:36Z,42,tried put regular cartoon nephew dashed remote turn brain rot content sad
pYOsZhxLSOM,The Disturbing Rise of Brain Rot Content for Kids,@fatcat1978,2024-07-22T01:19:57Z,161,gen gen tech savvy previous generation argue case worse uis device general gotten easy use kid learn troubleshoot shut manner unlike elderly mother whenever confronted unexpected theyve lobotomized via design ease use
pYOsZhxLSOM,The Disturbing Rise of Brain Rot Content for Kids,@Nunazac,2024-07-21T22:56:23Z,116,conflating language actual problem caused brainrot content accurate kid created slang expanded language used almost long language around brainrot content driving usage new slang pushing context point kid using word phrase may understand meaning thus brainrot
pYOsZhxLSOM,The Disturbing Rise of Brain Rot Content for Kids,@MoreVermillion,2024-08-31T09:36:16Z,1,imagine parent strict towards child would solve brain rot
pYOsZhxLSOM,The Disturbing Rise of Brain Rot Content for Kids,@AaravChouhan-m3o,2024-07-20T16:51:22Z,366,gen alpha kid year old want give perspective alarming issue undeniably tradgedy completely agree internet generation want speak issue whenever older kid born generation immediately fun generation take topic seriously spit absurd amount brainrot every conversation brainrot content influenced generation remain unaffected instance brainrot content started middle school last year going eighth grade want associated type child immature basic conversation overall wanted gen alpha kid doomed associate brainrot side
pYOsZhxLSOM,The Disturbing Rise of Brain Rot Content for Kids,@Zyruxy,2024-07-27T00:58:56Z,83,dreading job within year ill work kid exposed ton social medium brain rot since born glad born
pYOsZhxLSOM,The Disturbing Rise of Brain Rot Content for Kids,@timittheminit8462,2024-09-29T18:07:03Z,2,bro time less minute crazy
pYOsZhxLSOM,The Disturbing Rise of Brain Rot Content for Kids,@jumthro,2024-07-24T03:25:59Z,24,gatekeeping prevent inside joke becoming trending slang one fanum tax sigma stay
pYOsZhxLSOM,The Disturbing Rise of Brain Rot Content for Kids,@PEPERgan,2024-07-20T18:23:44Z,114,wait year old ppl tablet phone couldnt year old
pYOsZhxLSOM,The Disturbing Rise of Brain Rot Content for Kids,@NikiMatkeGames,2026-01-17T20:40:30Z,2,aesthetic dark aero furiger aero dorfic web
pYOsZhxLSOM,The Disturbing Rise of Brain Rot Content for Kids,@itsmeguys6321,2024-07-21T03:01:24Z,15,kid bitter adult insanely thankful parent expose tech unsupervised 8th grade bought phone flip keyboard play minecraft hour day point genuinely probably helped long run use social medium today
pYOsZhxLSOM,The Disturbing Rise of Brain Rot Content for Kids,@smr6141,2024-07-27T21:35:20Z,41,sister gen alpha constantly worried help realized late older generation fun walk collectively responsible helping correct point wish knew cuz weighing heavily heart little sister younger kid
pYOsZhxLSOM,The Disturbing Rise of Brain Rot Content for Kids,@Kuraiomo,2024-07-22T16:44:26Z,15,scary existing described lead sad empty life imagine wake every day existence free scroolling mindless social medium content end ammounts
pYOsZhxLSOM,The Disturbing Rise of Brain Rot Content for Kids,@Painjusu,2024-07-29T23:57:45Z,18,train today hour 34yo kid using smartphone scrolling ytshorts
pYOsZhxLSOM,The Disturbing Rise of Brain Rot Content for Kids,@BrooklynBwoii,2024-07-21T02:26:23Z,6,understand would let people opinion matter opinion
pYOsZhxLSOM,The Disturbing Rise of Brain Rot Content for Kids,@AMGR476,2025-01-01T20:04:32Z,0,erm sigma skibidi rizzler approved
pYOsZhxLSOM,The Disturbing Rise of Brain Rot Content for Kids,@CrazyCobraCC,2024-07-20T04:43:24Z,283,existed could edit mindless comment like
pYOsZhxLSOM,The Disturbing Rise of Brain Rot Content for Kids,@nyancatlover09,2024-08-12T16:47:40Z,14,reason poor second last year middle school addicted social medium specifically tiktok need video entertainment losing interest completing stuff homework gotten phone age age phone unless limitation social medium certain limit device done
pYOsZhxLSOM,The Disturbing Rise of Brain Rot Content for Kids,@Kaiwills2014,2024-07-23T22:05:16Z,101,gen alpha mom say hey wan play uno depending longer minute longer ill tell mom gim min imma finish done gim min screen play uno mom
pYOsZhxLSOM,The Disturbing Rise of Brain Rot Content for Kids,@ek9509,2025-01-14T17:38:35Z,1,look michelle pfeiffer scarface far left
pYOsZhxLSOM,The Disturbing Rise of Brain Rot Content for Kids,@merciajean6959,2024-07-22T02:46:19Z,80,communication word nerd thankyou bottom heart using word addictive instead addicting frightening social medium content changing language seeing incorrect word replacing actual word mean subject trying describe conversate addicting comfortability… maddening frustrating
pYOsZhxLSOM,The Disturbing Rise of Brain Rot Content for Kids,@controlledchaos4839,2024-07-22T01:55:23Z,6,amount brain cell collectively lost squidward conversation video start definitely billion
pYOsZhxLSOM,The Disturbing Rise of Brain Rot Content for Kids,@scharhrot666,2024-07-20T16:11:34Z,13,genuinely curious correlation challenge brought pandemic explosion brainrot online mentioned reduced grey matter symptom longterm covid feel pandemic trapped inside online brainrot stuff popular
pYOsZhxLSOM,The Disturbing Rise of Brain Rot Content for Kids,@TGR-rival,2024-07-23T17:29:35Z,29,year old hour screen brother wtf
pYOsZhxLSOM,The Disturbing Rise of Brain Rot Content for Kids,@KennyFromPH07,2024-07-20T18:52:29Z,8,man feel kind medium hooked tiktok short content farm except younger friend addicted
pYOsZhxLSOM,The Disturbing Rise of Brain Rot Content for Kids,@RAdams0617,2024-11-15T19:39:46Z,0,social medium company must held accountable promote content addictive possible destroying childrens development sake massive profit
pYOsZhxLSOM,The Disturbing Rise of Brain Rot Content for Kids,@Bent_Ed1ts,2024-07-24T03:12:03Z,7,glad visual live chat woulda true brainrot
pYOsZhxLSOM,The Disturbing Rise of Brain Rot Content for Kids,@hippiedude2232,2024-07-21T12:54:48Z,16,consuming negative news news publish negativity weather lady official wildfire started gender reveal gone wrong
pYOsZhxLSOM,The Disturbing Rise of Brain Rot Content for Kids,@Kafson,2024-07-20T23:08:53Z,26,gen alpha opposite tech savvy tool use described gen alpha think pay blocker
pYOsZhxLSOM,The Disturbing Rise of Brain Rot Content for Kids,@Amin.Ashraf,2024-07-20T23:20:57Z,46,heard conversation went son speak native language properly talk foreign language say mom friend perplexing tone usually left cartoon phone bother shes add
pYOsZhxLSOM,The Disturbing Rise of Brain Rot Content for Kids,@Reedemedknight,2024-07-22T03:45:54Z,5,hurt heart poor kid deserve better…
pYOsZhxLSOM,The Disturbing Rise of Brain Rot Content for Kids,@ObsidianObelisk17,2024-07-21T07:09:01Z,44,glad sens age seeing online kid content different generation work photo studio type take family photo graduation photo countless ipad kid would throw tantrum separated ipads saw kid entirely nonverbal locked phone tablet kid hadnt reached age could walk glued ipads colorful plastic case parent trying kid smile photo theyll tablet theyll show tablet default social interation second coworker saw family lead kid hallway holding tablet front kid seeing child nearly everyday
pYOsZhxLSOM,The Disturbing Rise of Brain Rot Content for Kids,@ElessarEstel,2024-07-24T11:55:24Z,4,kid arent allowed ipadsphones love fishing mountain biking kayaking cringe conversation public schooled peer started nonprofit homeschool kid live plenty social interaction child differentiate real life internet bull shit going giant problem within next year
pYOsZhxLSOM,The Disturbing Rise of Brain Rot Content for Kids,@Monster_Knight,2024-07-24T17:08:48Z,7,first phrase sigma roblox stupidest
pYOsZhxLSOM,The Disturbing Rise of Brain Rot Content for Kids,@CaptainMarvelsSon,2024-07-20T18:20:43Z,77,grateful grew internet played outside talked friend face face screen saturday morning cartoon must show school
pYOsZhxLSOM,The Disturbing Rise of Brain Rot Content for Kids,@mazz444,2024-07-26T14:31:01Z,9,amount physical mental damage change late beyond comprehension
pYOsZhxLSOM,The Disturbing Rise of Brain Rot Content for Kids,@Zappypaddles,2024-07-22T04:31:02Z,58,younger cousin insane bouncing wall sense sentence constantly need screen distract sad real brainrot younger generation
pYOsZhxLSOM,The Disturbing Rise of Brain Rot Content for Kids,@Itz_turquiose69,2024-07-27T10:57:35Z,4,brainrot content disease child spent ipads
pYOsZhxLSOM,The Disturbing Rise of Brain Rot Content for Kids,@KasaCheem,2024-07-24T14:41:16Z,13,younger cousin somewhere around stop skibidi everybit wellbeing felt sorry disappointed uncle mostly busy work told need monitor child internet consumtion shugged may entered era brainrot ugandan knuckle grown wise let hope generation brain rotted child grow wise
pYOsZhxLSOM,The Disturbing Rise of Brain Rot Content for Kids,@ckwastaken,2024-08-06T01:10:29Z,17,petition google add button setting hide short stuff
pYOsZhxLSOM,The Disturbing Rise of Brain Rot Content for Kids,@conop-n4f,2024-07-22T21:27:37Z,5,american reminder adult participating trend ability vote take
pYOsZhxLSOM,The Disturbing Rise of Brain Rot Content for Kids,@Xelann,2024-07-23T00:49:17Z,15,brain rot content exist demand child unlimited internet access solution parent spend kid parent struggle living work job kid real solution basic necessity affordable give worker living wage parent parent without choosing paying bill sacrificing child health
pYOsZhxLSOM,The Disturbing Rise of Brain Rot Content for Kids,@IceCube_eee,2025-10-28T21:22:00Z,3,brain rot exist world would saved
pYOsZhxLSOM,The Disturbing Rise of Brain Rot Content for Kids,@Торнадоплюспетарда,2024-08-23T17:21:15Z,13,1980our world better 2012our world better 2019our world better 2024lmao invented eye candy skip day long enough rot brain away
pYOsZhxLSOM,The Disturbing Rise of Brain Rot Content for Kids,@xrinive,2024-07-21T14:00:05Z,5,want pause thank speaking mob wife aesthetic italy mafia significant issue causing death innocent men woman child every year scared going alone gang k1ll romanticize let continue promote awareness support initiative aim combat organized crime honor victim suffered impact thank
pYOsZhxLSOM,The Disturbing Rise of Brain Rot Content for Kids,@dearpetsufferer,2024-08-24T10:11:06Z,67,gen alpha absolutely traumatized friend behavior
pYOsZhxLSOM,The Disturbing Rise of Brain Rot Content for Kids,@C4llm32,2024-09-01T19:50:23Z,1,reason gen alpha addicted phone lazy parent
pYOsZhxLSOM,The Disturbing Rise of Brain Rot Content for Kids,@crepesoul,2024-08-27T15:00:46Z,11,owe huge apology new gen hurt internet become hope apps government stop poor kid
pYOsZhxLSOM,The Disturbing Rise of Brain Rot Content for Kids,@saramarie5164,2024-09-26T13:01:24Z,1,monitoring screen buying screen start parent
pYOsZhxLSOM,The Disturbing Rise of Brain Rot Content for Kids,@ivydunbar,2024-07-21T22:52:05Z,42,preschool teacher easily tell unlimited access internet doesnt huge problem glad finally talking
pYOsZhxLSOM,The Disturbing Rise of Brain Rot Content for Kids,@mr.monkeytail9059,2024-09-01T18:25:57Z,52,ran legit tik tok correct time headache dealing type folks🤦🏾‍♂️
pYOsZhxLSOM,The Disturbing Rise of Brain Rot Content for Kids,@vac-dude9190,2025-01-02T20:35:35Z,1,next asks gyatt gon tell admin harassed
pYOsZhxLSOM,The Disturbing Rise of Brain Rot Content for Kids,@Turtle16834,2024-07-20T16:23:40Z,8,tell speak fancy posh loser use brainrot language friend use
pYOsZhxLSOM,The Disturbing Rise of Brain Rot Content for Kids,@unicornpupart,2024-11-22T01:24:48Z,30,documentary talking hurt brain stupid waste documentary though love editing
pYOsZhxLSOM,The Disturbing Rise of Brain Rot Content for Kids,@Blade29894,2024-07-20T21:35:48Z,17,remember scrolling short bit saw account wanted mafia grew background image pretty woman black dress clowning obvious young girl caught romanticization kind stuff hate gen hating gen alpha participating brain rot one created hate world whole doomed start caught day dreaming homeless cat rather human kid brain rot tiktok school amount disrespect towards teacher minority student messing gotten point average respect kindness along common sense genius kind person talent scared school amount harmful trend going world normalization mean cruel
pYOsZhxLSOM,The Disturbing Rise of Brain Rot Content for Kids,@joshuajarret6907,2024-10-22T21:58:28Z,0,glad phone 6th grade growing blue clue octonauts curious george helped become person today feel kid barely feel sympathy parent
pYOsZhxLSOM,The Disturbing Rise of Brain Rot Content for Kids,@vizthex,2024-07-21T05:25:48Z,13,gen alpha definitely tech savvy idea file system navigate taught multiple time damn near praying change though cuz damn tired refuse learn basic phonescomputers use day
pYOsZhxLSOM,The Disturbing Rise of Brain Rot Content for Kids,@MushroomEater64,2024-07-20T19:36:38Z,16,whats worse put age restriction child lie age access
pYOsZhxLSOM,The Disturbing Rise of Brain Rot Content for Kids,@TheInsider-gh3jd,2024-11-03T21:07:24Z,1,screwing hoi4 game suffer brainrot achieve otherwise
pYOsZhxLSOM,The Disturbing Rise of Brain Rot Content for Kids,@SashaWaybrightAndCassieGaming2,2025-09-23T20:28:56Z,4,letting child near brainrot brainrot hesitate disown
pYOsZhxLSOM,The Disturbing Rise of Brain Rot Content for Kids,@Trabunkle,2024-09-25T03:12:50Z,1,focusing entirely outside lead empty hole inside filled
pYOsZhxLSOM,The Disturbing Rise of Brain Rot Content for Kids,@MfQtaesankitty,2024-11-27T15:06:55Z,6,help first vid wtf mogged search moved
pYOsZhxLSOM,The Disturbing Rise of Brain Rot Content for Kids,@Jerrycourtney,2024-07-22T00:52:58Z,9,maybe real brain rot friend along
pYOsZhxLSOM,The Disturbing Rise of Brain Rot Content for Kids,@ignorantfoolartur9242,2024-07-20T19:34:30Z,18,born internet day teen early adult year age fall depression insecurity damage outlook reality doubt true potential sad
pYOsZhxLSOM,The Disturbing Rise of Brain Rot Content for Kids,@Beanielandia,2024-09-03T21:11:49Z,1,younger mystery science educational mom nonsense learned started cartoon vivid memory shape video number video learned division parent phone young memory show number speak popular fandom shorter
pYOsZhxLSOM,The Disturbing Rise of Brain Rot Content for Kids,@GammaGadget,2024-07-21T02:32:23Z,5,thirteen admit internet addiction trying hardest rely sure internet use worth essay informational video learning scared fall trap brainrot
pYOsZhxLSOM,The Disturbing Rise of Brain Rot Content for Kids,@mysticrealmsnovels,2024-09-03T06:17:06Z,4,suffers dissociation stare ptsd response created extreme trauma
pYOsZhxLSOM,The Disturbing Rise of Brain Rot Content for Kids,@HenriDrew-km4le,2024-07-20T05:11:42Z,37,brainrot trully sad sadly accept
pYOsZhxLSOM,The Disturbing Rise of Brain Rot Content for Kids,@painpeko8524,2024-10-06T08:27:38Z,0,quote new generation hope greater future
pYOsZhxLSOM,The Disturbing Rise of Brain Rot Content for Kids,@maxdoodleplays3072,2024-07-20T16:12:00Z,49,sad gen glad stuff hate screen happens stuff addictive real stop try keep real world though
pYOsZhxLSOM,The Disturbing Rise of Brain Rot Content for Kids,@Willie5000,2025-04-27T17:44:30Z,3,sad part tell joke half meme culture operated multiple layer irony
pYOsZhxLSOM,The Disturbing Rise of Brain Rot Content for Kids,@Iceman-hb3uk,2024-07-27T15:59:41Z,4,around year ago brain rot dumb shit streamer swearing screaming worst similar speed holy shit newer generation falling exactly skibidi stuff head toilet done gmod understand either funny entertaining lot random dumb shit
pYOsZhxLSOM,The Disturbing Rise of Brain Rot Content for Kids,@Justjake2011,2025-03-25T03:03:36Z,2,going talk fanum broke wooden board door food
pYOsZhxLSOM,The Disturbing Rise of Brain Rot Content for Kids,@liowjuncen7534,2024-07-20T15:49:20Z,11,thou kindabit brainrot kid word
pYOsZhxLSOM,The Disturbing Rise of Brain Rot Content for Kids,@AbyGabarrete,2025-02-13T13:54:26Z,3,brother first phone watch brainrot old day first phone
pYOsZhxLSOM,The Disturbing Rise of Brain Rot Content for Kids,@Anthrax_123,2025-11-01T16:04:20Z,1,hurting brain acid trip minus acid
pYOsZhxLSOM,The Disturbing Rise of Brain Rot Content for Kids,@hn1f,2024-07-20T18:41:25Z,41,brain rot taking new generation year ago mlg taking new generation year ago taking new generation year ago internet taking new generation year ago arcade taking new generation year ago rock roll taking new generation
pYOsZhxLSOM,The Disturbing Rise of Brain Rot Content for Kids,@XxJahilioan45xX,2024-12-28T07:18:27Z,2,dad asked skibidi mean younger sister struggled explain asked brainrotted friend finally explained lucky use word
pYOsZhxLSOM,The Disturbing Rise of Brain Rot Content for Kids,@airapapa1940,2024-07-22T03:23:11Z,5,irony kind type brainrot content else self aware doom scroller
pYOsZhxLSOM,The Disturbing Rise of Brain Rot Content for Kids,@fartkerson,2024-07-22T11:22:34Z,22,brainrot medium content targeted child heard focused learning history science music gaming guess targeted phenomenon point completely outside bubble content algorithm awful miss old internet
pYOsZhxLSOM,The Disturbing Rise of Brain Rot Content for Kids,@JC0356,2024-07-23T12:13:52Z,9,ironically shortened attention span screen jump every second another scene
pYOsZhxLSOM,The Disturbing Rise of Brain Rot Content for Kids,@TijnRooyackers,2024-10-23T08:16:12Z,1,bro say mad lit god
pYOsZhxLSOM,The Disturbing Rise of Brain Rot Content for Kids,@kingpluto555,2024-07-21T23:55:10Z,6,fun fact memezee satire fun gen alpha humor behavior
pYOsZhxLSOM,The Disturbing Rise of Brain Rot Content for Kids,@stevenbrown4001,2024-11-21T11:10:52Z,1,man glad grew kid play outside cell phone flip phone kid smart phone ipads extremely young brain rot
pYOsZhxLSOM,The Disturbing Rise of Brain Rot Content for Kids,@DALEFROMJAIL,2024-07-20T17:51:16Z,40,adult use tiktok slang cringe gen gen suppose 90 baby 2000s baby
pYOsZhxLSOM,The Disturbing Rise of Brain Rot Content for Kids,@Thatonekidstillhere,2024-07-24T02:05:52Z,31,looked comment find couldnt rear end gen given tablet unrestricted internet access talkative child silenced given tablet friend covid happened couldnt remember friend simple task remember task asked wish knew stop barely remember important event life similar situation please talk life outside internet please tell lot love reader comment
pYOsZhxLSOM,The Disturbing Rise of Brain Rot Content for Kids,@tarruvi,2024-07-22T22:55:17Z,20,absurd beauty standard look look fake using looked fine behind wanting improve oneself point becomes others
pYOsZhxLSOM,The Disturbing Rise of Brain Rot Content for Kids,@stimrizzler,2024-07-23T03:23:31Z,7,millennials net speak early 2000s
pYOsZhxLSOM,The Disturbing Rise of Brain Rot Content for Kids,@Goofynorwaymapper,2024-10-07T02:14:51Z,2,glad childish behaviour sending best brightest well considering gen alpha born start gen alpha act childish
pYOsZhxLSOM,The Disturbing Rise of Brain Rot Content for Kids,@dstuck6948,2024-09-18T08:20:06Z,0,someone house pick somebody ended going inside daughter roughly ipad hand child gon depressed shes sad
pYOsZhxLSOM,The Disturbing Rise of Brain Rot Content for Kids,@tomomihisaya,2024-07-22T10:38:44Z,28,happening japan dad iq lower due dysgenics soft society allowing reproduce absorb resource decided want dumb anymore entire family smart dedicated self development teaching philosophy reading maintaining high grade understand learning school rather studying sake help sister philosophy physic degree brother taught science philosophy friend outside school scientifically inclined well discussing science half sister suffer black white used open opinion
pYOsZhxLSOM,The Disturbing Rise of Brain Rot Content for Kids,@grus.clausen,2024-07-25T12:17:03Z,71,gen alpha tech savvy clue electronics damn phone tablet maybe console
pYOsZhxLSOM,The Disturbing Rise of Brain Rot Content for Kids,@kaitlinx978,2024-07-20T22:01:26Z,46,psychologist new phenomenon definitely damaging clarify less grey matter general refers less new neuron pathway mean ability decision reduced mean new schema association essentially enhancing brain damaging
pYOsZhxLSOM,The Disturbing Rise of Brain Rot Content for Kids,@whitezkullgamer1018,2024-09-04T09:04:46Z,1,last long attention span brainrot optimus voice wheres non brainrot127
pYOsZhxLSOM,The Disturbing Rise of Brain Rot Content for Kids,@Lemerksiscool,2024-07-20T16:40:31Z,30,guy brainrot existed skibidi toilet cocomelon used
pYOsZhxLSOM,The Disturbing Rise of Brain Rot Content for Kids,@darthjoshyboy,2024-10-25T16:23:29Z,3,looksmaxing implemented society relationship effected harder relationship especially guy easily judged woman based look change unless procedure make look worse opinion
pYOsZhxLSOM,The Disturbing Rise of Brain Rot Content for Kids,@user-yh3wb,2024-07-21T16:57:30Z,16,big part problem giving kid screen first ipad year old allowed hour day phone allowed unlimited year old four hour screen crazy
pYOsZhxLSOM,The Disturbing Rise of Brain Rot Content for Kids,@kimberlyblumberg1153,2024-10-13T05:35:08Z,1,losing childhood innocence helped away pushing toward stuff tf2 call duty kept brainrot
pYOsZhxLSOM,The Disturbing Rise of Brain Rot Content for Kids,@ItsImaginator,2024-07-20T04:39:43Z,5,look another gen alpha situation let going
pYOsZhxLSOM,The Disturbing Rise of Brain Rot Content for Kids,@rxcl79g,2024-12-26T01:18:03Z,13,child event volunteered playing kind video half kid uncomfortable probably bright color fastpaced nature naked image parent wanted sue event psychological reason child traumatized event powerful traumatized
pYOsZhxLSOM,The Disturbing Rise of Brain Rot Content for Kids,@toshiro4399,2024-07-20T19:01:13Z,8,born age around parent gived tablet phone gived phone grew book school best knew write read perfectly feel kid dumb 9th grade teenager read write learned language year old generation kid smart raised part brainrot sad aged ofensive generation day sorry english native language
pYOsZhxLSOM,The Disturbing Rise of Brain Rot Content for Kids,@Korobka737_,2024-07-20T04:38:13Z,11,yay another discussing ipad kid problem
pYOsZhxLSOM,The Disturbing Rise of Brain Rot Content for Kids,@Parmesanity,2024-08-01T21:37:01Z,4,remember brainrotted somehow able break brainrot
pYOsZhxLSOM,The Disturbing Rise of Brain Rot Content for Kids,@johnromermartinpalacio4980,2025-02-21T04:48:43Z,2,become parent supervise whatever kid phone reach
pYOsZhxLSOM,The Disturbing Rise of Brain Rot Content for Kids,@angel_viii,2024-07-20T18:33:03Z,16,gen alpha studying worried scared affect memory problem solving skill probably gon fix screen wish late fix lifeeeeeeeee😭
pYOsZhxLSOM,The Disturbing Rise of Brain Rot Content for Kids,@babydragon96,2025-10-24T13:53:45Z,1,hears check comment hate meme
pYOsZhxLSOM,The Disturbing Rise of Brain Rot Content for Kids,@mjcruz2282,2024-07-21T08:29:50Z,18,person 8th grade13 unfortunately barely pas bunch gen alpha slang tell curiosity anymore
pYOsZhxLSOM,The Disturbing Rise of Brain Rot Content for Kids,@Kiannka,2024-07-21T12:27:49Z,5,looksmaxxing think hunter eye look cold aggressive instead attractive stare intensely
pYOsZhxLSOM,The Disturbing Rise of Brain Rot Content for Kids,@PROfessionalProGamer24,2024-09-25T20:20:50Z,1,rip child personally phone brainrot everywhere
pYOsZhxLSOM,The Disturbing Rise of Brain Rot Content for Kids,@jhhwild,2024-07-20T16:26:22Z,18,generation think next generation doomed neverending cycle
pYOsZhxLSOM,The Disturbing Rise of Brain Rot Content for Kids,@mysticrealmsnovels,2024-09-03T06:22:27Z,14,90 kid parent girl tablet limit monitor apps download straight banned tiktok absolutely zero social medium
pYOsZhxLSOM,The Disturbing Rise of Brain Rot Content for Kids,@AdorableEevee,2024-07-21T22:54:08Z,57,ask different putting front late 2000s early 2010s used loud brainrot existed since forever meme slang nobody us unironically maybe child child stupid day brain rot term staying power rizz actual meaning kind based became since existed brain rot content example fred feel there underlying issue want address parenting ipad babysitter yet treat put kid occasionally sure timmy doesnt put fork outlet want admit messed child addicted screen theyll blame else blame shooting violent game stop taking easy blame instead solve root teaching parent parent
pYOsZhxLSOM,The Disturbing Rise of Brain Rot Content for Kids,@HaHaHaYouFool9439,2024-08-31T21:34:02Z,1,social medium breed stupidity evil greed second money involved overflowing crap money involved money root evil completely agree
pYOsZhxLSOM,The Disturbing Rise of Brain Rot Content for Kids,@coilfromphighting,2024-07-20T15:45:48Z,17,content extremely concerning gen alpha generation dumber dumber every single day need forbid kid teenager spend hour phone going outside connecting friend kid day brainrot thank visual venture spreading awareness
pYOsZhxLSOM,The Disturbing Rise of Brain Rot Content for Kids,@KappyKirthbayy,2024-07-22T13:51:03Z,4,year parent tablet year old internet shouldnt conscious internet affect internet young age dangerous use correct sorry grammar english first language
pYOsZhxLSOM,The Disturbing Rise of Brain Rot Content for Kids,@souzikken,2024-09-25T12:57:08Z,2,last year thought part worst addicted substance user year starting since 2020my body rotting consequence god tiktok brainrot content ipad kid etc pretty life action consequence damaging brain working pretty well track without ask internet future generation doomed continues thank content bringing awareness understanding hope help follow downward spiraling kid
pYOsZhxLSOM,The Disturbing Rise of Brain Rot Content for Kids,@Colonel_Doge,2024-09-06T22:18:23Z,12,walking home afternoon sport group kid walked spoken brain rot understand word said💀💀💀
pYOsZhxLSOM,The Disturbing Rise of Brain Rot Content for Kids,@sunnantariq723,2024-07-22T03:19:06Z,4,anytime girl used term sneaky link rizz delulu slang term date mentally check take seriously red flag using cringe term
pYOsZhxLSOM,The Disturbing Rise of Brain Rot Content for Kids,@Steve21_harris,2024-07-20T15:16:42Z,4,skibidi toilet number brain rot
pYOsZhxLSOM,The Disturbing Rise of Brain Rot Content for Kids,@luisnavarro880,2024-09-15T18:18:51Z,1,grew without worked car age rebuilt car job game
pYOsZhxLSOM,The Disturbing Rise of Brain Rot Content for Kids,@jamesambrocio,2024-09-19T07:43:06Z,10,christ thought losing brain cell expression happening
pYOsZhxLSOM,The Disturbing Rise of Brain Rot Content for Kids,@ZythexOfficial,2025-07-29T17:42:50Z,3,gen kid year old would confirm brainrot destroying generation losing friend friend end friendship brainrot language absolutely hate hearing ripoff word infact feel free talk english reason affected brainrot probably mom gave ipad cared abt sad mom care abt child imagine become old
pYOsZhxLSOM,The Disturbing Rise of Brain Rot Content for Kids,@JamesR624,2024-07-22T14:16:45Z,67,started claiming current meme referenes bran rot going logic haz cheeseburger rage comic nyan cat epic fail win would considered brainrot brainrot content real whatever meme millenials meme
pYOsZhxLSOM,The Disturbing Rise of Brain Rot Content for Kids,@andret.t.2408,2025-01-29T13:00:32Z,1,created simple rule cellphoneinternet breakfast social medium instagramtiktok finishing day work evening easy first day done job vicious cycle allowed day long interesting long useful content
pYOsZhxLSOM,The Disturbing Rise of Brain Rot Content for Kids,@Robster7996,2024-07-22T09:34:24Z,6,yr ago predicted would self destruct destroyed yr less stand
pYOsZhxLSOM,The Disturbing Rise of Brain Rot Content for Kids,@Sniperdaddy420,2024-08-30T21:09:29Z,4,shout trinidad neighbor gyatt longer internet around
pYOsZhxLSOM,The Disturbing Rise of Brain Rot Content for Kids,@edwardtdm123,2025-10-16T18:51:02Z,0,started couple video started more—that line sum life online
pYOsZhxLSOM,The Disturbing Rise of Brain Rot Content for Kids,@kikidoesitall,2024-07-22T00:25:43Z,15,slang brain rot generation millenials would look slang picked place mtv rise rap saturday morning cartoon call brain rot different generation entertainment kid 60s70s rock roll rising every generation slang foreign previous generation inherent brain rot
pYOsZhxLSOM,The Disturbing Rise of Brain Rot Content for Kids,@STR4WB3RRY_CVTS,2024-07-21T14:28:54Z,9,known best friend year since prekkindergarten nicest person known brain rot stuff changed meaner get mad copy game text say womp womp make upset going life rant it… worry brain rot surprised
pYOsZhxLSOM,The Disturbing Rise of Brain Rot Content for Kids,@SelopianProductions,2024-07-25T21:02:11Z,8,account sharer brain rot affect stay safe mate stay safe gen remember real world need survive brainrot epidemic
pYOsZhxLSOM,The Disturbing Rise of Brain Rot Content for Kids,@22.Capucine,2024-09-21T02:14:18Z,1,phrase going steady neat used used often make sounded crazy point cool
pYOsZhxLSOM,The Disturbing Rise of Brain Rot Content for Kids,@TiberianFiend,2024-07-26T07:25:50Z,11,brain rot language day called ebonics
pYOsZhxLSOM,The Disturbing Rise of Brain Rot Content for Kids,@Punkpsychobilly,2024-07-21T23:44:03Z,4,thankful born day son hate kid entire world suck as fun anymore
pYOsZhxLSOM,The Disturbing Rise of Brain Rot Content for Kids,@GroenlundGraphics,2024-07-31T22:19:09Z,10,fuck parent give kid technology within year born wtf
pYOsZhxLSOM,The Disturbing Rise of Brain Rot Content for Kids,@sandglowpets,2025-04-26T03:45:38Z,2,vid love content often binge video learn video well designed appreciate
pYOsZhxLSOM,The Disturbing Rise of Brain Rot Content for Kids,@Bob-b7x6v,2024-07-20T17:37:45Z,9,idiocracy warned idiot speaking various crunks
pYOsZhxLSOM,The Disturbing Rise of Brain Rot Content for Kids,@DALEFROMJAIL,2024-07-20T17:30:20Z,7,wait trying generation invented slang lmaoo
pYOsZhxLSOM,The Disturbing Rise of Brain Rot Content for Kids,@UrGurlMaddii,2024-07-20T05:15:30Z,17,woah break mewing streak dissing skibity alpha brain rot incredibly sigma
pYOsZhxLSOM,The Disturbing Rise of Brain Rot Content for Kids,@Lilcainsawofficial,2025-09-30T00:54:48Z,1,uncomfortable school field trip bus
pYOsZhxLSOM,The Disturbing Rise of Brain Rot Content for Kids,@candleeyed,2024-07-20T16:47:20Z,11,gon bring rizz gyatt several similar word video misappropriated aaveaae internet slang legitimate word dialect english
pYOsZhxLSOM,The Disturbing Rise of Brain Rot Content for Kids,@CLOWTISMS,2024-07-20T20:25:24Z,12,mentioned brainrot slang original african american slang little white kid took completely misinterpreted meaning
pYOsZhxLSOM,The Disturbing Rise of Brain Rot Content for Kids,@Dickyboi99,2024-10-04T01:26:37Z,0,brain rot vid besides skibidi toilet
pYOsZhxLSOM,The Disturbing Rise of Brain Rot Content for Kids,@Shifted_Horizon,2024-07-22T07:22:18Z,4,men woman born men woman born asked precious memory childhood born going outside meeting playing game outside born best memory gaming show ipads mobile phone scary
pYOsZhxLSOM,The Disturbing Rise of Brain Rot Content for Kids,@kyokokirigiri100,2024-07-20T23:29:35Z,7,guess bro online mlg video earlier ytp earlier flash video stuff doesnt hurt brain waste
pYOsZhxLSOM,The Disturbing Rise of Brain Rot Content for Kids,@miljusk,2024-12-04T16:44:13Z,1,hope show called miljuskas favorite heavy show doesnt brainrotted
pYOsZhxLSOM,The Disturbing Rise of Brain Rot Content for Kids,@sadetwizelve,2024-07-21T22:01:34Z,4,nowe use real world teen gymnone rizz gyat glazing cap drip glizzy real world
pYOsZhxLSOM,The Disturbing Rise of Brain Rot Content for Kids,@FleurSteff,2024-11-11T15:00:57Z,3,insane gen alpha exists extremes— idead horse existed real life go coding camp agency age
pYOsZhxLSOM,The Disturbing Rise of Brain Rot Content for Kids,@PooSkids,2024-11-11T08:09:54Z,1,atp stuff gon end rehab place year sad parent fault limiting childrens screen device babysit kid
pYOsZhxLSOM,The Disturbing Rise of Brain Rot Content for Kids,@dawgchain,2024-07-20T19:57:48Z,5,stupid every generation done exact difference happening easier difference kid obsessed magazine image slang term harmful beauty standard older
pYOsZhxLSOM,The Disturbing Rise of Brain Rot Content for Kids,@teaguejelinek4038,2024-11-19T23:31:01Z,0,cool mad lit god dank swag fire 🔥🔥🔥💯
pYOsZhxLSOM,The Disturbing Rise of Brain Rot Content for Kids,@indigorune,2024-12-03T01:08:23Z,0,symptom sound adhd explains sudden surge adhd diagnosis
pYOsZhxLSOM,The Disturbing Rise of Brain Rot Content for Kids,@johnnymccraze,2024-11-25T12:38:15Z,1,enough word english language describe scared society kid working age year less
pYOsZhxLSOM,The Disturbing Rise of Brain Rot Content for Kids,@shinigami5716,2024-09-22T12:47:42Z,1,mad cousin letting daughter use phone young age eat without playing phone eat would throw tantrum took away phone
pYOsZhxLSOM,The Disturbing Rise of Brain Rot Content for Kids,@PWG2408,2024-09-02T13:48:21Z,1,alr 6th grade today kid first grade barking ishowspeed kid bitch man shocked cuz year ild spiderman video mom phone😭😭
pYOsZhxLSOM,The Disturbing Rise of Brain Rot Content for Kids,@brandyflores4868,2025-03-01T19:48:13Z,1,gen parent fault amount time year old scrollers phone loud volume weird shit giving phone child giving alcohol keep calm
pYOsZhxLSOM,The Disturbing Rise of Brain Rot Content for Kids,@aliwalil4160,2025-01-01T11:12:27Z,1,video dumb social medium less addictive brain rotting content criticize
pYOsZhxLSOM,The Disturbing Rise of Brain Rot Content for Kids,@Blaze_Skyfire,2024-09-02T22:09:56Z,1,man glad parent set heavy restriction online fyi gen usually take month long break certain social medium reset
pYOsZhxLSOM,The Disturbing Rise of Brain Rot Content for Kids,@gershamwehner4344,2024-10-18T21:29:06Z,2,kid spend zero online idiot
pYOsZhxLSOM,The Disturbing Rise of Brain Rot Content for Kids,@katesarks1946,2025-05-23T10:24:11Z,1,nowadays parent everywhere enough patience spend kid hand smartphones tablet first flip phone first laptop surely cartoon educational content online crime dangerous trend adult content
pYOsZhxLSOM,The Disturbing Rise of Brain Rot Content for Kids,@Thefunnie-bh7di,2025-03-10T22:08:02Z,1,nurse mom take ipad leave
pYOsZhxLSOM,The Disturbing Rise of Brain Rot Content for Kids,@Ladypunk84,2025-02-14T11:47:34Z,0,parallel streaming work speak gibberish feel unruly kid sigma jizzys
pYOsZhxLSOM,The Disturbing Rise of Brain Rot Content for Kids,@tbnrb,2025-08-24T15:47:10Z,0,talking new generation vulnerable marketing thought segueway sponsorship would hilarious😭
pYOsZhxLSOM,The Disturbing Rise of Brain Rot Content for Kids,@Queenn_Qunn,2024-10-06T10:55:09Z,1,nahh bro lve mewing year insecure double chin would put tongue roof mouth
pYOsZhxLSOM,The Disturbing Rise of Brain Rot Content for Kids,@Pheobie59,2024-09-08T03:45:48Z,1,took whole month stop brainrot word classmate try stay away reach somehow extremely annoying
pYOsZhxLSOM,The Disturbing Rise of Brain Rot Content for Kids,@crimsoncook6630,2025-09-08T09:18:15Z,0,young person older coworkers ask slange kid use show guy skibiti toilet explain word skibiti
pYOsZhxLSOM,The Disturbing Rise of Brain Rot Content for Kids,@animelover-tw2xl,2025-01-16T06:41:49Z,1,gen male autism subjected brain rot content despite college mean teacher long story smart enough there kid shouldnt taught young age life
pYOsZhxLSOM,The Disturbing Rise of Brain Rot Content for Kids,@somebiker3459,2025-02-06T09:44:21Z,1,wondering gon ipad kid turn job gon capable performing correctly
pYOsZhxLSOM,The Disturbing Rise of Brain Rot Content for Kids,@builderforce6096,2025-05-04T08:29:28Z,1,generation going inherit world truly fucked humanity thank brainrot content destryoing youth
f22lD2DVXH8,The Dark Future of Brain Rot Generation,@DatCapy,2024-09-17T09:09:09Z,6640,1800s industrial revolution age 2000s technology age brain rot age random bullshit
f22lD2DVXH8,The Dark Future of Brain Rot Generation,@JoshHan-t6d,2025-06-15T16:56:41Z,569,used detest parent letting electronics thank enough
f22lD2DVXH8,The Dark Future of Brain Rot Generation,@Prayers4allhere,2025-11-20T14:49:13Z,118,high school theater teacher called television idiot box
f22lD2DVXH8,The Dark Future of Brain Rot Generation,@animalcarmechanic,2024-09-15T19:15:31Z,4246,year old understand brain rot imagine hard adult
f22lD2DVXH8,The Dark Future of Brain Rot Generation,@LoganBakkes,2026-01-12T23:37:55Z,30,please stop every brain rot tired hearing brain damage
f22lD2DVXH8,The Dark Future of Brain Rot Generation,@ryukigomez0419,2024-09-08T13:17:39Z,5450,child age shouldnt use screen
f22lD2DVXH8,The Dark Future of Brain Rot Generation,@michaelpatrick6984,2024-09-18T11:46:03Z,1735,hate blame kid obviously parent fault
f22lD2DVXH8,The Dark Future of Brain Rot Generation,@eloquentia7207,2025-10-21T16:54:03Z,313,letting child rot day front screen new form parental neglect
f22lD2DVXH8,The Dark Future of Brain Rot Generation,@hippiehillbilly420,2025-11-10T12:48:56Z,124,saw child swipe page turn page work threw away book fate seuss
f22lD2DVXH8,The Dark Future of Brain Rot Generation,@CSS-18W,2025-09-17T03:49:36Z,820,passing feel blessed 90 child growing world without internet smartphones social medium
f22lD2DVXH8,The Dark Future of Brain Rot Generation,@Firebrand3377,2024-09-24T21:37:26Z,1636,year old month old boy reinforced letting view screen year old perfectly happy playing outside dirt feel fortunate…
f22lD2DVXH8,The Dark Future of Brain Rot Generation,@Raelven,2025-10-23T20:54:00Z,154,kid losing cognitive function mean empathy emotional regulation
f22lD2DVXH8,The Dark Future of Brain Rot Generation,@mariatrinitymya8618,2024-09-08T13:30:21Z,3400,parent raised phone tablet raised book cousin brother tablet phone computer young hooked game content appropriate younger saw younger brother playing game felt impressed hated parent prohibiting using phone grew feel proud parent responsible caring love mom pop imma thank
f22lD2DVXH8,The Dark Future of Brain Rot Generation,@OMmets86,2024-09-08T14:12:21Z,2563,gen fanum tax skibidi sigma mean thank god
f22lD2DVXH8,The Dark Future of Brain Rot Generation,@Mad_ADVENTURESFORLIFE,2024-10-20T23:32:14Z,745,eighth grade hate think weird read book talk normal person
f22lD2DVXH8,The Dark Future of Brain Rot Generation,@Randomly.assembled.molecules,2024-09-10T09:28:19Z,1052,genz brother saved gen alpha sister brain rot
f22lD2DVXH8,The Dark Future of Brain Rot Generation,@adlwon1197,2024-09-15T10:44:39Z,808,feel kid touch grass year
f22lD2DVXH8,The Dark Future of Brain Rot Generation,@Kuba1428CZ,2024-09-24T20:27:09Z,517,hurt seeing peer using word
f22lD2DVXH8,The Dark Future of Brain Rot Generation,@ClipperAnonymous2937,2025-11-10T06:06:26Z,20,main reason refuse child parenting worth constant risk pulled nonsense
f22lD2DVXH8,The Dark Future of Brain Rot Generation,@jenniferg9175,2024-09-23T17:42:14Z,911,child problem happening adult well wake facebook tiktok short video watch constantly real information value glued screen constantly scrolling next next next
f22lD2DVXH8,The Dark Future of Brain Rot Generation,@briannamorrison380,2024-10-05T17:30:06Z,499,kid 80s90s slang word knew slang word could speak normal english perform normal task understand teacher teaching
f22lD2DVXH8,The Dark Future of Brain Rot Generation,@SISSYGIRLSTARMER,2025-11-12T12:45:57Z,8,noticed whenever try introduce kid 80 90 classic bored easily care story telling want action repetition
f22lD2DVXH8,The Dark Future of Brain Rot Generation,@Atarius,2024-09-20T16:32:36Z,579,kid reflecting stupidity there blame
f22lD2DVXH8,The Dark Future of Brain Rot Generation,@josephbernard5240,2024-10-02T03:59:12Z,608,day brain rot spongebob invader zim edd eddy ytp video hilarious directed preteen self
f22lD2DVXH8,The Dark Future of Brain Rot Generation,@Lumine_18,2026-04-07T17:32:40Z,0,end childhood memory moving dangerous zone❤
f22lD2DVXH8,The Dark Future of Brain Rot Generation,@Lotuslime2013,2025-02-06T20:02:21Z,175,used mad parent letting use mobile ipad thankful parent
f22lD2DVXH8,The Dark Future of Brain Rot Generation,@ErickAvila-z2y,2024-10-02T02:52:38Z,440,please help school unlivable kid age swearing sht get annoying
f22lD2DVXH8,The Dark Future of Brain Rot Generation,@AngelIIIAgujo,2026-01-03T07:45:24Z,1,need reset now🥀also thanks telling happening real life nightfall earned sub👍
f22lD2DVXH8,The Dark Future of Brain Rot Generation,@nyantart22,2024-09-08T14:21:55Z,939,oldest gen alpha brainrot kid hand used ipad kid brainrot kid hand school
f22lD2DVXH8,The Dark Future of Brain Rot Generation,@AnaniaAzaria-s9d,2025-08-03T18:26:35Z,10,place doesnt technology childhood blessing
f22lD2DVXH8,The Dark Future of Brain Rot Generation,@theelectronomer2319,2024-09-17T05:19:09Z,437,parent smart enough give cellphone age gen kid different
f22lD2DVXH8,The Dark Future of Brain Rot Generation,@atomic-wt,2024-10-18T23:16:38Z,167,school either infected brain rot annoying edit worse meme
f22lD2DVXH8,The Dark Future of Brain Rot Generation,@carlosandresvargasmurcia,2026-01-11T18:20:16Z,1,tik tok shot nunca tuvieron que existir
f22lD2DVXH8,The Dark Future of Brain Rot Generation,@Catclaw183,2024-09-14T23:37:58Z,172,dude kid buying ipad care begs imma let kid become zombie today
f22lD2DVXH8,The Dark Future of Brain Rot Generation,@Scribble_sm1ley,2024-09-16T15:59:04Z,403,miss old day noob pro hacker god
f22lD2DVXH8,The Dark Future of Brain Rot Generation,@neatodev2249,2024-09-15T05:50:50Z,75,22point drop terrifying feel sorry kid 😵‍💫
f22lD2DVXH8,The Dark Future of Brain Rot Generation,@roflryan1,2025-11-19T11:34:42Z,4,gen dumbest gen gen alpha hold rizz
f22lD2DVXH8,The Dark Future of Brain Rot Generation,@machin101,2025-10-14T09:04:42Z,82,toilet shiet look straight nightmare question banned kid enjoying instead frightened parent let kid hell content
f22lD2DVXH8,The Dark Future of Brain Rot Generation,@ludwiglanestudios,2024-09-22T23:19:18Z,263,middle school teacher ban word skibidi sigma banned whole greek alphabet mewing riz student control shout word randomly big problem since
f22lD2DVXH8,The Dark Future of Brain Rot Generation,@Nightweaver1,2024-10-19T01:36:00Z,100,year old generation removed generation alpha scare hell growing without empathy world knowledge without perception valuable worthwhile kid going who taking care old folk home gumming breakfast year yikes
f22lD2DVXH8,The Dark Future of Brain Rot Generation,@TimboBaggins860,2026-01-17T19:59:45Z,2,adult though careful consume objectively waaaaay definitely addictive
f22lD2DVXH8,The Dark Future of Brain Rot Generation,@Cousinsnfun12,2024-09-11T09:43:41Z,291,half year old part gen alpha kid school affected language use cousin affected super disappointed generation sometimes project nightfall haylo hayley impacted behaviour helped understand brain rotting thank project nightfall spreading awareness problem hopefully turn around gen alpha allowed reply reply edit expect comment anyway turned thx support
f22lD2DVXH8,The Dark Future of Brain Rot Generation,@OtherworldlyChronicles,2025-02-01T20:07:08Z,52,person born early 2000s understand trying word use
f22lD2DVXH8,The Dark Future of Brain Rot Generation,@Moji_Miju,2024-09-10T02:50:53Z,525,would clarify kid upset image fruit fruit scare pretty sure played exact game roblox game name want infuriated blew throughout game constantly hit different fruit block screen image fruit well push backflingkill hence kid angry
f22lD2DVXH8,The Dark Future of Brain Rot Generation,@ironsurvival626,2025-12-21T01:43:09Z,3,homeschool kid socialize child homeschool community parent page
f22lD2DVXH8,The Dark Future of Brain Rot Generation,@Zhe-wf8vm,2024-10-05T08:40:12Z,118,scariest kid gon eventually adult earth fucked
f22lD2DVXH8,The Dark Future of Brain Rot Generation,@Procopius464,2024-09-19T18:57:59Z,94,let kid sit internet hard buying device kid willing parent child deepest disrespect parent let kid sit device day
f22lD2DVXH8,The Dark Future of Brain Rot Generation,@Cocoloco6100,2024-09-08T13:19:53Z,526,least cousin skibiti toilet brain rot parent let electronics limited stopped parent job stop
f22lD2DVXH8,The Dark Future of Brain Rot Generation,@ImanHitsDifferent,2025-11-06T23:47:49Z,1,sooo logical intelligent observation understanding forget gen blown away impressed amazing well done keep
f22lD2DVXH8,The Dark Future of Brain Rot Generation,@cdevelos,2024-09-20T10:02:59Z,166,normal content farm video brainrot
f22lD2DVXH8,The Dark Future of Brain Rot Generation,@Eternalfrog-d4s,2024-09-19T00:36:48Z,173,big problem freshman high school senior talk brain rot
f22lD2DVXH8,The Dark Future of Brain Rot Generation,@deskfan-z8m,2024-09-27T17:28:52Z,5,thank finally understands brain rot suck miss old day
f22lD2DVXH8,The Dark Future of Brain Rot Generation,@Hearrok,2026-02-13T13:06:34Z,1,mean predicted year ago retention directly related profit natural company optimize profit possible since retention metric measure output prevent going band social medium ban ad content
f22lD2DVXH8,The Dark Future of Brain Rot Generation,@ASTRA_OFFICIAL_AC,2024-11-01T13:39:44Z,9,congrats million buddy day video bored intresting gen word mean truly brain rotting
f22lD2DVXH8,The Dark Future of Brain Rot Generation,@ChanchoTheGreat,2025-10-10T19:13:03Z,70,employer looking forward kid start applying job going nearly impossible let alone keep job soon brain rot come surface bye job opportunity zero patience type incompetence
f22lD2DVXH8,The Dark Future of Brain Rot Generation,@リンリンかな,2024-09-08T13:24:17Z,342,expected nightfall kind bruh 💀💀💀
f22lD2DVXH8,The Dark Future of Brain Rot Generation,@СироОни,2026-01-13T12:34:45Z,2,genz gen cousin wish aunt uncle expose brainrot
f22lD2DVXH8,The Dark Future of Brain Rot Generation,@MiguelSalvador7501,2024-09-12T03:34:13Z,241,please parent stop giving tablet phone kid
f22lD2DVXH8,The Dark Future of Brain Rot Generation,@Tranceporter33,2024-10-13T00:35:53Z,188,practiced nlpi reminds old technique practitioner bombarded subject nonsense brain crashedthen could implant whatever programming wanted person
f22lD2DVXH8,The Dark Future of Brain Rot Generation,@Max_Machine-q9o,2025-11-04T12:19:42Z,1,true nonbrain rot gen alpha kid annoying friend want play steal brain rot constantly talking brain rot stuff old stuff 2010s better though young internet born year old older gen alpha kid friend tired called brain rotted kid generation
f22lD2DVXH8,The Dark Future of Brain Rot Generation,@mr_noodler,2024-09-30T18:06:42Z,114,rotting away stare screen every generation
f22lD2DVXH8,The Dark Future of Brain Rot Generation,@lonliness_saturn,2024-09-18T13:03:24Z,104,gen thank god gen alpha kid spend childhood social medium instead playing outside else without using ipad
f22lD2DVXH8,The Dark Future of Brain Rot Generation,@LeftHandedHerobrine,2025-02-11T00:03:40Z,17,partially exposed covid tired blanked
f22lD2DVXH8,The Dark Future of Brain Rot Generation,@watchrodantvgaming,2024-09-24T17:44:22Z,42,parent give child phone early stage game
f22lD2DVXH8,The Dark Future of Brain Rot Generation,@georgeserbezis4704,2024-10-13T11:52:08Z,25,movie idiocracy reality scare please save humanity idiocracy
f22lD2DVXH8,The Dark Future of Brain Rot Generation,@Scoups_lover_17stan,2025-03-26T11:51:20Z,9,year old completely agree imagine stressed parent teacher
f22lD2DVXH8,The Dark Future of Brain Rot Generation,@monochrome2000,2026-01-02T09:38:11Z,1,technolagy invented hunting kid ipad kid
f22lD2DVXH8,The Dark Future of Brain Rot Generation,@revan1lord,2025-10-13T09:03:02Z,53,born cellphone till highschool needed
f22lD2DVXH8,The Dark Future of Brain Rot Generation,@lockycay,2024-10-14T03:42:05Z,7,hurt listen yet another reason choosing homeschool would let child kid
f22lD2DVXH8,The Dark Future of Brain Rot Generation,@shotbydyno,2024-09-20T14:43:36Z,120,year old entire class grade filled brain rot week ago teacher day party baby sit 3rd grader showed called skibidi toilet generation ruined need fix
f22lD2DVXH8,The Dark Future of Brain Rot Generation,@RezaYousefvand,2025-09-01T06:58:14Z,24,brain hurt hearing word man
f22lD2DVXH8,The Dark Future of Brain Rot Generation,@TheAberrant-z4g,2024-09-08T14:29:23Z,25,generation alpha disappointed failing ancestor
f22lD2DVXH8,The Dark Future of Brain Rot Generation,@jaymoor8995,2024-10-17T21:02:37Z,12,absolutely detest idea incorporating language real life walk away
f22lD2DVXH8,The Dark Future of Brain Rot Generation,@diver.charlie,2025-12-09T00:23:08Z,2,every single day naturally distanced digital seeing phonedisplay addicted wasting brain cell whenever confronting aggressive defense mode start beeing mad nearest family scary wish total internet breakdown
f22lD2DVXH8,The Dark Future of Brain Rot Generation,@lospatotas,2024-09-16T15:15:17Z,10,gotchu bro skibidi nonsensical phrase used describe gyatt excited big rizz gen alpha word charisma rizzler charisma fanum tax share taken example word could fanum taxed food mean took food heard would pinned ask please pin meaning
f22lD2DVXH8,The Dark Future of Brain Rot Generation,@Aaron-zt5ee,2024-09-26T01:04:40Z,6,year old wife kid read encourage sportshobbies hopefully parent follow
f22lD2DVXH8,The Dark Future of Brain Rot Generation,@Lu2jax,2025-11-06T23:09:20Z,1,using ipad age crazy man
f22lD2DVXH8,The Dark Future of Brain Rot Generation,@lordDeathbreach,2024-09-21T03:14:34Z,47,parent must keep kid device family kid bored play outside hurt comeback story tell point interact physical reality wise give device point shut
f22lD2DVXH8,The Dark Future of Brain Rot Generation,@Bird_man0,2024-09-20T06:43:30Z,23,person born gen alpha ashamed generation
f22lD2DVXH8,The Dark Future of Brain Rot Generation,@Psymonx21,2024-09-08T13:22:18Z,191,scrolled comment explain gen alpha vocabulary skibidi toilet phrase used describe popular series dafuqboom head toilet speaking variation word skibidi english sometimes intended kid little bit graphic fanum tax food tax take food word originates kai cenat friend fanum gyatt mean big butt say level zero gyatt mean butt small ohio rarely used anymore reference meme happen ohio older connect florida meme mewing technique performed suctioning tounge roof mouth supposedly improves jawline erm sigma hell rizzlerrizz take word charisma remove char ri rizz short charisma rizzler mean high charismayou pull girl easily explain brainrot video lankybox flashing color screaming stimulate brain question generation alpha vocabulary ask reply kid scared fruit probably raging parkour course roblox
f22lD2DVXH8,The Dark Future of Brain Rot Generation,@adi32143,2024-09-27T14:50:00Z,10,teen happy explained brainrot happy normal kid
f22lD2DVXH8,The Dark Future of Brain Rot Generation,@Zakariyamuridi,2024-09-10T10:07:40Z,53,teacher banned word skibidi toilet asked put skibidi toilet travis scott
f22lD2DVXH8,The Dark Future of Brain Rot Generation,@ChaptersTalk,2024-10-06T09:58:23Z,18,thank project nightfall educator uae trying best improve reading skill concerned generation
f22lD2DVXH8,The Dark Future of Brain Rot Generation,@PoisonFire115,2024-09-09T20:41:09Z,28,millennial year behind gen brainrot language prevent downloading medium edit suggestion recommendation distance current trend feel proud distance garbage
f22lD2DVXH8,The Dark Future of Brain Rot Generation,@imransyedsyedimran8072,2026-02-13T11:30:51Z,1,parent danger notice guy say night fam happens night hear
f22lD2DVXH8,The Dark Future of Brain Rot Generation,@Ilovejapan-s6s,2025-08-14T00:01:04Z,32,kid mean heard sadly due friend hate constantly everyday generation might doomed word idea mean sometimes feel kid addicted screen going outside walking dog best kid class read eight grade level going fifth grade sad friend classmate stuff horrible
f22lD2DVXH8,The Dark Future of Brain Rot Generation,@Suy..,2024-09-19T01:56:05Z,23,nephew year old speak rationally brain rot consuming convinced hasnt develop consciousness pretty sure normal kid could hold conversation mind attending school next year
f22lD2DVXH8,The Dark Future of Brain Rot Generation,@Mr_StallCrash,2024-09-08T13:37:28Z,354,gen alpha regret living generation
f22lD2DVXH8,The Dark Future of Brain Rot Generation,@sahayaraj6881,2026-01-14T14:38:21Z,1,proud bcs grow anime demon slayer meme poppy playtime game born bro saw scared feature would let kid buying ipad thought ipad would useful drawing especially pencil bro obssed pencil wish could use pencil drawing masterpiece bro wish
f22lD2DVXH8,The Dark Future of Brain Rot Generation,@nevigdugero,2024-09-08T16:47:25Z,82,gen first phone 10th grade spread awareness brainrot normalised generation gen last generation kid used play outside
f22lD2DVXH8,The Dark Future of Brain Rot Generation,@DavidJones-og2wt,2025-10-23T11:42:30Z,1,thank thank thank thought losing mind couldnt understand damn word kid nowadays young son figure hell kid trying wtf wtf 😢😢😢😭
f22lD2DVXH8,The Dark Future of Brain Rot Generation,@Captain_poké,2024-10-26T09:19:59Z,6,crazy giving kid harmless device destroying future
f22lD2DVXH8,The Dark Future of Brain Rot Generation,@648546lllooolll,2024-09-27T08:06:44Z,4,future child kind smart device old enough buy
f22lD2DVXH8,The Dark Future of Brain Rot Generation,@vitezslavamiller,2024-09-14T16:20:46Z,153,gen raised without technology kid brother gen alpha however he addicted phone play toy get bored quickly go beg dad unblock phone parent able handle normal conversation without shouting
f22lD2DVXH8,The Dark Future of Brain Rot Generation,@ItsSlashee,2024-09-15T09:02:51Z,27,sad heard born first year generation alpha brain rot generation miss day enjoying childhood playing playground covid hit changed entire world
f22lD2DVXH8,The Dark Future of Brain Rot Generation,@hiim_darwin,2024-12-19T23:53:48Z,7,fellow gen alpha use word try protect gen older gen alpha concerned younger gen alpha edit kindergarten grade school brainrot
f22lD2DVXH8,The Dark Future of Brain Rot Generation,@Kaleb_Gaming-gi3tx,2025-04-30T01:34:04Z,7,hate brain rot happy mom baby recently give kid brain rot
f22lD2DVXH8,The Dark Future of Brain Rot Generation,@متینقربانی-ز8ص,2025-09-18T12:39:11Z,31,year old kid happy infected brainrot normal human personality gen alpha average 11 crazy
f22lD2DVXH8,The Dark Future of Brain Rot Generation,@Margeshau,2024-09-08T13:25:41Z,116,kid first word momdad kid first word skibidi
f22lD2DVXH8,The Dark Future of Brain Rot Generation,@ChrisBirch-z8o,2025-10-13T12:49:18Z,6,bring fear shame thought stupid
f22lD2DVXH8,The Dark Future of Brain Rot Generation,@Auraliastar,2024-09-28T00:52:09Z,5,year old teenager born playing patty cake concentration hopstoch jump roping barbie ken role play classmate age feel extremely lucky strict parent restricted screen minimum hour day know would turned them…😭
f22lD2DVXH8,The Dark Future of Brain Rot Generation,@tristynbishop6158,2026-01-19T18:39:41Z,1,brain believe joe hendry pic joe hendry
f22lD2DVXH8,The Dark Future of Brain Rot Generation,@clownie985,2024-09-09T15:38:25Z,29,little sister saved brain rot skibiti school day told wan hear homeschooled read entirety raven yet
f22lD2DVXH8,The Dark Future of Brain Rot Generation,@bjuganda7758,2024-09-08T13:37:17Z,133,minecraft monster school gacha life larva cartoon annoying orange childhood brainrot kept seeing local computer cafe keep fun imitating homeschool laugh tomorrow dumb kid level brainrot beyond experienced long ago worried future generation hope brainrot trend buried history
f22lD2DVXH8,The Dark Future of Brain Rot Generation,@cosmicmonsta420,2024-09-25T11:48:10Z,20,new father idk gon keep kid stuff kid tablet kid school expose shit
f22lD2DVXH8,The Dark Future of Brain Rot Generation,@ConejoZing,2026-01-10T02:20:14Z,1,baby shark bfdi line drawn
f22lD2DVXH8,The Dark Future of Brain Rot Generation,@stitchfan93,2024-09-08T13:17:16Z,20,love work project nightfall take care stay safe
f22lD2DVXH8,The Dark Future of Brain Rot Generation,@Timorballanimations,2024-09-20T09:01:00Z,19,used tom jerry old mickey mouse best show enjoyed life miss old days😢
f22lD2DVXH8,The Dark Future of Brain Rot Generation,@JohnTaffy,2024-09-14T05:57:06Z,6,seriously else catch subliminal shit fucked well
f22lD2DVXH8,The Dark Future of Brain Rot Generation,@Komrad_Rasputitsa,2025-11-13T12:12:49Z,2,reminds videotorture scene alex end clockwork orange
f22lD2DVXH8,The Dark Future of Brain Rot Generation,@aarora3899,2024-09-09T05:14:22Z,101,affected parent allowing use device enhanced technological awareness well general knowledge understanding current affair
f22lD2DVXH8,The Dark Future of Brain Rot Generation,@1.Shadow_Hawk.5,2024-09-11T11:25:52Z,10,stuff make brain nut gen alpha si thank god aint stuff bcoz total madness gon try keeping
f22lD2DVXH8,The Dark Future of Brain Rot Generation,@Anis-xm5ob,2024-10-11T21:48:13Z,5,thx soo info gon save young brother late
f22lD2DVXH8,The Dark Future of Brain Rot Generation,@jankun24,2025-10-25T13:57:04Z,8,yea feel tho problem brain rot brain rot negative impact brain wasted spending challenging activity
f22lD2DVXH8,The Dark Future of Brain Rot Generation,@dufflemuffle,2024-09-08T18:10:13Z,109,past kid would brain rotting however compared disgusting half kid pretty invented language hoping better future
f22lD2DVXH8,The Dark Future of Brain Rot Generation,@TajRocks-el2mf,2025-10-18T11:20:15Z,38,year old kid hate brainrot stupid
f22lD2DVXH8,The Dark Future of Brain Rot Generation,@Shadd09,2024-09-08T13:23:50Z,20,bro stop taking stuff new lvls
f22lD2DVXH8,The Dark Future of Brain Rot Generation,@Aarav828-i12,2024-11-28T16:11:42Z,5,year old nephew brain better
f22lD2DVXH8,The Dark Future of Brain Rot Generation,@AnnaParis.,2024-09-11T20:40:49Z,5,favorite nikacodo avocado chican nugget musical chair
f22lD2DVXH8,The Dark Future of Brain Rot Generation,@FatRaccoon37,2024-09-19T17:19:40Z,31,old understand happening social medium day kid old staying hour device five playing outside hour drawing playing toy doesnt mean gen alpha brainroted ppl awesome childhood without device miss old day may god help kid
f22lD2DVXH8,The Dark Future of Brain Rot Generation,@Eeveeloutionsquad,2024-09-27T06:45:46Z,6,everywhere restaurant kid family hanging ipad mess stop
f22lD2DVXH8,The Dark Future of Brain Rot Generation,@dizz6340,2024-10-19T05:56:07Z,21,there family suing school kid teacher gave assignment used complete
f22lD2DVXH8,The Dark Future of Brain Rot Generation,@QuiEstJauneAttend,2024-09-25T05:57:23Z,62,childhood 90 amongst last generation grown without cellphone generation experience life connected
f22lD2DVXH8,The Dark Future of Brain Rot Generation,@Floatzzzzz,2024-09-08T13:50:27Z,46,autistic autism absolutely hate brainrot find embarrassing stuff feel younger childish stuff lucky keep safe stay safe brain rot
f22lD2DVXH8,The Dark Future of Brain Rot Generation,@namebrandkids2558,2025-11-22T06:46:23Z,1,homeschool kid begging school scared heart broken feel need let independent deleted roblox allow short home friend house stupid new word trend scary parent
f22lD2DVXH8,The Dark Future of Brain Rot Generation,@thedouble824,2024-09-08T13:46:04Z,35,truely messed fact teacher attention understanding shes part late gen make feel narrowly escaped new generation dumber
f22lD2DVXH8,The Dark Future of Brain Rot Generation,@Ninjaa844,2025-04-27T10:03:36Z,8,tought forgot english turkish english
f22lD2DVXH8,The Dark Future of Brain Rot Generation,@gummymaggot,2024-11-17T13:05:53Z,11,oldest gen alpha grew gen show spongebobpowderpuff girl moreand seeing brain rot ridiculousparents give ipads phone 27parents give ipads phone gotten first phone ipad
f22lD2DVXH8,The Dark Future of Brain Rot Generation,@Scrtinyt,2024-09-16T12:12:09Z,102,glad sole survivor generation yr hasnt infected brainrot generation yall guy wish luck
f22lD2DVXH8,The Dark Future of Brain Rot Generation,@daferjjey,2024-09-08T19:34:13Z,11,gen alpha thanks god brainrotted
f22lD2DVXH8,The Dark Future of Brain Rot Generation,@Taz-143,2024-10-31T16:58:18Z,4,young use ipads real cartoon wild kratts sonic number block stampys lovely world maybe alan becker youtubers dantdm fgteev minecraft youtubers technoblade grian mumbo jumbo stampycat etc play toy yet end kid day thank god😭🙏
f22lD2DVXH8,The Dark Future of Brain Rot Generation,@Norfolnumber1,2026-01-15T19:58:46Z,2,ironic parent blame kid brainrot
f22lD2DVXH8,The Dark Future of Brain Rot Generation,@hoshyro,2024-09-25T08:35:59Z,51,future generation arent looking hot
f22lD2DVXH8,The Dark Future of Brain Rot Generation,@Skitch-h1q,2024-09-09T07:35:43Z,34,kid understand brainrot mocked kid parent raised spanking thank today edit kid comment section please stop trying act mature
f22lD2DVXH8,The Dark Future of Brain Rot Generation,@An_actual-Fruit,2024-09-08T13:21:34Z,61,gen alpha brainrot short cringe harmful kid
f22lD2DVXH8,The Dark Future of Brain Rot Generation,@Eddie-Iblis,2024-10-07T14:08:34Z,19,upside provides job security read least high school level
f22lD2DVXH8,The Dark Future of Brain Rot Generation,@darkapothecary4116,2025-11-22T21:05:53Z,1,first phone till basic training
f22lD2DVXH8,The Dark Future of Brain Rot Generation,@bathysphere1070,2024-10-01T02:04:29Z,12,let kid kind based web content social medium exactly stuff make hair neck stand end evil sure simply feel
f22lD2DVXH8,The Dark Future of Brain Rot Generation,@SelebriusX,2024-09-18T21:46:15Z,11,kid related brain rot kept losing stereo madness geomety dash easy rage
f22lD2DVXH8,The Dark Future of Brain Rot Generation,@NostalgiaMan,2024-09-23T21:23:40Z,24,knew thought going crazy higher awesome
f22lD2DVXH8,The Dark Future of Brain Rot Generation,@coldyraps,2024-09-08T13:30:51Z,101,middle schooler sometimes word ironically fun younger generation edit gen end disputing
f22lD2DVXH8,The Dark Future of Brain Rot Generation,@Nearmakers,2024-09-14T17:06:00Z,24,kid preteen love ipadbut brainrotmy classmate affected pure brainrot nowexcept friend classmate word skibidi sigma keep singing cat shit friend upset
f22lD2DVXH8,The Dark Future of Brain Rot Generation,@majortechz,2024-09-09T00:02:18Z,12,use intense strictnesslike philippinesfor example gadget weekday strictly disciplining kid brainrot
f22lD2DVXH8,The Dark Future of Brain Rot Generation,@hasuun5,2026-01-17T15:29:04Z,1,brainrot make brain dead stop brain dead stop madness immediately hand
f22lD2DVXH8,The Dark Future of Brain Rot Generation,@GamerAkshat2025,2024-11-17T16:35:08Z,10,year old clearly conform worse till parent stop kid brainrot year
f22lD2DVXH8,The Dark Future of Brain Rot Generation,@WhyIsJupiterInTheFridge,2024-10-13T20:26:18Z,4,afraid playing joke game screen show random fruit hit object mad afraid
f22lD2DVXH8,The Dark Future of Brain Rot Generation,@anubhavos,2024-09-12T07:59:38Z,19,thank god bro unerstand neaning edge
f22lD2DVXH8,The Dark Future of Brain Rot Generation,@MinhTriNguyen-qk8ru,2024-09-12T09:58:58Z,39,gen alpha ill sent friend thank nightfall keep videos🙂
f22lD2DVXH8,The Dark Future of Brain Rot Generation,@Pagoldol666,2024-09-21T18:09:03Z,36,oldest gen alpha born need stop gotten point genuinely concerned younger kid
f22lD2DVXH8,The Dark Future of Brain Rot Generation,@ortikemmais6775,2024-09-19T13:07:24Z,61,older gen alpha kid born march scared generation thought affected younger gen alpha friend school age addicted brainrot used smart guy nowadays speaks brainrot pretend he streamer talking viewer keep chat science teacher think mental disorder
f22lD2DVXH8,The Dark Future of Brain Rot Generation,@stephensheffield5788,2026-01-20T05:47:08Z,1,aboriginal term cat called moggie mogging would mean hunting feral cat
f22lD2DVXH8,The Dark Future of Brain Rot Generation,@Pakchats123,2024-09-17T15:02:29Z,77,little brother year old autism speak autism since kid guy interest digital stuff found boring instead he super hyper active he annoying hell look every possible break stuff spill bean place pour flour etc kind sad he kid proud
f22lD2DVXH8,The Dark Future of Brain Rot Generation,@antondanev5992,2025-11-29T07:39:20Z,0,thanks trying control boy warched control stronger quick tip skibidi come gypsy song bulgaria called dom dom turkish guy strarted dancing funny viral showed kid toilet sick minded version probably idk first
f22lD2DVXH8,The Dark Future of Brain Rot Generation,@noahtemple8312,2024-10-12T00:41:06Z,66,looking selfish possible feel there better ahead curve kid feel competition life
f22lD2DVXH8,The Dark Future of Brain Rot Generation,@KingDaAnt,2024-09-08T23:28:01Z,6,remember day skibidi toilet friend bus beat caught actual joke wth
f22lD2DVXH8,The Dark Future of Brain Rot Generation,@weareallthewaygone,2025-11-23T20:33:51Z,1,phone tech would peaked nokia brick talk text internet progress past year
f22lD2DVXH8,The Dark Future of Brain Rot Generation,@SpectrumGaming36,2024-09-12T10:46:54Z,5,oldie generation lil cousin brainrot stayed late night play game little job around house
f22lD2DVXH8,The Dark Future of Brain Rot Generation,@Wasssssssssssup,2025-10-24T06:38:22Z,0,first skibidi dop dop dop sent
f22lD2DVXH8,The Dark Future of Brain Rot Generation,@nicholovo,2024-09-08T17:09:08Z,5,viral brainrot video vid gen alpha doomed content unfortunate born wrong
f22lD2DVXH8,The Dark Future of Brain Rot Generation,@MeditationAndP3ace,2024-09-15T14:29:19Z,11,year old managed survive brain rot science video only😅
f22lD2DVXH8,The Dark Future of Brain Rot Generation,@vincent8134,2024-09-12T09:54:34Z,12,government ban type problem ruin underdeveloped child would better
f22lD2DVXH8,The Dark Future of Brain Rot Generation,@stopgreenscreenkids303,2024-09-08T18:03:40Z,21,glad graduated middle school year ago brainmelting word existence popularity middle school summer looking little brother yearbook picture saw kid skibidi toilet paper cutout poster school baby gronk picture real tiktok rizz party thank god late
f22lD2DVXH8,The Dark Future of Brain Rot Generation,@Liaminations,2024-10-12T03:11:19Z,5,imagine future short removed world better little brother ipad heard brainrot
f22lD2DVXH8,The Dark Future of Brain Rot Generation,@Crabonoe,2024-09-09T20:28:41Z,25,blame gen alpha parent fault let real
f22lD2DVXH8,The Dark Future of Brain Rot Generation,@IDK-j4z5w,2024-09-15T15:59:46Z,5,kid ohio state usa single ward ohio
f22lD2DVXH8,The Dark Future of Brain Rot Generation,@AceAttorneyFanO7,2024-09-08T22:21:55Z,4,result terrible decision future humanity
f22lD2DVXH8,The Dark Future of Brain Rot Generation,@atxorsatti,2025-12-07T09:10:49Z,1,born hand wish born 90 hand glad born 10
f22lD2DVXH8,The Dark Future of Brain Rot Generation,@ryrysonic9,2025-10-15T09:25:46Z,25,kid nowadays mentally unstable tbh blame lazy parent
f22lD2DVXH8,The Dark Future of Brain Rot Generation,@dilinaweragama,2024-09-17T07:04:06Z,7,currently considered oldest gen alpha glad normal effect younger generation grew book brother year younger grew internet difference huge effect brain rot diverse different country level brain rot hugely differs rich kid go international school kid ordinary family go government school probably main reason considered rich country term sure glad mother put government school guess parenting style huge effect sure somehow majority normal sure glad grew
f22lD2DVXH8,The Dark Future of Brain Rot Generation,@stanleyurine0,2024-10-20T15:16:10Z,58,year old kid doesnt brainrot contentall playing game
f22lD2DVXH8,The Dark Future of Brain Rot Generation,@Giu_kawaii,2026-01-20T03:16:03Z,1,dislike brainrot kid erm sigma happens mean uhh happened
f22lD2DVXH8,The Dark Future of Brain Rot Generation,@Airrxw,2024-09-18T10:51:35Z,12,want 2yo brother experience imma alert whatever he ipad
f22lD2DVXH8,The Dark Future of Brain Rot Generation,@berrybluebird3842,2024-11-21T05:55:14Z,18,first access internet year old sixteen absolute youngest person using enternet younger simply young
f22lD2DVXH8,The Dark Future of Brain Rot Generation,@unknownkitten18,2024-09-12T23:26:04Z,46,whats worse whole brainrot philippine local filipino news gma talked seemed fine disturbing
f22lD2DVXH8,The Dark Future of Brain Rot Generation,@ritzaeverse,2026-01-01T15:36:54Z,2,gen hate brainrot cringe ruining brain
f22lD2DVXH8,The Dark Future of Brain Rot Generation,@Arandomstraw,2024-10-03T19:07:43Z,47,first phoen young age yet kid feel lucky survivedsurviving brainrot generation thank dad talking every day galaxy jesus gosh thank buying book new brainrot troll face humanity heck
f22lD2DVXH8,The Dark Future of Brain Rot Generation,@Lovelyone2879,2024-10-09T15:45:10Z,9,proudly main priority mother protecting son evil garbage nonsense successful thus far parent control internet sure humanly possible risk exposure less ideal environment child responsibility necessary sacrifice hard choice sure child safe screen babysitter
f22lD2DVXH8,The Dark Future of Brain Rot Generation,@BornToCode75,2024-09-08T17:52:11Z,25,gen alpha real sad born generation nobody think smart expects worst friend surprise friend brother year old guess mother old harness energy stop using screen doesnt screen pure brainrot kidding dunno mental problem tend take seriously lash without control emotion regretting afterwards half understand friend record brainrot content alarmed mother started content thankful mother
f22lD2DVXH8,The Dark Future of Brain Rot Generation,@DJM-ot3pg,2024-09-08T14:34:50Z,10,every brain rot word stupid use word fun others
f22lD2DVXH8,The Dark Future of Brain Rot Generation,@probablyanon,2024-09-08T14:11:18Z,15,bro thought monster school shit year ago brainrot get
f22lD2DVXH8,The Dark Future of Brain Rot Generation,@DDDDDASHK2,2025-11-19T00:18:46Z,2,kid confirm screen fine kid limitation matter
f22lD2DVXH8,The Dark Future of Brain Rot Generation,@Grunt423,2024-09-09T06:33:01Z,10,meaningto atleast skibidi evil mischievous cool filler word depends context ohio floridaman type activity fanum tax pay sigma hell gyatt assbutt rizler guy charismalooking beatiful looksmaxing trying best look mewing type face look gigachad mogging better look
f22lD2DVXH8,The Dark Future of Brain Rot Generation,@Emperor-r2x,2024-09-11T09:59:13Z,32,sometimes older generation better newer one old gold
f22lD2DVXH8,The Dark Future of Brain Rot Generation,@andzikublbejhovnajdoacojastimW,2026-01-12T20:32:56Z,1,brainrot kid video educational zack film favorite art war attention span cooked💀
f22lD2DVXH8,The Dark Future of Brain Rot Generation,@RandyCrowder-k4f,2024-09-08T18:10:41Z,8,gen alpha born grandma say sense say learn whole new language told source gen boy gen skibids rizzlers stuff say point going keep anymore
f22lD2DVXH8,The Dark Future of Brain Rot Generation,@-SleepyNurse-,2025-11-09T13:49:12Z,1,toddler ipad could walk propped front babysitter nearly potty trained throw tantrum hourly laughed stand scream top lung reason destroys rage fit sent home pre
f22lD2DVXH8,The Dark Future of Brain Rot Generation,@ShivaankSingh,2024-09-11T07:34:08Z,60,understand brainrot art adding horrendous face audio random object 💀💀💀
f22lD2DVXH8,The Dark Future of Brain Rot Generation,@MILK-AN-COOKIES,2026-05-20T00:34:45Z,1,disappointed disgusted associated kid gen alpha
f22lD2DVXH8,The Dark Future of Brain Rot Generation,@feeshboi,2024-09-10T11:59:25Z,9,tbh skibidi toilet look creepy thought yesterday night sleep
f22lD2DVXH8,The Dark Future of Brain Rot Generation,@Leef853,2024-09-10T08:19:16Z,12,issue phone ipad issue kid arnt loved displined believe figure
f22lD2DVXH8,The Dark Future of Brain Rot Generation,@StateoftheMatrix,2024-09-23T01:23:07Z,6,going fullydeveloped prefrontal cortex damage hardwired reduced volume established childhood reduced neural pruning late adolescence around result various syndrome disorder schizophrenia brain fog cognitive disengagement syndrome theyll susceptible dementia due hippocampus volume reduction wellfunctioning prefrontal cortex anyway due conditioning race bottom know pivot point certain going absolutely serious immoral core brain need treated respect merely mean targeted detriment immoral government corporation able profit dumbing one appeal taken social contract tact pivot point looking
f22lD2DVXH8,The Dark Future of Brain Rot Generation,@rjk0128,2024-09-21T08:49:54Z,29,there trend kid nobody else understood worried
f22lD2DVXH8,The Dark Future of Brain Rot Generation,@anifabonbon7737,2024-09-08T13:56:38Z,10,11yearold born sad gen alpha put group love word hate tbh old brother us word
f22lD2DVXH8,The Dark Future of Brain Rot Generation,@StickyDough640,2024-09-15T08:53:14Z,17,guy innocent used lowest brain rot possible tried brain rotting
f22lD2DVXH8,The Dark Future of Brain Rot Generation,@melonmaster2424,2024-09-08T17:38:21Z,4,gen slang butt cake worse
f22lD2DVXH8,The Dark Future of Brain Rot Generation,@Liam-r8c7p,2024-09-19T23:48:44Z,4,immortal cuz cringe year gen control self
f22lD2DVXH8,The Dark Future of Brain Rot Generation,@JD-tm4ee,2025-11-21T15:24:23Z,0,detailed insight kid consuming need remember want kid energy simple sound sci horror cliche force feed fear negative emotion child carry pure potent energy find sinister content disney kid show
f22lD2DVXH8,The Dark Future of Brain Rot Generation,@youwillhaveagoodtimetoday,2024-09-08T13:18:57Z,31,brother becoming skibidi toilet keep skibidi toilet non stop halloween
f22lD2DVXH8,The Dark Future of Brain Rot Generation,@TurtleInTheSky,2024-10-11T23:09:51Z,5,understand parent hand kid tablet phone keep home playing outside dangerous front house without supervision creep abuser roaming around parent adult busy workdoing chore house stressed workgoing home work giving gadget annoying cry kid easy shutting buying physical toy kid especially aggressive one hella expensive due kid breakingthrowing small swallow kid itll dangerous blame parent company give benefit less stress better work schedule employee day offs supervise teach child content creator create nonbrain rotting content blue clue fun cartoon responsible target audience kid opportunity create meaningful non visualauditoryaddicting content child adult
f22lD2DVXH8,The Dark Future of Brain Rot Generation,@thunderstorm8026,2024-10-02T18:11:45Z,7,feel need together report content every platform especially maybe yall itll least save brain rotted
f22lD2DVXH8,The Dark Future of Brain Rot Generation,@zauletandrei,2024-09-24T13:50:02Z,6,parent suck kid juat victim
f22lD2DVXH8,The Dark Future of Brain Rot Generation,@justinkk,2024-09-09T00:25:27Z,6,last year gen alpha grade extremely concerning teacher need payed
f22lD2DVXH8,The Dark Future of Brain Rot Generation,@superX_ki,2026-01-29T19:20:09Z,0,stopped thanks god thank soo kid stopped
f22lD2DVXH8,The Dark Future of Brain Rot Generation,@MrMisterJrSr,2024-09-10T06:18:36Z,4,talk communicate brain trying process
f22lD2DVXH8,The Dark Future of Brain Rot Generation,@gamercream9791,2024-09-12T17:31:15Z,7,used gen alpha gen born happy crap different tutorial animate example idea fanum tax skibidi sigma use word sigma rarely class bus horrible grade grade swearing using word rotting brain
f22lD2DVXH8,The Dark Future of Brain Rot Generation,@adgrimes1981,2025-11-14T09:46:53Z,0,make glad held covid handing ipad boy aged covid strict screen screen 5pm min gaming per day homework done nana granddad arent round pick kid wednesday thursday friday wife work full without adult room stop crappy video pretty quickly happy learn guitar chord new song learning listen music none brain rot crap screen upstairs sure argue let rule told meet boy polite easy talk conversation multiple etc glad stick gun push however kid learning crap friend school talk stuff understand however utter nonsense doesnt stop parent worse kid phone point eldest say want play game want look brain stop dementia nan ended dementia started granddad died vegged home front day active absolute nutcase sense might harsh parent hear stem use phone bit protecting mind little bit
f22lD2DVXH8,The Dark Future of Brain Rot Generation,@Popbob7op,2024-09-08T20:40:38Z,8,skibidi toilet classed brain rot dumb idea action animation
f22lD2DVXH8,The Dark Future of Brain Rot Generation,@stevenpaplan7154,2026-01-08T11:04:31Z,1,daughter month screen shes genius fluent language love learning spanish screentime parent
f22lD2DVXH8,The Dark Future of Brain Rot Generation,@Jim456OO1,2024-09-08T14:41:25Z,7,somebody who doesnt brainrot usually word honestlymeanings somebody mean livvy dunne rizzing baby gronk legit clue brainrot mean kid class pick personally stupid pay mind mid school elementary school pick usually brainrot slang stupidest
f22lD2DVXH8,The Dark Future of Brain Rot Generation,@shahinuzzamankhanshahin,2024-09-10T10:59:52Z,19,year old class classmate odd randomly start sing skibidi toilet call eachother skibidi disturbing
f22lD2DVXH8,The Dark Future of Brain Rot Generation,@mateusgp9849,2025-11-22T17:24:29Z,1,blame lie parent internet child doesnt money buy iphone care society screwed anyway
f22lD2DVXH8,The Dark Future of Brain Rot Generation,@Mooni_Real,2024-09-08T19:40:06Z,27,topic gen alpha one shitting feel inferior exposed brainrot content parent older generation adopted style parenting gen alpha toddler one educated parent teacher grew learning language parent would blame unilingual term brainrot brain rot essence new previous generation fair share mindless content kid difference older generation realising gen alpha reality content used consume kid mindless garbage tie point brainrot affecting kid future worrying child definitely grow realise older used engage cringe older generation parent need worry content appropriate kid spending screen long parent content child moderate screentime big issue
f22lD2DVXH8,The Dark Future of Brain Rot Generation,@FuelFire,2024-09-15T11:18:14Z,13,close year old gen swear god parent give kid phone medium related phone 6th grade wii 3d play game day absolutely die inside young kid running around mobile phone hand
f22lD2DVXH8,The Dark Future of Brain Rot Generation,@Yamyatos,2026-02-12T07:07:05Z,1,listened creepy pasta month written essentially entirely brainrot terminology genuinely left impression realized scary talk understand half case neither left impression
H86iO0mtsDI,BRAIN ROT | Why You Are Losing Control Of Your Brain?,@sauravfartyal6222,2025-01-03T10:30:33Z,4717,others scroll reel remember last scroll mindlessly video either play speed keep skipping sec continuously brain become completely dependent finishing quickly since realized decided change perfect start year
H86iO0mtsDI,BRAIN ROT | Why You Are Losing Control Of Your Brain?,@shreyasalse,2025-05-30T11:17:46Z,437,jee aspirant studying jnv place phone allowed pretty study famous ability problem hour answer home summer break brain rot started affecting unable concentrate minute decided ditch short entirely documentary long video helpful thank
H86iO0mtsDI,BRAIN ROT | Why You Are Losing Control Of Your Brain?,@NSA34346,2025-01-02T14:15:24Z,6422,sorry free feel illegal sorry give money guy slowly surely becoming best educative channel india especially editing
H86iO0mtsDI,BRAIN ROT | Why You Are Losing Control Of Your Brain?,@Karkisandiip,2025-01-02T14:49:11Z,4659,tackled problem place phone somewhere else incase need simply turn focus mode phone avoid distraction sit chair half hour sunny day sit terrace place house sun reach except write interesting thought come mind search chatbot google exercise play table tennis blood circulation brings peace mind slowly decrease screen couldnt drop minute cuz hr day hour including lecture
H86iO0mtsDI,BRAIN ROT | Why You Are Losing Control Of Your Brain?,@chasenotchasing,2025-02-04T16:05:27Z,4377,alarming brain rot affecting started reading hidden vault power insight reclaiming mental clarity helped regain control mind
H86iO0mtsDI,BRAIN ROT | Why You Are Losing Control Of Your Brain?,@heivalf,2025-08-22T18:44:22Z,87,mom used tell stop tiktok evening spends phone scrolling facebook coach question generation gen alpha sadly concerned
H86iO0mtsDI,BRAIN ROT | Why You Are Losing Control Of Your Brain?,@conversationcorner1837,2025-01-03T00:37:45Z,3148,thanks mentioned attention literacy 90 kid remember could movie without scrolling phone read entire book sitting need bring level attention
H86iO0mtsDI,BRAIN ROT | Why You Are Losing Control Of Your Brain?,@goofyahhhomie6387,2025-01-03T13:25:09Z,1421,step start longer video related nature learning brings peace shouldnt excite without skipping increasing playback speed reduce screen day pas keep phone away certain limit day end may sound easy difficult followed long mention absolutely work pro tip instead spending device fresh air bruh
H86iO0mtsDI,BRAIN ROT | Why You Are Losing Control Of Your Brain?,@abhijith_mb,2025-01-02T19:47:13Z,480,irony talking brain rot edited brings effect
H86iO0mtsDI,BRAIN ROT | Why You Are Losing Control Of Your Brain?,@Humtoaaisehihai,2025-01-02T14:43:40Z,1050,feel deserve free quality message straightup top tier content
H86iO0mtsDI,BRAIN ROT | Why You Are Losing Control Of Your Brain?,@Akishir_13,2025-01-19T10:06:53Z,508,avoid brain rot mentioned keeping phone room definitely help bonus tip put phone dnd studying working google account accesing study use different account use entertaining stuff eating consuming informative content vdo practising mindfullness important measure used live alone used listen podcasts song task folding clothes cleaning room etc sure deleting social medium apps phone emphasise point important amongst point deleted social medium notice change increased focus less restlessnes buying keypad phone measure taking journey defeating monster brain rot hope help
H86iO0mtsDI,BRAIN ROT | Why You Are Losing Control Of Your Brain?,@riazsk2338,2025-01-03T09:02:12Z,239,force give option turn short form device
H86iO0mtsDI,BRAIN ROT | Why You Are Losing Control Of Your Brain?,@damori3604,2025-09-01T09:51:48Z,43,telling going improve stop rotting brain vid
H86iO0mtsDI,BRAIN ROT | Why You Are Losing Control Of Your Brain?,@sanju_rp108,2025-03-12T15:41:00Z,154,living remind work attain focus liking need reminded computer science student
H86iO0mtsDI,BRAIN ROT | Why You Are Losing Control Of Your Brain?,@rajatraut1952,2025-03-02T22:26:18Z,176,turned notification social medium apps screen dropped hour day hour feel happier relaxed
H86iO0mtsDI,BRAIN ROT | Why You Are Losing Control Of Your Brain?,@Frank-pe9pk,2025-10-23T20:43:57Z,9,father allow cartoon weekend rotted brain could happening today allow daughter cartoon fortunately lived next wood lake catching lizard hanging ear lobe catching snake take school show tell lucky
H86iO0mtsDI,BRAIN ROT | Why You Are Losing Control Of Your Brain?,@VamshiRangisetti,2025-01-02T16:26:51Z,169,fun fact turn wifi mobile data
H86iO0mtsDI,BRAIN ROT | Why You Are Losing Control Of Your Brain?,@ajaythomas4439,2025-01-27T16:40:31Z,187,feel feed warning sense unable focus work unable complete task procrastinate running around consuming stuff practically implementing eye opener thank
H86iO0mtsDI,BRAIN ROT | Why You Are Losing Control Of Your Brain?,@simpleman1012,2025-01-02T17:04:52Z,834,clg student struggling distraction brainrot month put new mindset wan thank job
H86iO0mtsDI,BRAIN ROT | Why You Are Losing Control Of Your Brain?,@khyatiavsare1317,2025-11-04T05:35:15Z,2,language thought research absolutely insane
H86iO0mtsDI,BRAIN ROT | Why You Are Losing Control Of Your Brain?,@prshntdhanuk,2025-01-02T16:47:22Z,419,sound effect playing graphic illustration crazy put effort little detail mind blowing
H86iO0mtsDI,BRAIN ROT | Why You Are Losing Control Of Your Brain?,@mv4357,2025-01-02T15:39:32Z,122,inability handle boredom felt hard today thanks reminding boredom fine aevy
H86iO0mtsDI,BRAIN ROT | Why You Are Losing Control Of Your Brain?,@hamimreza7314,2025-08-21T14:49:11Z,8,sit quitely brain start play trending song doesnt let killed beautiful hobby social medium hit dopamin satisfied definitely retrain brain begining wrote correct punctuation hoping best content world class deny love bangladesh
H86iO0mtsDI,BRAIN ROT | Why You Are Losing Control Of Your Brain?,@surajeetgope4812,2025-02-02T18:03:11Z,12,teenager year felling insta destroying attention power day randomly took phone deleted cursed app feel relieved completely presence short fighting digital virus spreading globe among teenager specially hope random action rid surely pay love surajeet
H86iO0mtsDI,BRAIN ROT | Why You Are Losing Control Of Your Brain?,@btsa9061,2025-01-04T06:08:49Z,19,exactly platform business consider human try milk money every opportunity world become commercial forgetting basic nature life seeing every conversation interaction profit mean gain
H86iO0mtsDI,BRAIN ROT | Why You Are Losing Control Of Your Brain?,@amongus5922,2025-03-15T11:28:28Z,15,biggest concern guilty pleasure scrolling well supposed yet keep scrolling procrastinate situation slip hand helped consciousness thank
H86iO0mtsDI,BRAIN ROT | Why You Are Losing Control Of Your Brain?,@deeptidagar990,2026-02-16T11:37:33Z,2,tip worked screen instantly waking find point urge reel trigger avoid notification turn notification instead short reel series documentary etc interest increase playback speed video engage sort physical activity sport love playing help release dopamine screen least 1hour bed lay sleep try creative usually sort imaginary convo language wan learn english imagine dream life wan manifest helped quit habit endless scrolling helped sleep early thank
H86iO0mtsDI,BRAIN ROT | Why You Are Losing Control Of Your Brain?,@canaldogrifonoia1338,2025-01-11T22:21:15Z,52,almost completely lost ability read book used read book per year completely immerse put phone away movie edit struggle managed entire full screen computer thank gem greeting brazil
H86iO0mtsDI,BRAIN ROT | Why You Are Losing Control Of Your Brain?,@GyGy-qf1wd,2025-01-02T14:28:49Z,434,believe provide video free huge respect thanks alot
H86iO0mtsDI,BRAIN ROT | Why You Are Losing Control Of Your Brain?,@jayakrishnamalla2592,2026-01-14T07:59:24Z,0,meme alone surely keep hooked
H86iO0mtsDI,BRAIN ROT | Why You Are Losing Control Of Your Brain?,@Michaelmotivator27,2025-01-02T16:00:06Z,443,best come controlling phone habit notification blocked whatsapp essential chat instagram fifteen minute limit hour else glued screen addict friend scrolling mindlessly taking ten snap minute bother snapchat pointless convinced ten friend follow lead whole different level compared set standard
H86iO0mtsDI,BRAIN ROT | Why You Are Losing Control Of Your Brain?,@Muizz_Gamer_,2025-01-04T09:40:57Z,93,going coz study ill today goal completed
H86iO0mtsDI,BRAIN ROT | Why You Are Losing Control Of Your Brain?,@adityarachuri1690,2025-02-03T08:22:46Z,10,well phase happy worked turned application notification except calling message upi apps deactivated social medium started effecting mental health term mindless scrolling constant comparison started picking hobby kid art craft drawing poetry book reading started noticing minute one dog street kid who babbling alot mom gain focus beginner deactivate away doesnt take anywhere limit screen gradually decrease hope helped
H86iO0mtsDI,BRAIN ROT | Why You Are Losing Control Of Your Brain?,@go_to_sleep25,2026-03-20T08:07:22Z,0,realised shifted phone book helpse
H86iO0mtsDI,BRAIN ROT | Why You Are Losing Control Of Your Brain?,@Parijat3.0,2025-01-04T09:59:11Z,178,everyonethat person eat star boredom important thought day productive well thankyou aevy team delivering content
H86iO0mtsDI,BRAIN ROT | Why You Are Losing Control Of Your Brain?,@RebelAspirant,2025-03-11T07:24:53Z,36,practice uninstall social medium apps etc sunday evening reinstall friday evening logging work reduced appetite post like share etc day weekend helping keep focus sud saving unnecessary distraction scroll reading page everyday monday friday nicely outperformed scrollingbug
H86iO0mtsDI,BRAIN ROT | Why You Are Losing Control Of Your Brain?,@shreeyaaseetharaman1802,2025-01-29T16:20:38Z,19,felt demon inside force skip need later fully
H86iO0mtsDI,BRAIN ROT | Why You Are Losing Control Of Your Brain?,@geekysl5464,2025-01-09T05:55:50Z,61,solved problem uninstall shortsreelsfeeds providing platform mobile phone facebook case install extension block feed short browser stop using smart watch play physical sport table tennis badminton case friend least week read book actual book maybe using kindle use educational purpose short
H86iO0mtsDI,BRAIN ROT | Why You Are Losing Control Of Your Brain?,@kishanrastogi,2026-01-17T19:34:35Z,7,best started checking phone immediately waking
H86iO0mtsDI,BRAIN ROT | Why You Are Losing Control Of Your Brain?,@shrivardhansuryawanshi5649,2025-01-03T10:05:28Z,210,saw till end tbh multiple distraction till reaching end ad skip them😂😂
H86iO0mtsDI,BRAIN ROT | Why You Are Losing Control Of Your Brain?,@SohaibMalik-x2h,2025-01-18T12:15:05Z,24,book recently read called manifesting alignment ryuu shinohaba talk crazy stuff aligns
H86iO0mtsDI,BRAIN ROT | Why You Are Losing Control Of Your Brain?,@ayuxxhhh,2025-01-02T19:48:48Z,347,sat minute realised loved learning new decided take change life wanted phd marketing look deeper thanks first digital content opened eye
H86iO0mtsDI,BRAIN ROT | Why You Are Losing Control Of Your Brain?,@AryanChhipi-k6y,2026-02-07T06:37:40Z,1,feel lead take resolution completely stop scrolling ill scroll let bro today taken oath front guy today gon single short rest life let guy ask following not❤
H86iO0mtsDI,BRAIN ROT | Why You Are Losing Control Of Your Brain?,@patriciakilgo23,2025-01-16T17:23:33Z,846,read book mindbloomery finally feel control life stopped listening negative started focus goal every single day reminded content book focus clarity chase goal
H86iO0mtsDI,BRAIN ROT | Why You Are Losing Control Of Your Brain?,@nobody7817,2025-01-27T13:43:04Z,5,asks insist learning local language use google translate granted local language difficult learn striving learn going quit move sooni want learn
H86iO0mtsDI,BRAIN ROT | Why You Are Losing Control Of Your Brain?,@mebu8734,2025-03-21T18:35:56Z,49,recommended day decided fight brainrot changing way starting let proof conviction ill guy year let go
H86iO0mtsDI,BRAIN ROT | Why You Are Losing Control Of Your Brain?,@sweetascandyxoxo,2025-12-21T19:13:37Z,1,adhd advantage able pay attention life hyper focus override
H86iO0mtsDI,BRAIN ROT | Why You Are Losing Control Of Your Brain?,@sakshamhereee,2025-01-07T21:10:49Z,8,38k comment wanted share spending entire day rather studying study highly engaged moved it🙎🏻 ⚠️but strong intention taking phone least upcoming day thanks show biggest problem now❤❤
H86iO0mtsDI,BRAIN ROT | Why You Are Losing Control Of Your Brain?,@vivekkumargupta7114,2025-01-28T17:26:55Z,9,believed suffering kind illness often struggled focus simple task caused various issue including difficulty learning memory retention insomnia however realize challenge rooted habit need changed understand take month consistent effort confident positive result
H86iO0mtsDI,BRAIN ROT | Why You Are Losing Control Of Your Brain?,@RadinSingh,2025-01-02T14:36:24Z,11,platform definitely blame intentionally doesnt let block short keep long form video evil forgotten
H86iO0mtsDI,BRAIN ROT | Why You Are Losing Control Of Your Brain?,@x3nos_codm941,2025-12-13T03:51:43Z,4,suffering low attention span hit wall wall realisation according wall extreme point bodyyour mind say became mindless zombie zombie gon let waste scroll away real world scroll away problem try solve guess brain work moment realize far moment mine started gaslight quitting social medium switch long form content opal useful apps used journey mine helpful
H86iO0mtsDI,BRAIN ROT | Why You Are Losing Control Of Your Brain?,@Barbarian_17,2025-01-02T14:23:34Z,209,hell naww achinya skibidi toilet day year crazy 😭😭😭
H86iO0mtsDI,BRAIN ROT | Why You Are Losing Control Of Your Brain?,@live.in.delulu,2025-03-08T08:57:06Z,13,sort pulled put app timer instagram 30min uninterested short feed started anime binge used lockdown eps day 3eps 20min× 1hr started post talking life editing hereby practicing spoken skill well learning editing read book feel emotionally connected book bought physical copy manga read record phone recording phone tripod hand fully brainrot close find balance
H86iO0mtsDI,BRAIN ROT | Why You Are Losing Control Of Your Brain?,@shreya6107,2025-01-06T06:30:55Z,98,brainrot affected past month easy rabbit hole reel lose track day motivated social medium reset dopamine receptor resonated focus memory creativity worth protecting thank
H86iO0mtsDI,BRAIN ROT | Why You Are Losing Control Of Your Brain?,@101WaysToLife,2025-09-21T07:47:27Z,1,found attending 10day vipassana course valuable imagine spending day talking phone book writing music looking anyones eye whole day night resent dopamine advertisement free 10day course
H86iO0mtsDI,BRAIN ROT | Why You Are Losing Control Of Your Brain?,@mansitiwari8604,2025-04-23T16:50:38Z,4,addicted social medium quite long affected social relationship personal growth realised doomscrolling anywhere would destroy experience life practised longduration documentary instead reel started putting lock apps physically stop since year cross half limit reading book hobby painting playing musical instrument rather living life screen help physical activity dancing exercise meet create change life better college entrance essay chose share deeply personal experience wrote social medium affected language behaviour physical wellbeing reflection struggle want last phone fix posture build life exciting need obsess others
H86iO0mtsDI,BRAIN ROT | Why You Are Losing Control Of Your Brain?,@ankitrav,2025-06-25T15:32:11Z,4,deactivated instagram profile month started project half baked new venture excited build serviced guitar self started reading bed brainrot real admission broken let fix first step towards healing amplified
H86iO0mtsDI,BRAIN ROT | Why You Are Losing Control Of Your Brain?,@Shreyansh356,2025-01-02T16:11:54Z,9,sitting alone minute best technique help increasing patience settle mind please give chance talk minute
H86iO0mtsDI,BRAIN ROT | Why You Are Losing Control Of Your Brain?,@KIyo-111,2026-01-25T08:54:43Z,0,completely agree short video affecting gen gen alpha every generation immense pleasure person get second next level emotion mixed sec funny next moment sad appears drastic shift mood draining energy completely decided reduce access platform productive
H86iO0mtsDI,BRAIN ROT | Why You Are Losing Control Of Your Brain?,@OESOPAHAGUS,2025-11-30T10:58:59Z,3,editing used stimulating well engaged ironic part
H86iO0mtsDI,BRAIN ROT | Why You Are Losing Control Of Your Brain?,@geekymahi3896,2025-01-02T14:48:56Z,181,thought infact mentioned realised maybe obviously took hour deep thought starter eating food without else let mind wander around focus chewing taking phone washroom walking cycling without music podcast audiobook remember exact word feeling rooth jana work wonder want avoid work sugar well phone let drool mind amuse death free letting dust settle mind let mind breath
H86iO0mtsDI,BRAIN ROT | Why You Are Losing Control Of Your Brain?,@spacexdragon7,2025-01-02T15:12:50Z,146,leaving 🤠to study tomorrow exam lock later
H86iO0mtsDI,BRAIN ROT | Why You Are Losing Control Of Your Brain?,@Mann24057,2025-01-06T16:43:31Z,64,stopped using phone laptop week focus increased drastically hard first day craving decrease feel using mobile phone wait min long craving usually last
H86iO0mtsDI,BRAIN ROT | Why You Are Losing Control Of Your Brain?,@Medico2008,2025-01-14T18:21:25Z,6,thnx alot stuck bulshit loop destroying self month week decided change self vedio help lot❤
H86iO0mtsDI,BRAIN ROT | Why You Are Losing Control Of Your Brain?,@Mikeylarry945,2026-02-01T20:01:56Z,2,bath realising far fallen rabbit hole
H86iO0mtsDI,BRAIN ROT | Why You Are Losing Control Of Your Brain?,@H3xum77,2025-01-03T04:08:23Z,11,social medium platform streak kind scary point feel take break day without breaking streak hook bit sometimes
H86iO0mtsDI,BRAIN ROT | Why You Are Losing Control Of Your Brain?,@GokulNath-q1e,2025-02-19T18:18:05Z,21,thanks content might want give editing team raise phenomenal job
H86iO0mtsDI,BRAIN ROT | Why You Are Losing Control Of Your Brain?,@Venkateshprabhu5,2025-01-02T17:12:57Z,41,first mobile phone addicted year used simple trick helped avoid phone usage consume content reason follow content consumption end day last part day affect thought dwell content consumed previous day let decide feel bored decide whether use phone set determines simple easy remember plan straightforward easy stick
H86iO0mtsDI,BRAIN ROT | Why You Are Losing Control Of Your Brain?,@VIKRAMSINGH-ql2yl,2025-12-03T14:51:25Z,1,surely reflect problem consumption tech hope consistent
H86iO0mtsDI,BRAIN ROT | Why You Are Losing Control Of Your Brain?,@hitmansnow1213,2025-02-19T15:16:55Z,4,alarming message required heard teen adult thank well production editing perfection
H86iO0mtsDI,BRAIN ROT | Why You Are Losing Control Of Your Brain?,@being_my_number1,2025-01-19T20:39:12Z,5,suddenly noticed surge consumption short past week feel overstimulated anxious fickle day gain mental focus anyhow matter difficult going take action regain control mind
H86iO0mtsDI,BRAIN ROT | Why You Are Losing Control Of Your Brain?,@gracem2457,2025-01-03T16:40:49Z,157,absolutely bang struggle real high reclaim attention spend first step rightly concluded acceptance intentional spend attention currency keep excellent work
H86iO0mtsDI,BRAIN ROT | Why You Are Losing Control Of Your Brain?,@Less_seen_by_me,2025-01-02T15:17:20Z,155,1watching long form content speed timer set reelsshorts sitting ideal looking aroundavoiding constant urge check phone keeping oneself engaged trying new hobby working one curious questioning new around hopefully might help
H86iO0mtsDI,BRAIN ROT | Why You Are Losing Control Of Your Brain?,@gamingAjay43,2025-06-01T09:17:26Z,5,meditation daily fix brain rot
H86iO0mtsDI,BRAIN ROT | Why You Are Losing Control Of Your Brain?,@kanakgarg430,2025-01-02T17:42:45Z,20,huge respect maam gen thought scrolling period taken creativity imaginative power human brain capable incredible thanks support raise issue
H86iO0mtsDI,BRAIN ROT | Why You Are Losing Control Of Your Brain?,@salilchurana4393,2025-09-18T04:07:16Z,1,fold open window impossible without else simultaneously
H86iO0mtsDI,BRAIN ROT | Why You Are Losing Control Of Your Brain?,@sivan1127,2025-01-02T15:03:43Z,57,reel told perfect til end👍
H86iO0mtsDI,BRAIN ROT | Why You Are Losing Control Of Your Brain?,@offensivebrat,2025-01-03T06:44:07Z,24,lunch beginning every notification would stop preparing next bite look instantly screen realization
H86iO0mtsDI,BRAIN ROT | Why You Are Losing Control Of Your Brain?,@amruthagudipati1516,2025-10-11T16:17:27Z,3,vocabulary convey proper message term help awakening ppl improve vocab cause sch gng girl obvi helping thanks appreciating hardwork youve done enlighten si fav❤
H86iO0mtsDI,BRAIN ROT | Why You Are Losing Control Of Your Brain?,@nirajdeokar2900,2025-11-28T15:47:39Z,0,died time thank worth finish inspiring bet going work attention span
H86iO0mtsDI,BRAIN ROT | Why You Are Losing Control Of Your Brain?,@rivulet1013,2025-01-02T16:49:20Z,8,sound effect awesome rewinding hear synth bass sound increase immersion work👍🏼👍🏼👍🏼
H86iO0mtsDI,BRAIN ROT | Why You Are Losing Control Of Your Brain?,@T3machine,2025-01-02T16:46:35Z,11,thank sharing let fight together actionable step 30mins uninterrupted quiet hour screen reminder remove notification unimportant social apps reading min chapter day
H86iO0mtsDI,BRAIN ROT | Why You Are Losing Control Of Your Brain?,@davidfaiheng,2025-11-05T15:26:09Z,0,addicted reel short form content simply allow notification app phone except call almost zero distraction fully control aware choose check apps whatsapp food delivery etc important message distracted
H86iO0mtsDI,BRAIN ROT | Why You Are Losing Control Of Your Brain?,@IBleedTiranga,2025-01-02T17:59:13Z,9,today preparing interview question took hour process question answer inside head happened though simple man brain freeze brain rot real
H86iO0mtsDI,BRAIN ROT | Why You Are Losing Control Of Your Brain?,@a-sfw,2025-01-02T15:15:03Z,97,nearly year truly addicted consuming brainrot content spent doomscrolling struggled focus tried internet suggested break habit effective solution start using short reel blocker phone shifted focus reading book month change proud almost point longer wasting potential stuff
H86iO0mtsDI,BRAIN ROT | Why You Are Losing Control Of Your Brain?,@avijaiswal6614,2025-01-02T15:52:32Z,35,feel difficulty reading short best short miss era best era
H86iO0mtsDI,BRAIN ROT | Why You Are Losing Control Of Your Brain?,@Afty_star,2026-04-12T14:54:44Z,0,graphic design team deserves raiseno cap grind
H86iO0mtsDI,BRAIN ROT | Why You Are Losing Control Of Your Brain?,@Nerdhaunt,2025-01-02T14:53:04Z,15,feel dopamine rush hearing validation
H86iO0mtsDI,BRAIN ROT | Why You Are Losing Control Of Your Brain?,@mynamessushi,2025-01-02T14:46:56Z,16,decided stop consuming mindless content popped thanks alot sure insight provided surely help fight look want become someday lot love
H86iO0mtsDI,BRAIN ROT | Why You Are Losing Control Of Your Brain?,@VishalKumar-kr9me,2026-01-03T07:58:33Z,1,started reading book playing guitar movie series instead reel short since year feel feel opening reel short
H86iO0mtsDI,BRAIN ROT | Why You Are Losing Control Of Your Brain?,@septanal005,2025-01-16T18:01:29Z,4,attention span low regular speed
H86iO0mtsDI,BRAIN ROT | Why You Are Losing Control Of Your Brain?,@LuluLover12,2025-01-13T12:54:53Z,29,although movie season drama sitting thankful read entire book setting reading book willing ignore every notification social medium fact friend tired reply quickly weird
H86iO0mtsDI,BRAIN ROT | Why You Are Losing Control Of Your Brain?,@DakshKhurana1,2025-01-03T09:28:58Z,19,neurology student deeply understand concern shared share tip follow better attention span thanks sharing kind content definitely need write diary journal daily happening grab pen diary empty room without distraction write thought feeling help mentally would help spiritually would connect deeper self youve read till glad least bit attention span next tip learn stay keep scrolling theory instant gratification would ruin true essence life humanity among
H86iO0mtsDI,BRAIN ROT | Why You Are Losing Control Of Your Brain?,@gae6279,2026-03-25T01:05:36Z,0,nice hear horror attention economy presenting solution thank
H86iO0mtsDI,BRAIN ROT | Why You Are Losing Control Of Your Brain?,@AdityaN.Shukla,2025-01-03T02:15:48Z,177,year old boy used social medium app except telegramfor study ofcourse reel turn history show short first heard brainrot thought possible seeing around child age constantly scrolling short reeling cry parent took phone understand happening cause make competition easy competing
H86iO0mtsDI,BRAIN ROT | Why You Are Losing Control Of Your Brain?,@abhishekviju8697,2025-01-16T07:03:41Z,12,day learning everyday started journey understood able remember memorize past month year person alarming across explained stuff nice struggle type long message guy danger
H86iO0mtsDI,BRAIN ROT | Why You Are Losing Control Of Your Brain?,@varadsuste,2025-01-04T04:05:46Z,10,new year pledged put phone bag away form sight deleted social medium phone helped regain focus started observing result day addition strictly avoiding phone first last hour day gained focus clarity mindfulness harming brain best guys❤
H86iO0mtsDI,BRAIN ROT | Why You Are Losing Control Of Your Brain?,@namanpanchal2451,2025-01-22T20:22:36Z,26,glad recommended lately realized little attention span become due constant scrolling social medium started seeing outcome personal life must needed
H86iO0mtsDI,BRAIN ROT | Why You Are Losing Control Of Your Brain?,@saivishnuchakilam4935,2025-01-02T17:25:29Z,16,tackled problem screen set mind let increase hr daysafest upper limit sit sleep donot bored nice thought life rather seeing others social medium student hence would academic work instead others commenting video result bit nice taking brain set psychiatric treatment❤ thank beautiful thought provoking
H86iO0mtsDI,BRAIN ROT | Why You Are Losing Control Of Your Brain?,@tej.o_o,2025-01-03T05:12:13Z,35,effort research content incredible enjoying video edited team highly appreciate behind team effort towards beautiful videos💖
H86iO0mtsDI,BRAIN ROT | Why You Are Losing Control Of Your Brain?,@nitishgaikwad98,2025-01-02T14:37:34Z,27,year old ago chain smoker brain strange hard work gave clearly brain develop habit mantra
H86iO0mtsDI,BRAIN ROT | Why You Are Losing Control Of Your Brain?,@punitpalial,2025-01-02T20:44:23Z,21,production quality insane motion designer understand effort must taken aevy team bring top notch quality offered editor role aevys team starting far
H86iO0mtsDI,BRAIN ROT | Why You Are Losing Control Of Your Brain?,@JoshiMohil,2025-11-13T00:12:55Z,1,leaving min work would surly later
H86iO0mtsDI,BRAIN ROT | Why You Are Losing Control Of Your Brain?,@editzbyuchiha3273,2025-01-02T17:22:37Z,9,school day used till morning destroyed perfect academic history devastated helpless situation fortunately today learning new reel habit mine exploring new dopamine hit habit switch 15sec reel wali habit helping thank quality content achina jiii glad part aevy
H86iO0mtsDI,BRAIN ROT | Why You Are Losing Control Of Your Brain?,@prashanthmgp,2025-01-05T11:50:22Z,155,process unlearning trying rewire brain bit bit understanding fix brain ready another problem start beginning make happy direct relation dopamine would taken month totally understand happening train control brain use insta short video digital device 8pm totally helpful thanks simple save understanding save digital era keep finding new way control brain surprising reducing stimulus overload restores brain capacity deep focus thanks achinamayya aevy amazing content feel happy dopamine……😂
H86iO0mtsDI,BRAIN ROT | Why You Are Losing Control Of Your Brain?,@nobody24,2025-01-06T13:22:05Z,8,consistently working failing trying towards building selfdiscipline aware conscious worked wonder remember awareness key
H86iO0mtsDI,BRAIN ROT | Why You Are Losing Control Of Your Brain?,@gayatripatwekar6527,2025-10-07T18:08:02Z,1,make energy resource spent mindlessly scrolling rather investing learning
H86iO0mtsDI,BRAIN ROT | Why You Are Losing Control Of Your Brain?,@WorkforceSystems,2025-01-02T16:16:33Z,6,hey viraj glad hear part true creativity take hit let mind wander perfectly
H86iO0mtsDI,BRAIN ROT | Why You Are Losing Control Of Your Brain?,@Nexus_Gaming_Live,2025-10-05T10:41:32Z,1,want sense editor mean past image provide context unmageable deserve respect
H86iO0mtsDI,BRAIN ROT | Why You Are Losing Control Of Your Brain?,@quietwulf,2025-01-27T20:29:38Z,6,stumbled across thanks taking put together serious issue noticing everyday life longterm implication stagging absolutely destructive found ability read long form book greatly diminished last year seems body must constantly trained remain condition simply expect going maintain ability focus deeply without intentional effort thanks ill sharing
H86iO0mtsDI,BRAIN ROT | Why You Are Losing Control Of Your Brain?,@nikZocovers,2025-06-15T16:40:13Z,1,guy here intersting 56mins month ago brain rotted today completed whole freakin fine achievement content video learnt brain rot temporary aware limit screen focused work❤
H86iO0mtsDI,BRAIN ROT | Why You Are Losing Control Of Your Brain?,@arnoldarnold2653,2025-01-03T06:37:13Z,5,perfect needed realise disconnect urge close every minute lately realised trouble focussing office meeting conversation
H86iO0mtsDI,BRAIN ROT | Why You Are Losing Control Of Your Brain?,@SilentFlow-4u,2026-04-13T09:38:47Z,0,hey omkar initially clicked eyecatching thumbnail glad whole found incredibly helpful took sit alone without phone learned valuable lesson thank creating impactful content amazing day
H86iO0mtsDI,BRAIN ROT | Why You Are Losing Control Of Your Brain?,@ca-aswin,2025-01-03T17:40:25Z,5,guy first previously followed varun mayya year following guy inception thank content simply uninstalled instagram real mind killer limited social circle friend give damn whether insta give call ping started short turned history recommendation well short video subscription tab well filtered scroll reddit listen podcasts well podcasts however able sit without mobile listening maybe partially due living alone currently trying kindle coincidentally started book content creator handbook planning becoming varun perspective listen read anyways thanks video keep rocking guy
H86iO0mtsDI,BRAIN ROT | Why You Are Losing Control Of Your Brain?,@lolakutty7687,2025-01-16T11:52:09Z,8,video giving anxiety continuous dopamine hit image changing every second glued understand rotting brain well
H86iO0mtsDI,BRAIN ROT | Why You Are Losing Control Of Your Brain?,@Dive-in-ishan,2025-01-02T16:51:10Z,13,guy consider loser eye relative family student child potential affecting mentally driving towards brain rot knowledge given fixed mind given way clarity needed done
H86iO0mtsDI,BRAIN ROT | Why You Are Losing Control Of Your Brain?,@hhjelh,2025-06-21T19:19:56Z,0,audience short attention span sure add sound effect movement color editing bored keep personally try longer simpler video long stay focused helped time❤️
H86iO0mtsDI,BRAIN ROT | Why You Are Losing Control Of Your Brain?,@jatinthakur8374,2025-01-02T14:22:43Z,8,brian rot wild card deck full surprise
H86iO0mtsDI,BRAIN ROT | Why You Are Losing Control Of Your Brain?,@shivamuchiha7,2025-01-03T17:11:45Z,4,thank addressing issue suffering low attention span leading state frustration improve focus intensity started done without internet phone sure outside stare nature—whether sky tree bush river lake ocean—and sit admire try keep phone far away approach worked
H86iO0mtsDI,BRAIN ROT | Why You Are Losing Control Of Your Brain?,@ellipse10,2025-01-02T14:45:58Z,15,first aevy quite become favourite channel healthy content facing social medium brainrot problem month jee25 aspirant career mindso small step took firstly setting timing social medium min day break took walk nap instead reel tricked brain used less dopamine rather huge mountain itand month use social medium reddit twitter minutei process might bit long gradually become best version yourself✨️
H86iO0mtsDI,BRAIN ROT | Why You Are Losing Control Of Your Brain?,@vishantt,2025-10-20T08:02:17Z,1,would add digital content unhealthy food day click away hamper brain receptor body doom scrolling let active treat body brain love respect
H86iO0mtsDI,BRAIN ROT | Why You Are Losing Control Of Your Brain?,@vsrawat8091,2025-01-19T04:43:29Z,4,बहुत उपयोगी वीडियो। मैंने फ़ेसबुक शेयर करा कुछ लोगों कहा अंग्रेज़ी इतनी अच्छी तरह समझ नहीं आती इसलिए समझ नहीं पाए। यदि सम्भव कण्टेण्ट किसी हिन्दी अनुवाद करा वीडियो हिन्दी में डालें। धन्यवाद।
H86iO0mtsDI,BRAIN ROT | Why You Are Losing Control Of Your Brain?,@Ayushhhmaan,2025-01-04T14:24:42Z,10,areyyyy apna school toh famous gya waise maiiiii ayushhhmann wla
H86iO0mtsDI,BRAIN ROT | Why You Are Losing Control Of Your Brain?,@ChanchalVyass,2025-01-02T15:02:03Z,10,pact year begin day meditation end day introspection youll able consume participate mindfully
H86iO0mtsDI,BRAIN ROT | Why You Are Losing Control Of Your Brain?,@Vamsi-5141,2025-09-20T00:57:56Z,1,ironically reason stayed wsa beautiful
H86iO0mtsDI,BRAIN ROT | Why You Are Losing Control Of Your Brain?,@CoderPatil,2025-01-24T15:32:39Z,86,thank insight helpful rediscover selfattention appreciated
H86iO0mtsDI,BRAIN ROT | Why You Are Losing Control Of Your Brain?,@MR_abdullah66,2025-09-21T11:54:30Z,0,sister job explaining importance attaining focus🙌
H86iO0mtsDI,BRAIN ROT | Why You Are Losing Control Of Your Brain?,@RishimaRAchar,2025-01-04T17:05:11Z,4,informative especially student could relate though try unhook platform circumstance without finding reason use college requires use laptopstabs write exam keep communicating via whatsapp every day hard use education week without social medium feel missed peer
H86iO0mtsDI,BRAIN ROT | Why You Are Losing Control Of Your Brain?,@adityajha2553,2025-02-03T13:46:02Z,5,need reminder everyday struggled year now—doom scrolling reel whatnot tried meditation switching dumbphone worked focusing reducing distraction filling day want purposeful trusting care hard cal newport book deep work start understand doomscrolled today week long
H86iO0mtsDI,BRAIN ROT | Why You Are Losing Control Of Your Brain?,@thefoxthatplaysgames1543,2025-01-19T21:45:07Z,7,part tried start minute silence wanted start cry decided close another meltdown today sometimes distraction needed
H86iO0mtsDI,BRAIN ROT | Why You Are Losing Control Of Your Brain?,@gauravpratapsinghrathore2510,2025-01-02T14:15:43Z,14,aevy subscriber since first knew different today feel
H86iO0mtsDI,BRAIN ROT | Why You Are Losing Control Of Your Brain?,@Its_daemon45,2025-01-03T05:22:58Z,7,step help set limit minute social medium apps instagram prevent excessive use disabled recommendation open app appears search want turned notification avoid distraction focused work
H86iO0mtsDI,BRAIN ROT | Why You Are Losing Control Of Your Brain?,@tanujakaira7986,2025-09-29T07:49:02Z,1,constantly facing severe headache attentionno focus commenting remind
H86iO0mtsDI,BRAIN ROT | Why You Are Losing Control Of Your Brain?,@HarishGowthamHG,2025-01-02T21:11:10Z,5,needed content turn notification instagram facebook alike check need focus mode work satisfy urge consume content listening podcasts working short form content reel short etc
H86iO0mtsDI,BRAIN ROT | Why You Are Losing Control Of Your Brain?,@chandans6750,2025-01-02T15:02:08Z,18,feel kind working brain rot create friction want avoid remainder deactivate insta extension blocking sitesetc atomic habit important working neuro specialist recommended whenever sleepy lazy instead coffee energy drink close left nostril breathe via nostril minute feel energy surging minute slowly unlike coffee crash sometimes last longer luke pomodoro technique blocked working session takedown random thought look break important todo list day without go scrolling reflect spent day went productive work went scrolling feeling guilty sufficient need measure improve improve measure
H86iO0mtsDI,BRAIN ROT | Why You Are Losing Control Of Your Brain?,@adnanali0738,2025-03-13T14:04:16Z,9,realized screwed started video speed
H86iO0mtsDI,BRAIN ROT | Why You Are Losing Control Of Your Brain?,@PRANAVSHARMA86,2026-02-14T11:29:29Z,0,must gather around work together humanity rewarding
H86iO0mtsDI,BRAIN ROT | Why You Are Losing Control Of Your Brain?,@MohitYadav-vk5ky,2025-09-24T01:49:13Z,1,earned subscribera member today work👏🙌
H86iO0mtsDI,BRAIN ROT | Why You Are Losing Control Of Your Brain?,@nikitakabra18,2025-09-23T07:01:32Z,0,hook stay till end challenge sit information however though around minute long yet broken major point allowed process information easily use different researcher validate point point brain rot reach core nice
H86iO0mtsDI,BRAIN ROT | Why You Are Losing Control Of Your Brain?,@catarina-destro,2025-10-10T22:14:09Z,1,tiktok year started learning brainrot noticed victim become human using laptop phone ipad better stopped stuff speed feel less zombie
H86iO0mtsDI,BRAIN ROT | Why You Are Losing Control Of Your Brain?,@ZAID_SHK_69,2025-06-25T04:42:07Z,2,past year trying avoid short video train stay away social medium every month lose focus end scrolling endlessly promised definitely avoid thanks
H86iO0mtsDI,BRAIN ROT | Why You Are Losing Control Of Your Brain?,@kaptaan9562,2025-06-02T12:08:02Z,2,turn social medium apps notification life get peaceful
H86iO0mtsDI,BRAIN ROT | Why You Are Losing Control Of Your Brain?,@saitoshmohanty1678,2025-10-30T06:44:52Z,0,feel retrospection introspection truly essential powerful tool battle brainrot
H86iO0mtsDI,BRAIN ROT | Why You Are Losing Control Of Your Brain?,@MayankYadav-eo7vx,2025-07-03T17:56:42Z,1,student video give valuable lesson learn
H86iO0mtsDI,BRAIN ROT | Why You Are Losing Control Of Your Brain?,@ChetanKarki-uz5le,2025-05-07T08:32:32Z,1,planning full pop lured away another notification
H86iO0mtsDI,BRAIN ROT | Why You Are Losing Control Of Your Brain?,@sandcrakes,2025-11-13T00:49:03Z,2,era sleeping healthy scrolling social medium
H86iO0mtsDI,BRAIN ROT | Why You Are Losing Control Of Your Brain?,@nishajaisingh2745,2025-09-19T05:46:02Z,0,felt patience diminishing mom talking expected talk faster finish convo done clicked immediately realized insta scroll attention span less started experiencing real
H86iO0mtsDI,BRAIN ROT | Why You Are Losing Control Of Your Brain?,@dasneutrum9906,2025-07-01T18:44:56Z,0,feel fewei feel viewer short since use social medium besides enjoy content reminds feel stressed due brainrot similar issue thank context love seeing another perspective
H86iO0mtsDI,BRAIN ROT | Why You Are Losing Control Of Your Brain?,@tamismith850,2025-10-22T02:41:16Z,1,thank week away switching flip phone due internet addiction noticing dramatic diminished mental psychic ability using last prayerfully week smartphone hear research feeling tend research support view want however doubt mind nonstop medium changed brain worst frightening tragic phenomenon hope reverse addiction recovery planning stage glad video part journey blessing
H86iO0mtsDI,BRAIN ROT | Why You Are Losing Control Of Your Brain?,@Kxishh7,2026-03-10T15:28:29Z,1,chose stay away social medium preparing iitjee competitive exam excessive use social medium reduce attention span ability problemsolving skill creates unnecessary distraction message especially important today generation use calculator simple calculation using brain human brain far powerful almost million calculator combined stop using slowly weaken potential generation manipulated cheap dopamine constant shortterm pleasure keep distracted prevent building real focus discipline deep
H86iO0mtsDI,BRAIN ROT | Why You Are Losing Control Of Your Brain?,@nemishpatel1994,2025-12-22T17:46:34Z,0,love lower percentage kept later list rest life
H86iO0mtsDI,BRAIN ROT | Why You Are Losing Control Of Your Brain?,@yuliana_kardash,2025-04-30T18:07:38Z,0,comfort tagged addicted appearance comprehension coherense giving vibe
H86iO0mtsDI,BRAIN ROT | Why You Are Losing Control Of Your Brain?,@gauriagrawal5516,2025-07-12T08:16:22Z,0,glad share friend achina take break absorb change aevy vibe🤟
H86iO0mtsDI,BRAIN ROT | Why You Are Losing Control Of Your Brain?,@Dani-Xavie.r,2025-06-01T15:18:28Z,1,deleting instasnap etc helped study able focus selected interested short short feel
H86iO0mtsDI,BRAIN ROT | Why You Are Losing Control Of Your Brain?,@Ana_13MooN,2025-06-16T10:38:44Z,1,odd let share anyways turn subtitle lower volume video read script loudly force brain understand word sentence mindlessly reduced skipping habit gave old school vibe reading class learning new continue whole length minute reading establishes connection hope help
H86iO0mtsDI,BRAIN ROT | Why You Are Losing Control Of Your Brain?,@vidyanshi_aggarwal,2026-02-17T13:48:56Z,0,recently stuck loop want create learn plan distracted continued realised none problem real problem found perfect thankful video want start inspiration thank
H86iO0mtsDI,BRAIN ROT | Why You Are Losing Control Of Your Brain?,@PeakForma,2026-03-24T19:25:05Z,0,starting hook amazing hurting ego force nice job
H86iO0mtsDI,BRAIN ROT | Why You Are Losing Control Of Your Brain?,@UmesHKumaR-zj2mp,2025-07-05T05:00:24Z,0,human focus memory creativity worth protecting
H86iO0mtsDI,BRAIN ROT | Why You Are Losing Control Of Your Brain?,@whitejohn-f5y,2025-05-13T05:11:06Z,0,idea try discussing friends—especially animation lovers—about animation suitable child add one youve agreed favorite playlist alternatively keep notepad write website animation share communicate others playlist keep growing kid bored course worried child stumbling upon inappropriate content download animation youve filtered let one youve selected
H86iO0mtsDI,BRAIN ROT | Why You Are Losing Control Of Your Brain?,@Didyouknow-g9c,2026-01-13T21:17:51Z,0,must today proudly best ❤❤❤ keep working hard audience realistic
H86iO0mtsDI,BRAIN ROT | Why You Are Losing Control Of Your Brain?,@PAIN-z9l,2025-10-08T07:48:50Z,0,intro mai sara theme samjha mai gya bhi iss intro likha hoga bhai sahab hat
H86iO0mtsDI,BRAIN ROT | Why You Are Losing Control Of Your Brain?,@deeps_Null,2025-04-18T08:53:12Z,1,walk night appreciate beauty moon star sky
H86iO0mtsDI,BRAIN ROT | Why You Are Losing Control Of Your Brain?,@AmaanNathani,2025-04-29T14:29:04Z,0,method fighting brain rot could week screen day friend green club decided technology misused day called screen day realize missing
H86iO0mtsDI,BRAIN ROT | Why You Are Losing Control Of Your Brain?,@chauhanhitesh4735,2025-09-17T06:47:26Z,0,first scroll day work creative day scroll reel movie series end day full enxiety dipression work load overthinking blah blah blah happens started meditet atlest min use social medium min day elder done social medium litrally big issue huminity heartly thank creating kind help
H86iO0mtsDI,BRAIN ROT | Why You Are Losing Control Of Your Brain?,@akshajcs6925,2025-04-26T08:39:36Z,0,love ending complimentary crew editor
H86iO0mtsDI,BRAIN ROT | Why You Are Losing Control Of Your Brain?,@govinddalal2004,2025-11-06T18:38:55Z,0,important learnt expect result instantly must patience work constantly gain better result
H86iO0mtsDI,BRAIN ROT | Why You Are Losing Control Of Your Brain?,@surajkumar5182,2025-11-06T12:36:53Z,1,moment wrote instead 10i knew cooked
H86iO0mtsDI,BRAIN ROT | Why You Are Losing Control Of Your Brain?,@arushi2265,2025-09-27T10:27:55Z,0,here reminder spending absolute silence minute first day gradually minute everyday hope win battle short attention spans❤
H86iO0mtsDI,BRAIN ROT | Why You Are Losing Control Of Your Brain?,@ayushanand9672,2025-11-07T15:51:59Z,0,wan help addicted phone thank sharing thank
H86iO0mtsDI,BRAIN ROT | Why You Are Losing Control Of Your Brain?,@anju2099,2025-09-17T08:58:13Z,0,chemistry lecture study distracted easily proof
H86iO0mtsDI,BRAIN ROT | Why You Are Losing Control Of Your Brain?,@rashmis7091,2025-11-05T11:23:48Z,0,hooked informative allowing brain search another digital dopamine
H86iO0mtsDI,BRAIN ROT | Why You Are Losing Control Of Your Brain?,@ganeshshinde08,2025-08-13T05:50:26Z,0,whenever feel stuck infinite scrolling long work
H86iO0mtsDI,BRAIN ROT | Why You Are Losing Control Of Your Brain?,@jingjing0510,2025-10-02T01:18:12Z,0,millennials experience working gen constant interaction gen family member issue real older generation younger generation less genuinely younger generation trouble focused process multiangle povs end look bigger picture cause effect cause google etc skill gone blame screen online content factual reason younger generation struggling thank showing telling beyond negative effect online content consumption there hope retrain brain
H86iO0mtsDI,BRAIN ROT | Why You Are Losing Control Of Your Brain?,@RodrigoGonçalves-m6h,2025-08-18T02:15:16Z,0,another term fomo fear missing unintentionally fearing loosing momentum improtant giving micro portion attention thanks
H86iO0mtsDI,BRAIN ROT | Why You Are Losing Control Of Your Brain?,@IITIANKRISH-s1r,2025-07-31T11:20:58Z,1,congratulated triggering dopamine rush top exemplified message video conclusion well done
H86iO0mtsDI,BRAIN ROT | Why You Are Losing Control Of Your Brain?,@lilyrodgers9067,2025-05-08T22:26:50Z,2,pocket notebook saved mind brain rot use capture find interesting video instagram reel let little intentional place want look caught attention earlier
H86iO0mtsDI,BRAIN ROT | Why You Are Losing Control Of Your Brain?,@letsthink5832,2025-10-26T04:43:56Z,0,topic bengali audience thanks motivating work
H86iO0mtsDI,BRAIN ROT | Why You Are Losing Control Of Your Brain?,@Prads10,2025-12-31T06:43:33Z,0,clicked thumbnail girl beautiful explains attention span increase automatically
H86iO0mtsDI,BRAIN ROT | Why You Are Losing Control Of Your Brain?,@ParthKulkarni-s19,2025-11-23T10:17:49Z,0,honest sort content internet today feel obligated need adrresed similar itch check new message notification subscription aevy change required thanks beautifull content
H86iO0mtsDI,BRAIN ROT | Why You Are Losing Control Of Your Brain?,@GottistGutLeben,2025-07-15T16:16:24Z,0,love walk without taking phone thanks reminded using phone
H86iO0mtsDI,BRAIN ROT | Why You Are Losing Control Of Your Brain?,@prasannpurigoswami8856,2025-11-09T15:41:58Z,0,bit happy feeling free thought help ill try give better change daily habit wakeup without phone start spoiling day honest btw randomly poped nowear
H86iO0mtsDI,BRAIN ROT | Why You Are Losing Control Of Your Brain?,@the.bijoysarkar,2026-01-11T16:45:14Z,0,thank achina mayya creating keep
H86iO0mtsDI,BRAIN ROT | Why You Are Losing Control Of Your Brain?,@lordbeerus8056,2025-04-28T14:24:14Z,0,team deserves recognition view effort put amazing moment girl say part viewer man hit hard little dopamine boost patted crushed work music background feel uplifting
H86iO0mtsDI,BRAIN ROT | Why You Are Losing Control Of Your Brain?,@Hfssfd,2025-12-13T11:25:40Z,0,feel connecting real world helpful escape brain rot real conversation real friend outside walk move try best real life outside virtual box
H86iO0mtsDI,BRAIN ROT | Why You Are Losing Control Of Your Brain?,@ganeshpurna1459,2026-01-05T17:37:21Z,0,almost month deleted instagram noticing becoming calmer day day help noticed slightly started using short though content different recently started endless scrolling found well realise imma try pointer mentioned
H86iO0mtsDI,BRAIN ROT | Why You Are Losing Control Of Your Brain?,@TheCluelessAcademy,2025-07-07T05:21:14Z,0,addicted content addicted novelty terrifying true
H86iO0mtsDI,BRAIN ROT | Why You Are Losing Control Of Your Brain?,@anuvibes288,2025-09-09T14:43:37Z,0,love talk wish could talk confidence her😊
H86iO0mtsDI,BRAIN ROT | Why You Are Losing Control Of Your Brain?,@Isaac-Yəriḥo-Yôḥānān,2025-07-13T12:18:49Z,0,girl show algorithm exposing brain rot else wierd shark animal wtf grenade sent block actual content exposing brain rot
H86iO0mtsDI,BRAIN ROT | Why You Are Losing Control Of Your Brain?,@KshtreshJaat-u2w,2026-04-07T12:10:29Z,1,iits quite helpfull mam thanks
H86iO0mtsDI,BRAIN ROT | Why You Are Losing Control Of Your Brain?,@KratikaYadav-209,2026-03-30T16:03:57Z,0,definitely stop scrolling big thank
H86iO0mtsDI,BRAIN ROT | Why You Are Losing Control Of Your Brain?,@hakseEngineer,2025-09-20T23:34:22Z,0,helped realize loosing focus nowadays keep scrolling reel though wasted randomly played end took challenge realize long minute straight turned social medium notification helped thanks
H86iO0mtsDI,BRAIN ROT | Why You Are Losing Control Of Your Brain?,@poorvikasingh7120,2025-12-14T08:49:29Z,0,resonate content instant gratification reduced deep focus capability regaining slowly introspection front mirror choosing longer content reel trying read book hardest stimulation focus breath mediation
H86iO0mtsDI,BRAIN ROT | Why You Are Losing Control Of Your Brain?,@darshan9068,2025-10-30T13:00:07Z,1,living word attention currency every swipe microtransaction massive attention economy
H86iO0mtsDI,BRAIN ROT | Why You Are Losing Control Of Your Brain?,@advitamp1549,2025-10-22T08:33:20Z,1,helped implementing screen free zone set specific day place house screen banned example dinner dining table keep phone away connect talk family member another studying keep phone different room studying zone specified according zone struggle brainrot
H86iO0mtsDI,BRAIN ROT | Why You Are Losing Control Of Your Brain?,@madhavbajaj9515,2025-09-19T06:07:59Z,0,start draw colour shape different diagram photo picture helped get short span attention focus eye detail leading longer span
H86iO0mtsDI,BRAIN ROT | Why You Are Losing Control Of Your Brain?,@dibyanshudas6855,2026-01-06T03:42:18Z,0,fact accepting real realising limited difference
H86iO0mtsDI,BRAIN ROT | Why You Are Losing Control Of Your Brain?,@Nisha67-m6p,2025-09-17T07:17:12Z,0,hey thank started touch phone wake first hour feel little uncomfortable daysbut start house chore coffeewalk remember need check phone helped management morning may big help evrything else wait❤
H86iO0mtsDI,BRAIN ROT | Why You Are Losing Control Of Your Brain?,@roshhhhhhh,2025-11-20T13:12:48Z,1,week deactivated social medium alive
H86iO0mtsDI,BRAIN ROT | Why You Are Losing Control Of Your Brain?,@anabeth_ani,2025-05-26T22:09:34Z,0,tell accurate recently content guy giving useful generation thank bringing mindfulness needed
H86iO0mtsDI,BRAIN ROT | Why You Are Losing Control Of Your Brain?,@GirishKunamneni,2026-01-15T05:53:54Z,1,could hold min lem finish tomorrow
H86iO0mtsDI,BRAIN ROT | Why You Are Losing Control Of Your Brain?,@saturn_zv,2025-09-03T17:14:42Z,1,stopped scrolling video atleast minute long helped delete instagram etc whenever want download remind last gained positive another scrolling addiction going outside schoolwork help stay busy though obviously shouldnt bored bored creative
H86iO0mtsDI,BRAIN ROT | Why You Are Losing Control Of Your Brain?,@medicomr.,2025-07-11T06:31:32Z,0,med student feel situation stopping learning preventing read book concentrate lecture long fighting hope detox dopamine bring era prepare competitive exam full focus thank valuable add value daily life graphic dynamic cinematics achina aevy delivering content
H86iO0mtsDI,BRAIN ROT | Why You Are Losing Control Of Your Brain?,@Sneha_sia07,2026-02-21T03:27:46Z,0,gather information writing essay examination video taught different realised problem find solution thank didi💝
H86iO0mtsDI,BRAIN ROT | Why You Are Losing Control Of Your Brain?,@hannibunny963,2025-07-01T07:20:34Z,0,helped turning phone tool course month would periodically delete social medium game browser strictly messenger tool calculator map camera helped recognize need tune sometimes instead doomscrolling listen audiobrookspodcasts knittingembroidering chore allows escape reality less overstimulating sometimes educational luck
H86iO0mtsDI,BRAIN ROT | Why You Are Losing Control Of Your Brain?,@kaustubhmallik,2025-12-30T17:51:05Z,0,worked pull habit reading pull loved read childhood example used read comic child started help reading might helpful genzgenalpha simple idea read whatever love till love read hope help
H86iO0mtsDI,BRAIN ROT | Why You Are Losing Control Of Your Brain?,@LokanHarmanny,2025-10-29T09:11:24Z,0,thank find fairly hard reprogram brain brain favorite feature want ruin hit mental gym guess thanks
H86iO0mtsDI,BRAIN ROT | Why You Are Losing Control Of Your Brain?,@haaarrdik,2025-09-19T08:26:29Z,0,suddenly realised scrolling throughout life scrolled ending couple month alarming sound high rewire soon possible choosing boredom patience day host look cute❤
H86iO0mtsDI,BRAIN ROT | Why You Are Losing Control Of Your Brain?,@Vedansh-w3i1p,2025-04-22T01:49:56Z,1,here learnt brainrot continuo stimulus provide brain lead alarmingly low attention span deep work capacity skyhigh dopamile base level hint brainrot single ping notification phone lead wasting next hour social medium worthless content inability stick plan manage willpower finally losing interest well cure first important spend less phone slacking start spending matter completely present present start spending individual might sound advice spend day cave lowering dopamine baseline stimulus embrace natural dopamine drawing without reference without music pure flow childish creativity finishing note none phone social acceptance seeking matter year long term therere use pedestal parent want turn want child feel look hope amazing life👍🏻
H86iO0mtsDI,BRAIN ROT | Why You Are Losing Control Of Your Brain?,@sarthayush,2025-11-30T16:43:55Z,0,read book recently named shallow nicholas carr state brainrot harm focus productivity believe book eye opener make feel trapped distraction ignore deep dived destroys completely
H86iO0mtsDI,BRAIN ROT | Why You Are Losing Control Of Your Brain?,@rorokobi,2025-04-30T20:25:32Z,0,awesome intro super cool loved notification popped beautiful landscape instantly feel annoyed showed problem away engaging super clear explanation visually stunning job
H86iO0mtsDI,BRAIN ROT | Why You Are Losing Control Of Your Brain?,@peaceinsyd,2026-01-23T02:05:10Z,0,thank maam today trying fight brain rot
H86iO0mtsDI,BRAIN ROT | Why You Are Losing Control Of Your Brain?,@mrzain5470,2025-05-19T12:26:03Z,0,taken step isolate short content day helpful journey tell change consequence reflect appreciate work
H86iO0mtsDI,BRAIN ROT | Why You Are Losing Control Of Your Brain?,@TusharAggarwal1,2025-08-17T03:40:36Z,0,faced issue saw notification another search found nice informative personally feel matter serious concern problem created nobody know deal solution given work self realisation hard enough take ready action mine going trouble
H86iO0mtsDI,BRAIN ROT | Why You Are Losing Control Of Your Brain?,@OmkarFaatak07,2025-04-29T07:45:15Z,0,understand deeper implication habit child endlessly scrolling bother theyll cope realworld problem fabricated neural pathway long run turning notification every goddamn app phone average hour instagram every day want bring low wish touched upon social medium apps redefining idea career professional stability—i find almost impossible quit instagram line work demand people attention frustrating feel helpless somedays
H86iO0mtsDI,BRAIN ROT | Why You Are Losing Control Of Your Brain?,@Sriram-o4j,2026-02-01T08:54:30Z,0,experience would brain rot real modern human easy prey funny human one feeding disease affect opinion stuck brainrot next step spend called intrapersonal communication mentioned progressive overload leave mobile stimulation entirely meaning happen hop wander mindless content definite purpose mind supposed work lastly would thank achina mayya taking meaningful content absolutely nailed
H86iO0mtsDI,BRAIN ROT | Why You Are Losing Control Of Your Brain?,@alankrita.thakur,2026-02-08T12:03:07Z,0,must quiet help scrolling hour social medium brain support thought sit silently creative feel sit scroll realise habit worse day day finally must sometime full uppp😄
H86iO0mtsDI,BRAIN ROT | Why You Are Losing Control Of Your Brain?,@phobicc_bae,2025-11-30T05:31:58Z,0,thanks god found knew since yr warned turned forgot starting losing control might help hope ppl topic save ppl
H86iO0mtsDI,BRAIN ROT | Why You Are Losing Control Of Your Brain?,@harshithsk2804,2025-09-21T04:08:55Z,0,fourth year engineering placement going seeing batchmates placed make regret every moment wasted could unskilled fire took control life view intentional effort realise capability achieve greatness act frienda
H86iO0mtsDI,BRAIN ROT | Why You Are Losing Control Of Your Brain?,@drishtikohli7426,2026-03-03T17:04:23Z,0,reflecting inability shut reel big platform thrives thrive reducing span constructing herd mentality reading please detox social medium form medium give immediate dopamine reading book feel heavy first build focus importantly try sit family member social medium influence mood shutting might feel withdrawal
H86iO0mtsDI,BRAIN ROT | Why You Are Losing Control Of Your Brain?,@onkrizz,2025-05-02T13:15:08Z,0,dude didi awakens mind ❤❤🎉🎉 btw didi look kitty
H86iO0mtsDI,BRAIN ROT | Why You Are Losing Control Of Your Brain?,@HealwithAkankshaa,2025-09-25T10:45:30Z,0,truly inspiring editing make brain exhausted couldnt long keep theh phone listen
-FNIAzYLCQA,"Will Australia's social media ban for under-16s work? - The Global Story podcast, BBC World Service",@HarshaYerni,2025-07-17T14:17:28Z,262,gon lie felt numb month surviving living dropped testosterone rewired david brook gave shot bro… book gave edge yelling hustle showing fix foundation life hit different
-FNIAzYLCQA,"Will Australia's social media ban for under-16s work? - The Global Story podcast, BBC World Service",@nitishyadav80-9,2025-08-26T14:27:31Z,176,need share changed stuck pattern year overthinking selfdoubt feeling blocked heard book manifest unseen luna river podcast quantum physic approach manifestation finally click week reading noticed synchronicity everywhere opportunity flowing naturally mindset completely shifted feeling stuck frequency alignment method book work amazed different life feel
-FNIAzYLCQA,"Will Australia's social media ban for under-16s work? - The Global Story podcast, BBC World Service",@maneshipocrates,2024-12-14T13:11:10Z,345,kidsban adult awful social medium platform
-FNIAzYLCQA,"Will Australia's social media ban for under-16s work? - The Global Story podcast, BBC World Service",@erican.c.2176,2024-12-16T10:56:41Z,143,parent gate keeper child safety big company government responsibility parent regular flip phone emergency use
-FNIAzYLCQA,"Will Australia's social media ban for under-16s work? - The Global Story podcast, BBC World Service",@fratcnarl,2024-12-22T13:33:11Z,16,tiktok instagram highly impact teenager life way nowadays young tend become influencer job want front screen want work want want high salary social medium platform opinion laziness situation make less intelligent since push mental health quiete high exposure fake unrealistic life afraid worried future
-FNIAzYLCQA,"Will Australia's social media ban for under-16s work? - The Global Story podcast, BBC World Service",@MattLeeYT,2025-02-16T06:02:41Z,23,mean kind typical childhood going outisde playing sport love sport second thought come picking ball could argue typical childhood day could social medium might sound waste itll worse generation
-FNIAzYLCQA,"Will Australia's social media ban for under-16s work? - The Global Story podcast, BBC World Service",@Barun_Kumar_bk,2024-12-19T04:41:46Z,11,adult struggling try keep distance social medium
-FNIAzYLCQA,"Will Australia's social media ban for under-16s work? - The Global Story podcast, BBC World Service",@ms-abbas,2024-12-17T04:17:10Z,81,kid government theyve done part parent part
-FNIAzYLCQA,"Will Australia's social media ban for under-16s work? - The Global Story podcast, BBC World Service",@luminousfractal420,2024-12-15T23:19:19Z,16,well advertiser stop aiming vulnerable child child abuse
-FNIAzYLCQA,"Will Australia's social media ban for under-16s work? - The Global Story podcast, BBC World Service",@Dande_Lion1,2025-12-07T03:17:47Z,1,discussion topic speaker enjoying picking interesting unfamiliar word since english learner sort content improve english enhance knowledge bbc goto information english learning resource
-FNIAzYLCQA,"Will Australia's social media ban for under-16s work? - The Global Story podcast, BBC World Service",@SeniorVitalityClub,2025-08-03T22:09:47Z,1,beautifully highlight profound impact community support compassionate gesture especially child facing immense challenge seeing ashlin empowered symbolically arrest illness heartwarming powerful demonstration sense agency positive narrative fostered difficult medical journey longterm psychological benefit personalized empowering experience child coping resilience truly significant aspect pediatric palliative support often explore content
-FNIAzYLCQA,"Will Australia's social media ban for under-16s work? - The Global Story podcast, BBC World Service",@NataliaBazj,2024-12-14T17:31:32Z,67,young started using internet purpose account simply set bookmark wanted keep track real live site requirement specify nickname would unique today ask citizenship age tax payment report grandmother maiden name hell know else suck
-FNIAzYLCQA,"Will Australia's social media ban for under-16s work? - The Global Story podcast, BBC World Service",@yestoglobalpeace,2024-12-15T19:42:42Z,48,sure kid learn common sense social medium would world need desperately future
-FNIAzYLCQA,"Will Australia's social media ban for under-16s work? - The Global Story podcast, BBC World Service",@BarbaraDettori,2025-01-07T07:47:29Z,62,parent buy was18 finally previous abstinence addicted postponing problem social platform safer key
-FNIAzYLCQA,"Will Australia's social media ban for under-16s work? - The Global Story podcast, BBC World Service",@maryloubjorasen34,2025-01-03T07:59:04Z,1,program enjoy content australian ban idea late adult community west consider issue providing adult content child abolished rating movie abolish limit aspect social interaction suggest took decade scientific evidence determine medication drug dispensed differently gender weight factor well inclined similar scale necessary impact human body esp mind invasive well scientific evidence used setting scale however questionable level issue multinuanced span across discipline thought well remember young father moved village big city young child topic pornography social medium asked opinion child access image seem run side screen automatically unless blocked response concern saved trouble giving child info sex connection act sex role friendship relationship aspect play contextit fab mechanical apparatus saved citizen responsibility parent responsibility government responsibility duty protect child ability responsible age matter otherwise worry knowledge transmitted
-FNIAzYLCQA,"Will Australia's social media ban for under-16s work? - The Global Story podcast, BBC World Service",@DorothyTian-s9i,2025-10-24T07:35:39Z,0,thought it—turns every smooth phone call gps nav tiny xotcxoocxo hero behind kudos dynamic engineer keeping tech steady weather messy
-FNIAzYLCQA,"Will Australia's social media ban for under-16s work? - The Global Story podcast, BBC World Service",@pcnews4858,2025-03-15T12:22:25Z,1,could look neurological research screen effect brain development damage may done young school workplace started forming teacher area use device school
-FNIAzYLCQA,"Will Australia's social media ban for under-16s work? - The Global Story podcast, BBC World Service",@ardenskylark6235,2025-01-09T02:43:47Z,3,probably real education danger pitfall would class huge number desperate online absolutely desperation explore absolutely regard issue
-FNIAzYLCQA,"Will Australia's social media ban for under-16s work? - The Global Story podcast, BBC World Service",@ridhohadid,2025-12-22T03:48:11Z,5,wonder verification method using face recognition related privacy
-FNIAzYLCQA,"Will Australia's social media ban for under-16s work? - The Global Story podcast, BBC World Service",@General4474,2025-03-12T19:10:13Z,14,regulate toilet paper used poop especially
-FNIAzYLCQA,"Will Australia's social media ban for under-16s work? - The Global Story podcast, BBC World Service",@AhHyn,2024-12-17T04:17:34Z,1,use network carrier regulate app url
-FNIAzYLCQA,"Will Australia's social media ban for under-16s work? - The Global Story podcast, BBC World Service",@張斌-f3u,2025-02-07T02:41:19Z,3,issue parent kid rest world social medium sex drug driving alcohol etc
-FNIAzYLCQA,"Will Australia's social media ban for under-16s work? - The Global Story podcast, BBC World Service",@DanSi1d1,2024-12-15T03:40:34Z,74,parentsdont buy kid smart phone simple
-FNIAzYLCQA,"Will Australia's social media ban for under-16s work? - The Global Story podcast, BBC World Service",@KonradKostevski,2025-08-04T01:39:44Z,19,comment utterly clueless protecting child else
-FNIAzYLCQA,"Will Australia's social media ban for under-16s work? - The Global Story podcast, BBC World Service",@DailyPrayerFamily,2025-07-29T05:53:30Z,1,episode thoughtprovoking timely discussion around australia proposed social medium ban under16s balanced insightful raise important question youth safety freedom digital responsibility global story podcast continues deliver highquality journalism spark meaningful conversation wishing listener greater awareness thoughtful dialogue safer informed digital world future generation stay curious keep engaging vital issue
-FNIAzYLCQA,"Will Australia's social media ban for under-16s work? - The Global Story podcast, BBC World Service",@AMEM-y6f,2024-12-14T20:10:19Z,1,used app teacher student social medium sharing app released covid
-FNIAzYLCQA,"Will Australia's social media ban for under-16s work? - The Global Story podcast, BBC World Service",@XandriaRavenheart,2025-06-10T23:53:47Z,2,last generation social medium applaud decision adult post graduate delete social medium whenever study apps absolutely useless timewasters unless want spread awareness mobilise online campaign etc
-FNIAzYLCQA,"Will Australia's social media ban for under-16s work? - The Global Story podcast, BBC World Service",@tengotnco5942,2025-01-26T13:59:18Z,1,leadership protects vulnerable need stop monetizing emotion control brain
-FNIAzYLCQA,"Will Australia's social media ban for under-16s work? - The Global Story podcast, BBC World Service",@eskimo4130,2024-12-15T16:39:58Z,8,find interesting debate circle web often talk poorly developed apps website
-FNIAzYLCQA,"Will Australia's social media ban for under-16s work? - The Global Story podcast, BBC World Service",@teixeiragv,2025-12-11T00:56:52Z,2,finally introducing measure significantly increase ability identify user access detailed personal information year sought deeper entry individual private data justification child protection putting control place enforce ban big tech require expanded access user device including private data capability restrict block application user rely legal authority implication else remain unclear raise question expanded control eventually become source monetization
-FNIAzYLCQA,"Will Australia's social media ban for under-16s work? - The Global Story podcast, BBC World Service",@patri.trixie,2025-11-15T17:12:22Z,1,would recommend ofelia fernández documentary topic called whats wrong generetion happy
-FNIAzYLCQA,"Will Australia's social media ban for under-16s work? - The Global Story podcast, BBC World Service",@MegaMilly21,2024-12-24T06:06:39Z,2,control parent expose provide social platform theỉr phone account
-FNIAzYLCQA,"Will Australia's social media ban for under-16s work? - The Global Story podcast, BBC World Service",@TheDaily60News,2026-05-12T01:24:37Z,1,adult struggling try keep distance social medium
-FNIAzYLCQA,"Will Australia's social media ban for under-16s work? - The Global Story podcast, BBC World Service",@elliebellie7816,2024-12-17T23:15:39Z,18,going work dependent parental supervision parent want supervise child online activity take away internet use
-FNIAzYLCQA,"Will Australia's social media ban for under-16s work? - The Global Story podcast, BBC World Service",@ShehabAhmed-u1i,2024-12-17T21:56:15Z,0,restriction posting material quantity successful preliminary initiative restriction social medium depend age
-FNIAzYLCQA,"Will Australia's social media ban for under-16s work? - The Global Story podcast, BBC World Service",@JamesPortoraro,2025-05-08T17:12:59Z,0,amazing americanized use language program
-FNIAzYLCQA,"Will Australia's social media ban for under-16s work? - The Global Story podcast, BBC World Service",@lokeshtiwari9430,2024-12-19T11:28:52Z,3,social medium trend india poisonous wonder government doesnt take action
-FNIAzYLCQA,"Will Australia's social media ban for under-16s work? - The Global Story podcast, BBC World Service",@Julsnalice,2024-12-16T06:03:39Z,7,prove age regardless information going stored somewhere vulnerable alternate us stolen
-FNIAzYLCQA,"Will Australia's social media ban for under-16s work? - The Global Story podcast, BBC World Service",@About-s3e,2025-04-13T12:31:57Z,0,important topic curious enforcement work
-FNIAzYLCQA,"Will Australia's social media ban for under-16s work? - The Global Story podcast, BBC World Service",@bavaliyajagdish2613,2025-01-17T16:36:05Z,1,government apply common social account number social medium platform
-FNIAzYLCQA,"Will Australia's social media ban for under-16s work? - The Global Story podcast, BBC World Service",@m.a.b.4104,2024-12-15T09:16:13Z,23,real evidence example gaming addiction real addiction definitely true decade substance abuse excessive playing tony hawk proskating twenty proved gaming mentally addictive similar gambling etc physically addictive smoking hard substance
-FNIAzYLCQA,"Will Australia's social media ban for under-16s work? - The Global Story podcast, BBC World Service",@woodworksbrighton5355,2024-12-15T23:03:43Z,26,understand hard pas law drink drive licence smoke tip toe around explain
-FNIAzYLCQA,"Will Australia's social media ban for under-16s work? - The Global Story podcast, BBC World Service",@Pierrevandervenne,2025-01-22T17:06:55Z,2,dyi implemented decade ago violated driver license implemented decade ago violated put ban place least acting letting child device driving car etc
-FNIAzYLCQA,"Will Australia's social media ban for under-16s work? - The Global Story podcast, BBC World Service",@SeniorVitalityHealth-688,2025-07-17T00:47:19Z,0,brilliant explanation finally make sense wish doctor explained thank sharing valuable information
-FNIAzYLCQA,"Will Australia's social media ban for under-16s work? - The Global Story podcast, BBC World Service",@chansirterrit,2025-10-22T01:46:56Z,0,necessary take care edge must banned
-FNIAzYLCQA,"Will Australia's social media ban for under-16s work? - The Global Story podcast, BBC World Service",@SeniorVitalityHealth-688,2025-07-17T01:08:09Z,0,incredibly helpful easy understand truly wish doctor explained thank complex information clear simple
-FNIAzYLCQA,"Will Australia's social media ban for under-16s work? - The Global Story podcast, BBC World Service",@conchimnhonho3318,2025-02-04T10:29:57Z,1,community gon badly affected protect next generation necessary image kid friend friend facet harm child bullying exposing kid inappropriate generally harm point gon separate kid friend boundary since friend care safety wellbeing child fck
-FNIAzYLCQA,"Will Australia's social media ban for under-16s work? - The Global Story podcast, BBC World Service",@wmitch22,2025-08-01T07:03:35Z,2,luck idea year old around limit location age verification ridiculous would take kid lunchtime school yard create account tibetan monk including photo
-FNIAzYLCQA,"Will Australia's social media ban for under-16s work? - The Global Story podcast, BBC World Service",@DeepaKasirajan,2025-08-26T01:54:36Z,3,better kid outside playing friend stuck social medium teach safe internet year government move mum teenager year old
-FNIAzYLCQA,"Will Australia's social media ban for under-16s work? - The Global Story podcast, BBC World Service",@AbdulazizKhakimov-f9x,2024-12-19T05:10:09Z,3,would tackle issue creating app designed child set limit using social medium child installed app school app deleted app nonremovable reach government easily control generation believe best solve problem modern problem require modern solution
-FNIAzYLCQA,"Will Australia's social media ban for under-16s work? - The Global Story podcast, BBC World Service",@simonwilliams3227,2024-12-16T10:38:42Z,20,quote decided sorry remember attribute mobile phone give kid access world give world access kid
-FNIAzYLCQA,"Will Australia's social media ban for under-16s work? - The Global Story podcast, BBC World Service",@romeoanto1476,2025-03-22T05:49:48Z,2,social medium paltfrom leanring markeitng work busines sudpates young kid want learn explore allowed decison ban social medium benficial damaging ellegal content idea think asain countires parent strict child country punish type kind punishment everybody shoudl opportutieis learn adapt social techcnial enviromental domain social medium longer different rather bannking scial medium control social medium company show country
-FNIAzYLCQA,"Will Australia's social media ban for under-16s work? - The Global Story podcast, BBC World Service",@ydshub,2025-01-13T21:37:46Z,1,possible solution create second version application targeted kid friendly example kid network company try sake kid wellbeing acris world
-FNIAzYLCQA,"Will Australia's social media ban for under-16s work? - The Global Story podcast, BBC World Service",@damon4802,2024-12-16T07:00:20Z,0,growing copy best bit lady chatterly lover course work
-FNIAzYLCQA,"Will Australia's social media ban for under-16s work? - The Global Story podcast, BBC World Service",@jessicajames4493,2025-08-09T12:02:46Z,2,invented platform allows child use let child use either
-FNIAzYLCQA,"Will Australia's social media ban for under-16s work? - The Global Story podcast, BBC World Service",@s.p.v9509,2025-05-18T18:05:46Z,1,parent responsibility monitor kid use social medium however government need mandate social medium responsible remove toxic content
-FNIAzYLCQA,"Will Australia's social media ban for under-16s work? - The Global Story podcast, BBC World Service",@AurelienLamptey,2025-05-13T12:54:04Z,0,complex issue—curious australia handle balance safety freedom
-FNIAzYLCQA,"Will Australia's social media ban for under-16s work? - The Global Story podcast, BBC World Service",@NovaCurious-v8c,2025-03-26T18:47:10Z,0,luse awesome content small tweak view could double triple done channel let detail
-FNIAzYLCQA,"Will Australia's social media ban for under-16s work? - The Global Story podcast, BBC World Service",@ShadinTips,2025-04-20T07:06:11Z,0,খুব সুন্দর একটি নাটক। আমার গল্প খুব ভালো লাগলো। গল্পটির মধ্যে সুন্দর একটি শিক্ষণীয় বিষয় আছে। ধন্যবাদ আপনাকে সুন্দর একটি গল্প উফহার দায়ের জন্য।
-FNIAzYLCQA,"Will Australia's social media ban for under-16s work? - The Global Story podcast, BBC World Service",@winwinwin282828,2025-02-09T06:25:56Z,4,singapore school secondary encourage use social medium parent trying control use
-FNIAzYLCQA,"Will Australia's social media ban for under-16s work? - The Global Story podcast, BBC World Service",@johnson-cao,2025-02-07T15:02:31Z,0,problem parent patience check kind conversation focus keep flipping screen
-FNIAzYLCQA,"Will Australia's social media ban for under-16s work? - The Global Story podcast, BBC World Service",@FatemaTuzZohora-i3l,2025-12-11T09:48:40Z,0,honour world striving towards better future together create generation stuck phone stuck saving world 😁😁😁😁😁😁😁 hope soon country follow australia denmark take stronger action protect younger generation new generation horror bullying racism
-FNIAzYLCQA,"Will Australia's social media ban for under-16s work? - The Global Story podcast, BBC World Service",@isadore_s,2025-08-22T11:01:22Z,2,game roblox adult player talk kid know conversation could tell
-FNIAzYLCQA,"Will Australia's social media ban for under-16s work? - The Global Story podcast, BBC World Service",@sanzhartailakbayev3012,2025-11-07T00:39:16Z,1,fare australian kid outdoorsy life nature social infrastructure big tropical playground
-FNIAzYLCQA,"Will Australia's social media ban for under-16s work? - The Global Story podcast, BBC World Service",@sanzhartailakbayev3012,2025-11-07T00:34:44Z,1,zillennial generation millennials gen grew rise technology law implemented least appropriate age ban year old year old year old tough teen mature enough constructive decision around social medium risk unlike year year old
-FNIAzYLCQA,"Will Australia's social media ban for under-16s work? - The Global Story podcast, BBC World Service",@Alextheyoutuber897,2025-02-21T03:21:48Z,2,well adult happy social medium banned teen young adult would angry
-FNIAzYLCQA,"Will Australia's social media ban for under-16s work? - The Global Story podcast, BBC World Service",@Kalami.Anghami,2025-05-17T09:15:19Z,1,problem inside social medium app found human parent attitude allow buy smartphones kid small age
-FNIAzYLCQA,"Will Australia's social media ban for under-16s work? - The Global Story podcast, BBC World Service",@houseboundrobot1048,2026-03-29T06:00:08Z,2,risk ban pose adult include identity theft financial fraud data breach mass surveillance government overreach chilling effect free speech data brokering foreign state access personal data simswapping attack phishing smishing scam biometric data harvesting loss anonymity online normalisation idgating internet platform monopolisation australia canary coal mine showing terrible idea
-FNIAzYLCQA,"Will Australia's social media ban for under-16s work? - The Global Story podcast, BBC World Service",@Ellej-n3o,2025-09-01T20:59:46Z,4,parent job parent stop child government government trust parent government taking parent job usually use internet comfort find similar situation tell supposed
-FNIAzYLCQA,"Will Australia's social media ban for under-16s work? - The Global Story podcast, BBC World Service",@XCAVVVx,2024-12-16T04:59:59Z,28,useless parent allow use internet supervision
-FNIAzYLCQA,"Will Australia's social media ban for under-16s work? - The Global Story podcast, BBC World Service",@user-user-rxtxpxdx,2024-12-14T14:25:43Z,12,view big corporation moot shouldnt discussed cause using kid money letting year old kid use theyll let year increasing target market
-FNIAzYLCQA,"Will Australia's social media ban for under-16s work? - The Global Story podcast, BBC World Service",@azell2913,2025-12-28T09:15:36Z,1,build foot wall create market foot ladder
-FNIAzYLCQA,"Will Australia's social media ban for under-16s work? - The Global Story podcast, BBC World Service",@darrenrice7225,2025-04-23T07:33:28Z,4,problem social medium network modern day reliance internet whole internet become online world wisiting another country must provide passport pas security happen enter virtual world internet law apply online real world new law must created hat china nation internet restricted fact havent gone far enough need government power turn government manipulated global company relying internet financial success internet shouldnt available general public controlling internet controlling unnecessary mankind become part synthetic culture internet used global data base wealth information knowledge communication gaming doesnt relate purpose obtaining information essentially global library need better leader
-FNIAzYLCQA,"Will Australia's social media ban for under-16s work? - The Global Story podcast, BBC World Service",@Kalami.Anghami,2025-05-17T09:25:11Z,1,social medium algorithm thought whats human want experience hate every recommend new thingspagesposts depended past behavior point left social medium app year starting facebook disable option give choice every keep page thought hate current algorithm outside thought want need choice outside comfort zone
-FNIAzYLCQA,"Will Australia's social media ban for under-16s work? - The Global Story podcast, BBC World Service",@eugenel1114,2025-10-06T07:03:05Z,1,would give essential liberty purchase little temporary safety deserve neither liberty safety
-FNIAzYLCQA,"Will Australia's social media ban for under-16s work? - The Global Story podcast, BBC World Service",@dianan.4013,2026-02-13T10:24:28Z,0,year old tell social medium addiction horrible disruptive problem medical professional little difference doomscrolling actual addiction since newer phenomenon surface doesnt seem serious bit bingeeating disorder taken less seriously anorexic unlike telling alcoholic cigarette addict stop purchasing alcohol cigarette difficult phone try best live analog possible society seems bent digitalising train ticket available digitally example brand launch best campaign social medium
-FNIAzYLCQA,"Will Australia's social media ban for under-16s work? - The Global Story podcast, BBC World Service",@AmarVasave-e1m,2025-07-17T14:17:25Z,0,felt drained tired everday tried preworkouts guru morning routine nearly killed none hit saw mention testosterone rewired david brook comment changed life following book past couple week realize running empty year wish knew year ago🔥
-FNIAzYLCQA,"Will Australia's social media ban for under-16s work? - The Global Story podcast, BBC World Service",@mstone195,2024-12-27T01:22:56Z,0,implement kind system using ssn south korea
-FNIAzYLCQA,"Will Australia's social media ban for under-16s work? - The Global Story podcast, BBC World Service",@Life.animal.matters,2025-03-30T15:04:29Z,1,critizied social medium social medium web
-FNIAzYLCQA,"Will Australia's social media ban for under-16s work? - The Global Story podcast, BBC World Service",@michaelrichardt,2025-04-21T08:27:35Z,1,absolutely social medium safe child
-FNIAzYLCQA,"Will Australia's social media ban for under-16s work? - The Global Story podcast, BBC World Service",@Alextheyoutuber897,2025-02-21T03:25:05Z,2,would lose young social medium message friend social medium important
-FNIAzYLCQA,"Will Australia's social media ban for under-16s work? - The Global Story podcast, BBC World Service",@RuthAhmadu-i8n,2025-05-23T06:36:55Z,0,beginner workout help build confidence strength burning calorie effectively
-FNIAzYLCQA,"Will Australia's social media ban for under-16s work? - The Global Story podcast, BBC World Service",@paullau5436,2024-12-16T12:32:58Z,11,issue teenage use smartphone social medium point adult create social medium restrict young use sense
-FNIAzYLCQA,"Will Australia's social media ban for under-16s work? - The Global Story podcast, BBC World Service",@Think_77,2024-12-17T10:38:23Z,11,large percentage kid would prefer live world without social medium platform feel left law normalising kid social medium expected society parent 18 drink alcohol sure hard prevent 18 drinking exception
-FNIAzYLCQA,"Will Australia's social media ban for under-16s work? - The Global Story podcast, BBC World Service",@vladnurk4710,2025-12-16T10:45:22Z,1,albo working new extension social ban include senior age
-FNIAzYLCQA,"Will Australia's social media ban for under-16s work? - The Global Story podcast, BBC World Service",@MegaMilly21,2024-12-24T06:05:00Z,1,referring point year old able understand navigate social medium relevant platform issue
-FNIAzYLCQA,"Will Australia's social media ban for under-16s work? - The Global Story podcast, BBC World Service",@kositon,2025-12-02T08:21:23Z,1,sn terrible repeatedly push uninteresting post click interested
-FNIAzYLCQA,"Will Australia's social media ban for under-16s work? - The Global Story podcast, BBC World Service",@SimplyGamingandTech,2024-12-17T10:20:34Z,8,year old hooked personal vpn showed it😂
-FNIAzYLCQA,"Will Australia's social media ban for under-16s work? - The Global Story podcast, BBC World Service",@IKS-Exploration,2025-06-21T08:18:53Z,1,australia upcoming social medium ban under16s bold move success hinge effective enforcement consideration unintended consequence age verification technology show promise concern privacy accuracy potential circumvention remain crucial balance protection accessibility ensuring young pushed less regulated online space policy could set global precedent realworld impact depend careful implementation ongoing evaluation
-FNIAzYLCQA,"Will Australia's social media ban for under-16s work? - The Global Story podcast, BBC World Service",@yumichiz,2025-02-17T04:28:39Z,1,teen currently instagram would inforce
-FNIAzYLCQA,"Will Australia's social media ban for under-16s work? - The Global Story podcast, BBC World Service",@michaelcas19,2025-03-15T05:00:48Z,0,family use social medium facebook instagram tik tok happy attend vivid conversation
-FNIAzYLCQA,"Will Australia's social media ban for under-16s work? - The Global Story podcast, BBC World Service",@marcodrayton1132,2025-05-26T09:53:22Z,4,believe parent able give child access social medium ready child
-FNIAzYLCQA,"Will Australia's social media ban for under-16s work? - The Global Story podcast, BBC World Service",@michaelrichardt,2025-04-21T08:07:37Z,0,create block social medium phone
-FNIAzYLCQA,"Will Australia's social media ban for under-16s work? - The Global Story podcast, BBC World Service",@AriestaEnglishCorner_mahmud,2026-04-24T17:22:26Z,0,point view kid addictive country nowadays indonesia kid cry use handphone
-FNIAzYLCQA,"Will Australia's social media ban for under-16s work? - The Global Story podcast, BBC World Service",@anonymousgirl.48,2025-01-21T03:26:01Z,1,fake age plus kid find access shouldnt first place
-FNIAzYLCQA,"Will Australia's social media ban for under-16s work? - The Global Story podcast, BBC World Service",@HansSchreiber-k9n,2026-01-20T08:15:45Z,1,alwith government brings problem society
-FNIAzYLCQA,"Will Australia's social media ban for under-16s work? - The Global Story podcast, BBC World Service",@NagarajuB-i7t,2025-08-26T14:25:34Z,0,world either lonely missing somebody depressed hurt scarred past personal issue know secret believe wish dream hope sitting reading word writing feel alone anymore helped start overcoming pain move toward goal reading manifest unseen luna river opened eye way expect remember depressed past worry future focus today
-FNIAzYLCQA,"Will Australia's social media ban for under-16s work? - The Global Story podcast, BBC World Service",@donaldkeith139,2025-11-13T08:53:02Z,1,government shouldnt regulate parenting plus social medium real avenue seeing side medium story
-FNIAzYLCQA,"Will Australia's social media ban for under-16s work? - The Global Story podcast, BBC World Service",@Cleo20777,2025-07-02T09:25:49Z,1,social medium terrible worse child
-FNIAzYLCQA,"Will Australia's social media ban for under-16s work? - The Global Story podcast, BBC World Service",@mohammad_rakib_YT-1,2025-07-17T14:17:28Z,0,scrolling feel read burnt low energy found testosterone rewired david brook zero expectation man chapter chapter rebuilt hype fake motivation stuff ground reset system book saved wish found sooner🔥
-FNIAzYLCQA,"Will Australia's social media ban for under-16s work? - The Global Story podcast, BBC World Service",@nicolarollinson4381,2026-02-09T07:36:54Z,0,suggest positive route include education present social medium online school curriculum historically banning stuff worked bullying paedophile appears huge online influencers need policed area expertise platform kid friendly parent need take responsibility bob worth showing root
-FNIAzYLCQA,"Will Australia's social media ban for under-16s work? - The Global Story podcast, BBC World Service",@kunhe7431,2025-10-18T02:08:20Z,0,would social medium negative impact teenager postive one child keep away adult easily addicted government set related legislation control trend stop teenager child spending
-FNIAzYLCQA,"Will Australia's social media ban for under-16s work? - The Global Story podcast, BBC World Service",@ЕленаДанильчук-ж3в,2025-04-23T21:35:31Z,0,жаль топе или рекомендациях видос зачетный знаю если быстро надо раскачать можно попробовать ютифай хоть платно
-FNIAzYLCQA,"Will Australia's social media ban for under-16s work? - The Global Story podcast, BBC World Service",@Sling2026,2024-12-17T13:15:23Z,0,beta focus study future depends hard work lead success excel else follow stay disciplined keep goal sight keep pushing success around corner
-FNIAzYLCQA,"Will Australia's social media ban for under-16s work? - The Global Story podcast, BBC World Service",@hyooon9504,2025-01-15T10:05:28Z,1,maybe banning greatly effective unless however would easy regulation deal anxious parent would give social medium role model child hmmm previously often saw parent entertaining child waiting train bus nowadays nanny looking busy upload photo minute looking little one eye hand hour looking little screen
-FNIAzYLCQA,"Will Australia's social media ban for under-16s work? - The Global Story podcast, BBC World Service",@Bhupchandramishra,2025-07-17T14:17:28Z,0,felt drained tired everday tried preworkouts guru morning routine nearly killed none hit saw mention testosterone rewired david brook comment changed life following book past couple week realize running empty year wish knew year ago🔥
-FNIAzYLCQA,"Will Australia's social media ban for under-16s work? - The Global Story podcast, BBC World Service",@cariad4297,2025-09-06T16:24:11Z,1,almost positive social medium almost negative banning
-FNIAzYLCQA,"Will Australia's social media ban for under-16s work? - The Global Story podcast, BBC World Service",@logeswari,2025-05-19T16:08:47Z,0,cigarette banned well harm primary secondary smoker
-FNIAzYLCQA,"Will Australia's social media ban for under-16s work? - The Global Story podcast, BBC World Service",@Alucardissocool,2025-06-02T08:51:51Z,0,kid love come internet collect figure buy online favorite anime series arent accessible tv love sharing art hearing new wacky going internet negative try best press show weird stuff show stuff accessible trust kid website arent safe bloody stupid kid class act toddler joking theyll cry crawl floor move around constantly laugh sure child age access weird stuff weirdo access child though facebook know minor bloody inappropriate image woman feed safe social medium app would pinterest mind using honest petty remove whats going favorite game show
-FNIAzYLCQA,"Will Australia's social media ban for under-16s work? - The Global Story podcast, BBC World Service",@Orionchocoboyn,2026-04-06T02:24:57Z,0,early exposure social medium lead distorted perception lifestyle content properly controlled
-FNIAzYLCQA,"Will Australia's social media ban for under-16s work? - The Global Story podcast, BBC World Service",@ricardobosqueverde7262,2025-12-02T05:50:48Z,1,please wake forcing every person matter age obtain digital identification mark controlling forcing quiet able access normal service government private service word create social punish contrary government lobby control government want example voice criticism netanyahu
-FNIAzYLCQA,"Will Australia's social media ban for under-16s work? - The Global Story podcast, BBC World Service",@IvySnowFillyVideos,2025-01-08T22:34:29Z,1,government overreach life proof positive safe there harm regardless age social medium street
-FNIAzYLCQA,"Will Australia's social media ban for under-16s work? - The Global Story podcast, BBC World Service",@mk_said,2025-01-19T11:18:15Z,0,guest arguing side sound fair discussion shape form man clearly support australia ban argument favour heard passing presenter
-FNIAzYLCQA,"Will Australia's social media ban for under-16s work? - The Global Story podcast, BBC World Service",@nanettej9760,2024-12-15T15:52:54Z,0,rid awfully sad kid influencers situation
-FNIAzYLCQA,"Will Australia's social media ban for under-16s work? - The Global Story podcast, BBC World Service",@MunisxonQulbekova,2024-12-17T08:13:01Z,0,choice teenager knowledge work skill
-FNIAzYLCQA,"Will Australia's social media ban for under-16s work? - The Global Story podcast, BBC World Service",@Carolline323,2026-02-15T21:07:24Z,0,social medium merely amplifier peer group real shaper peer circle healthy influence platform weakens peer circle imbalanced banning apps solve problem
-FNIAzYLCQA,"Will Australia's social media ban for under-16s work? - The Global Story podcast, BBC World Service",@smmuajhossain8483,2025-01-10T16:22:35Z,3,decision mature use type platform
-FNIAzYLCQA,"Will Australia's social media ban for under-16s work? - The Global Story podcast, BBC World Service",@davidsango6532,2025-06-17T16:56:00Z,0,become big fan thanks meaningful content practicing listening skill highly grateful
-FNIAzYLCQA,"Will Australia's social media ban for under-16s work? - The Global Story podcast, BBC World Service",@americancheese,2025-09-05T15:10:13Z,1,well done australia social medium toxic
-FNIAzYLCQA,"Will Australia's social media ban for under-16s work? - The Global Story podcast, BBC World Service",@aikoozxcv,2025-07-05T08:27:20Z,1,thailand affect country better viewer probably year old might australian gon limit age enough tbh yr starting mature
-FNIAzYLCQA,"Will Australia's social media ban for under-16s work? - The Global Story podcast, BBC World Service",@luffirton,2026-02-25T21:11:05Z,0,biggest issue limit social medium use restrict use minute day parent able extend hour day restriction night weekday prevent child disturbed distracted social medium disrupt learning activity next day categorize child age group use social medium minute day year old use hour minute day ultimately believe screen might contribute negative impact social medium screen high prevents developing healthy habit social medium limiting use instead age give young possibility enjoy participate online learning express activity sure apps accessible limited use activity appropriate sleeping could argue parent responsibility limit screen use social medium reporter stated constant battle teen want social medium find limiting availability would solution experiment blanket ban away measure work blanket ban might evaluation measure would necessary age assurance technology would needed ensure child put age category child 13 allowed holding account
-FNIAzYLCQA,"Will Australia's social media ban for under-16s work? - The Global Story podcast, BBC World Service",@UdayaPatra-b6x,2025-07-17T14:17:28Z,0,tried hack ice bath preworkouts dopamine detox none clicked felt tired everyday dropped testosterone rewired david brook checked locked since hype clarity wild long running fumes🔥
-FNIAzYLCQA,"Will Australia's social media ban for under-16s work? - The Global Story podcast, BBC World Service",@Sachinrajput-ml8si,2025-07-17T14:17:27Z,0,tried hack ice bath preworkouts dopamine detox none clicked felt tired everyday dropped testosterone rewired david brook checked locked since hype clarity wild long running fumes🔥
-FNIAzYLCQA,"Will Australia's social media ban for under-16s work? - The Global Story podcast, BBC World Service",@fluffdaddy41,2025-04-14T07:32:53Z,3,social medium company plenty implement child safety care less happy putting pressure act together
-FNIAzYLCQA,"Will Australia's social media ban for under-16s work? - The Global Story podcast, BBC World Service",@tangmoghj5932,2026-01-08T01:16:35Z,0,would new generation jealous generation
-FNIAzYLCQA,"Will Australia's social media ban for under-16s work? - The Global Story podcast, BBC World Service",@openranks4519,2025-01-03T15:53:01Z,2,guy talking plenty research show negative implication excessive use social medium
-FNIAzYLCQA,"Will Australia's social media ban for under-16s work? - The Global Story podcast, BBC World Service",@ThebirdGuardien,2025-09-16T15:53:09Z,1,please social medium destroying society
-FNIAzYLCQA,"Will Australia's social media ban for under-16s work? - The Global Story podcast, BBC World Service",@paullau5436,2024-12-16T13:03:56Z,1,main factor ban social medial age social medial firm funded political party paid bill would free
-FNIAzYLCQA,"Will Australia's social media ban for under-16s work? - The Global Story podcast, BBC World Service",@patricianoll1229,2025-06-13T01:12:16Z,0,buy phone give kid ban
-FNIAzYLCQA,"Will Australia's social media ban for under-16s work? - The Global Story podcast, BBC World Service",@JohnStevenss,2025-06-12T22:45:40Z,0,parent kid seeing control themselve difference care set account kid
-FNIAzYLCQA,"Will Australia's social media ban for under-16s work? - The Global Story podcast, BBC World Service",@BeeKind-Always,2025-01-17T10:58:02Z,1,best decision happens finally please united kingdom across world
-FNIAzYLCQA,"Will Australia's social media ban for under-16s work? - The Global Story podcast, BBC World Service",@Icecoldgaming-vlogs,2025-04-21T16:20:59Z,0,use vpn ban unlock kid silly
-FNIAzYLCQA,"Will Australia's social media ban for under-16s work? - The Global Story podcast, BBC World Service",@李岑浩,2025-01-20T01:50:21Z,0,ban appsparents give phone childor ban totally useless
-FNIAzYLCQA,"Will Australia's social media ban for under-16s work? - The Global Story podcast, BBC World Service",@RaviPadalwar,2025-07-17T14:17:28Z,0,wondering feeling strong motivated sharp used testosterone rewired david brook might answer book focus power testosterone increasing seriously transform health mindset tired feeling drained balance book offer solid advice peak
-FNIAzYLCQA,"Will Australia's social media ban for under-16s work? - The Global Story podcast, BBC World Service",@AyushKumar-h3c,2025-07-17T14:17:25Z,0,wondering feeling strong motivated sharp used testosterone rewired david brook might answer book focus power testosterone increasing seriously transform health mindset tired feeling drained balance book offer solid advice peak
-FNIAzYLCQA,"Will Australia's social media ban for under-16s work? - The Global Story podcast, BBC World Service",@Knowledge_Seeker64,2025-01-03T18:35:07Z,0,argue favor rid algorithm allow data collection improved clickbait internet addiction rate tailored usage history ban otherwise valuable resource rid con
-FNIAzYLCQA,"Will Australia's social media ban for under-16s work? - The Global Story podcast, BBC World Service",@achillesakanga117,2025-04-06T18:33:11Z,1,18yo young person room😅😅coughs vpn😂😂😂
-FNIAzYLCQA,"Will Australia's social media ban for under-16s work? - The Global Story podcast, BBC World Service",@Foodandtravel86,2024-12-17T14:59:06Z,3,honest spending hour every day social medium fruitful far scrolling completely addicted social network stopping personal growth career growth financially weak barring spend family mean looking way rid fully failing stay away phone
-FNIAzYLCQA,"Will Australia's social media ban for under-16s work? - The Global Story podcast, BBC World Service",@jadznewlife,2024-12-18T04:46:00Z,2,truly doesnt sense ban year old banned using app snapchat allowed access site
-FNIAzYLCQA,"Will Australia's social media ban for under-16s work? - The Global Story podcast, BBC World Service",@jahoyhoy9097,2024-12-17T11:36:59Z,5,job australia thanks movement florida following social medium ban
-FNIAzYLCQA,"Will Australia's social media ban for under-16s work? - The Global Story podcast, BBC World Service",@GAmerXDg,2025-10-16T05:58:44Z,0,whether teenager adolescent addicting social medium root issue begin household leader parent stop habit using phone mentor kid would kid enjoy real activity
-FNIAzYLCQA,"Will Australia's social media ban for under-16s work? - The Global Story podcast, BBC World Service",@randoms323,2025-01-03T17:24:38Z,2,need england government want spend money benefit
-FNIAzYLCQA,"Will Australia's social media ban for under-16s work? - The Global Story podcast, BBC World Service",@Priya-zc2or,2025-12-15T09:41:43Z,0,kidsban adult awful social medium platform
-FNIAzYLCQA,"Will Australia's social media ban for under-16s work? - The Global Story podcast, BBC World Service",@chrispanda21,2024-12-17T11:26:26Z,2,wish would feature blocking adult texting driving… kid problem…
-FNIAzYLCQA,"Will Australia's social media ban for under-16s work? - The Global Story podcast, BBC World Service",@sidon7268,2024-12-15T05:49:52Z,3,nice try policy easy apply kid nowadays using smart phone tool use modern social life kid accept parent order parent suggest share interest advise properly balance social medium seeking educate parent adult restrict false advertisement social medium company ban kid
-FNIAzYLCQA,"Will Australia's social media ban for under-16s work? - The Global Story podcast, BBC World Service",@donaldkeith139,2025-11-13T10:31:37Z,0,protecting kid include wikipedia search engine result cite osa code last read october
-FNIAzYLCQA,"Will Australia's social media ban for under-16s work? - The Global Story podcast, BBC World Service",@theblackpath,2025-05-04T08:06:42Z,0,smartphones general forbidden old school mobile phone computer home living room parent want kid smartphone pressure group becomes near impossible otherwise risk kid ostracized group smartphones live interaction end cyberbulling
-FNIAzYLCQA,"Will Australia's social media ban for under-16s work? - The Global Story podcast, BBC World Service",@michaelyuan3382,2025-03-16T09:52:41Z,0,narcotic addiction heaven forbid must angry old griping youngster
-FNIAzYLCQA,"Will Australia's social media ban for under-16s work? - The Global Story podcast, BBC World Service",@Etheral101,2024-12-16T08:07:42Z,7,austrailia shouldnt crime since banned game crime stopped yet
-FNIAzYLCQA,"Will Australia's social media ban for under-16s work? - The Global Story podcast, BBC World Service",@MDEsardin,2025-11-29T02:41:55Z,0,আমি অনেক টাকা ইনকাম করেছি
-FNIAzYLCQA,"Will Australia's social media ban for under-16s work? - The Global Story podcast, BBC World Service",@realityisbiblicalknowthat,2025-04-06T12:03:43Z,0,pick bible study timothy 215kjv robert breaker
-FNIAzYLCQA,"Will Australia's social media ban for under-16s work? - The Global Story podcast, BBC World Service",@MansoorAli-fm6no,2025-07-31T16:56:51Z,0,decision australian government going ban social medium teen agers
-FNIAzYLCQA,"Will Australia's social media ban for under-16s work? - The Global Story podcast, BBC World Service",@AMG-bp6zr,2025-07-05T04:21:59Z,0,essentially social medium target audience luck
-FNIAzYLCQA,"Will Australia's social media ban for under-16s work? - The Global Story podcast, BBC World Service",@山本和子-i7d5t,2026-02-22T04:59:33Z,0,broadcast network pas line connect brown pipe nokixla oncewhy tvservice convinced wat noanswer newsfrom zero
-FNIAzYLCQA,"Will Australia's social media ban for under-16s work? - The Global Story podcast, BBC World Service",@李李-v7y,2025-01-27T10:43:12Z,1,adult need banned first otherwise kid satisfy banned parent phone workforce reduced nowadays global economic problem people life edicted phone make lazier lazier like drug issue hope banned smart phone use computer year ago
-FNIAzYLCQA,"Will Australia's social media ban for under-16s work? - The Global Story podcast, BBC World Service",@Playerlc-24,2025-09-28T08:28:39Z,0,parent bought device giving restriction apps maybe install trusted application prevent child communicating age sixteen recommended old mature
-FNIAzYLCQA,"Will Australia's social media ban for under-16s work? - The Global Story podcast, BBC World Service",@actingtechniques,2025-01-08T13:03:16Z,4,take people right away educate instead
-FNIAzYLCQA,"Will Australia's social media ban for under-16s work? - The Global Story podcast, BBC World Service",@serif392,2025-07-26T09:37:56Z,0,research show least harmful ill leave reader research fact less harmful tictoc instagram others
-FNIAzYLCQA,"Will Australia's social media ban for under-16s work? - The Global Story podcast, BBC World Service",@patdent,2024-12-16T12:08:51Z,0,vpn need paid parent 16 hold purse string prevent
-FNIAzYLCQA,"Will Australia's social media ban for under-16s work? - The Global Story podcast, BBC World Service",@mindengine-l8s,2026-05-10T13:22:51Z,0,interesting question tree knowledge evil evil knowledge humanity wanting wisdom power control apart god way reflects temptation today unlimited knowledge instant answer illusion humanity become selfsufficient without spiritual wisdom technology tool deeper question using humility discernment slowly replacing dependence god dependence machine
-FNIAzYLCQA,"Will Australia's social media ban for under-16s work? - The Global Story podcast, BBC World Service",@andrewharris1837,2024-12-17T01:17:55Z,0,come parenting internet company monitored content permitting
-FNIAzYLCQA,"Will Australia's social media ban for under-16s work? - The Global Story podcast, BBC World Service",@HardawayTheSparky,2025-08-06T05:19:02Z,1,wish entire world would ban social medium would benefit us😊
-FNIAzYLCQA,"Will Australia's social media ban for under-16s work? - The Global Story podcast, BBC World Service",@tommygun80127,2026-03-13T13:31:25Z,0,opinion social medium damaging cigarette alcohol damaging different damaging
-FNIAzYLCQA,"Will Australia's social media ban for under-16s work? - The Global Story podcast, BBC World Service",@karol.gorski99,2025-01-15T06:04:09Z,0,going work age restriction porn content europe ban
-FNIAzYLCQA,"Will Australia's social media ban for under-16s work? - The Global Story podcast, BBC World Service",@bronax0807,2025-09-14T11:46:56Z,0,use sport metaphor outside enjoy life need mindful speaking ensure qualified individual speak behalf public report research uneducated embarrassing
-FNIAzYLCQA,"Will Australia's social media ban for under-16s work? - The Global Story podcast, BBC World Service",@kIA7,2025-12-06T08:30:52Z,0,banning work especially sensitive age
-FNIAzYLCQA,"Will Australia's social media ban for under-16s work? - The Global Story podcast, BBC World Service",@commenting2008,2025-04-24T10:14:09Z,0,talk chinese experience total success douyin screening successful report social medium celebrity broadcasting suicide curfew mobile phone computer useful either student china live boarding school high proportion student country
-FNIAzYLCQA,"Will Australia's social media ban for under-16s work? - The Global Story podcast, BBC World Service",@Drawing.buggie,2025-08-07T08:29:12Z,4,guy agreeing tech apart world kid cut social talk friend
-FNIAzYLCQA,"Will Australia's social media ban for under-16s work? - The Global Story podcast, BBC World Service",@banksiasong,2024-12-16T08:28:57Z,3,law give right parent illegal pressure child parent vile billionaire profiteering child educational journey destroying social cohesion
-FNIAzYLCQA,"Will Australia's social media ban for under-16s work? - The Global Story podcast, BBC World Service",@caseyalanjones,2024-12-21T22:36:34Z,1,seems couldve sense smoking born certain date allow transitional period doubt teen addicted going give without trying circumvent ban cause circumvention technique become widespread future enforcement less tenable
-FNIAzYLCQA,"Will Australia's social media ban for under-16s work? - The Global Story podcast, BBC World Service",@nicktan4530,2025-03-21T08:31:10Z,0,stupid taking away freedom speech expression among young absurd
-FNIAzYLCQA,"Will Australia's social media ban for under-16s work? - The Global Story podcast, BBC World Service",@wdp7128,2024-12-14T13:23:24Z,5,trying prevent sun rising east
-FNIAzYLCQA,"Will Australia's social media ban for under-16s work? - The Global Story podcast, BBC World Service",@roxannedacey7880,2025-11-21T07:29:19Z,0,let parent stop cry child need help
-FNIAzYLCQA,"Will Australia's social media ban for under-16s work? - The Global Story podcast, BBC World Service",@svetlankas1984,2024-12-17T04:19:49Z,3,appalled amount adult wanting prohibit kid hard topic adult mostly idea social medium platform work behind quality content look darkness instead educating educating kid become mindful user want prohibit whole kid whose community feel belong online putting kid bigger danger
-FNIAzYLCQA,"Will Australia's social media ban for under-16s work? - The Global Story podcast, BBC World Service",@stevierico5934,2026-04-22T16:48:09Z,0,fool digital infringement right privacy
-FNIAzYLCQA,"Will Australia's social media ban for under-16s work? - The Global Story podcast, BBC World Service",@stoicismwithtanner,2025-03-22T13:36:26Z,2,young person rational faculty easily manipulated shaped toward vice stupid enough information experience informed decision view take board truth part raising child pacing exposure certain idea concept certainly ensure voice introducing idea concept trusted acting faith age child well enough constructed moral foundation point confront nonsense social internet punishment responsibility parent raise child provide tool need better choice bit street smart encounter real world social internet parent child usurping parent effort moulding child early number radicalized direction real abuse expose child adult concept idea medium cetera certain age somewhat arbitrary age chosen seems average age drink certain age body need able cope alcohol body truly cope alcohol true mind ready moderately trusted choose
7Od5rp1AFYk,How Internet Brain Rot Destroyed Gen Alpha,@VisualVenture,2025-03-14T01:01:37Z,1129,hello visual denture almost milli guy thank yall would probably worst tiktok trend
7Od5rp1AFYk,How Internet Brain Rot Destroyed Gen Alpha,@gioric0458,2025-03-15T15:09:13Z,9410,blame kid parent put device instead teaching draw play simple toy
7Od5rp1AFYk,How Internet Brain Rot Destroyed Gen Alpha,@laituananh,2025-03-15T15:30:43Z,5588,annoys give smart device kid complain terrible effect neglect parenting part parent
7Od5rp1AFYk,How Internet Brain Rot Destroyed Gen Alpha,@THENERDSPEAKS,2025-03-15T19:29:04Z,2698,guy skibidi toilet fun unintentionally created genre misery
7Od5rp1AFYk,How Internet Brain Rot Destroyed Gen Alpha,@GabrielMoreno-o8l,2026-05-16T18:54:51Z,4,take year old brother tablet away scream throw hit claw hurt
7Od5rp1AFYk,How Internet Brain Rot Destroyed Gen Alpha,@Elyse226,2025-03-15T18:49:38Z,2416,forget gen born ipads iphones popular grew dvd
7Od5rp1AFYk,How Internet Brain Rot Destroyed Gen Alpha,@Victor_Cazal,2025-10-06T07:34:28Z,745,brain rot destroying gen alpha father grandmother addicted phone live abroad meet twice per year meet kid take picture talk sec phone kid process whats happening neither theyve become zombie
7Od5rp1AFYk,How Internet Brain Rot Destroyed Gen Alpha,@srobbins-ukraine,2025-03-15T15:28:32Z,1664,daughterinlaw music teacher kid real meltdown cursed threw gently firmly reprimanded hit last knew working secretary given teaching
7Od5rp1AFYk,How Internet Brain Rot Destroyed Gen Alpha,@alenapumprova8606,2025-03-21T19:01:07Z,983,father addicted alcohol took whole personality destroyed mind bottle scared kid experiencing phone tablet
7Od5rp1AFYk,How Internet Brain Rot Destroyed Gen Alpha,@JKai_yayrobloxplaysmsmtoo,2025-09-07T08:52:30Z,463,kid somehow managed escape brainrot
7Od5rp1AFYk,How Internet Brain Rot Destroyed Gen Alpha,@𱵂𠀀-兀,2026-03-30T03:17:52Z,9,sister year old watch absolutely brainrot took away ipad would scream act shes mental breakdown
7Od5rp1AFYk,How Internet Brain Rot Destroyed Gen Alpha,@Bashing_Bricks,2025-09-13T22:18:04Z,270,year old aware situation try keep away screen seeing genuinely terrifying
7Od5rp1AFYk,How Internet Brain Rot Destroyed Gen Alpha,@hypnotika,2025-03-16T02:07:38Z,1100,friend mine switched newer style cartoon cocolemon cartoon 90 difference night day son engaged less zombie television talkative
7Od5rp1AFYk,How Internet Brain Rot Destroyed Gen Alpha,@ereoleon,2025-03-15T15:37:44Z,413,let kid unsupervised underestimate eventvideo change perspective moment definitively influenced mind doesnt look big deal today
7Od5rp1AFYk,How Internet Brain Rot Destroyed Gen Alpha,@AnotherShutin,2025-03-17T05:22:52Z,102,info need wide spread depressing reality ignore
7Od5rp1AFYk,How Internet Brain Rot Destroyed Gen Alpha,@Grilledpiesoup,2025-03-15T20:31:02Z,955,last summer volunteering ymca kid camp kid year old caught gore video phone big deal called parent discus happened none possible long ago scary video going long run
7Od5rp1AFYk,How Internet Brain Rot Destroyed Gen Alpha,@anthonymartinez9847,2025-03-15T18:21:52Z,490,old son get limited tvscreen eats healthy read book go outside he amazing end day parent raise kid instead relying technology parenting challenge signed stop excuse
7Od5rp1AFYk,How Internet Brain Rot Destroyed Gen Alpha,@mahdibigdely7874,2026-03-06T23:04:43Z,1,atleast grade gen alpha seriously advice
7Od5rp1AFYk,How Internet Brain Rot Destroyed Gen Alpha,@Diggy22,2025-10-18T16:27:55Z,63,vids appreciate book comic toy growing item stimulated imagination thought blessing
7Od5rp1AFYk,How Internet Brain Rot Destroyed Gen Alpha,@k.m.mahmoud5283,2025-03-26T10:28:09Z,147,advice new parent give phone boredom foster creativity give device block inappropriate play outside play set limit minute playtime homework done minute chore done
7Od5rp1AFYk,How Internet Brain Rot Destroyed Gen Alpha,@RenDanny-z1p,2026-03-05T14:13:51Z,7,dude steve job must heaven would probably pretty upset revolutionary ipad turned parent nightmare
7Od5rp1AFYk,How Internet Brain Rot Destroyed Gen Alpha,@Azraelithe,2025-03-15T16:12:30Z,89,time recent year feel sorry new generation witnessed illogical illiterate age disturbing
7Od5rp1AFYk,How Internet Brain Rot Destroyed Gen Alpha,@Silly.kat_kat,2025-03-15T16:02:03Z,118,feel kid cu addiction feel imagine worse since kid
7Od5rp1AFYk,How Internet Brain Rot Destroyed Gen Alpha,@FredGamingOfficiaI,2026-04-21T06:44:26Z,1,hey man respect must took document aint play steal brainrot man wan keep brain
7Od5rp1AFYk,How Internet Brain Rot Destroyed Gen Alpha,@Rafiramadhan27,2025-03-15T18:41:07Z,40,need translated every language possible millenials early genz need understand fatal phenomenon beautiful research content published
7Od5rp1AFYk,How Internet Brain Rot Destroyed Gen Alpha,@m-strange7368,2025-10-21T19:13:42Z,34,parent school bus driver first hand damage brain rot child make sad feel powerless stop
7Od5rp1AFYk,How Internet Brain Rot Destroyed Gen Alpha,@Number1EpcotFan,2025-05-06T04:40:01Z,192,born ipad unrestricted internet access age ipad completely ruined life age zero social skill constantly trouble behavioral issue friend extremely low self esteem absolutely zero social skill miserable blame parent consequence pain gave little sister ipad womb trying keep hard pandemic recognized lazy parent
7Od5rp1AFYk,How Internet Brain Rot Destroyed Gen Alpha,@Lizzy-r5g2m,2026-02-23T16:04:18Z,2,low key felt guilty sitting chair ton low key guilt tripped going actual productive
7Od5rp1AFYk,How Internet Brain Rot Destroyed Gen Alpha,@Autismkid,2025-03-21T16:44:25Z,139,rizz charisma often used sexual context meaning changed seductive charisma
7Od5rp1AFYk,How Internet Brain Rot Destroyed Gen Alpha,@mrlowe10,2025-09-27T14:32:41Z,71,thank dad trying understand show screen young child helping insightful
7Od5rp1AFYk,How Internet Brain Rot Destroyed Gen Alpha,@WhiteCNEN,2025-03-26T13:42:01Z,136,tried speech school last year single person recognised threat brain rot talking ppt ahead day
7Od5rp1AFYk,How Internet Brain Rot Destroyed Gen Alpha,@kris_jenner_is_a_cryptid_,2026-02-08T22:35:02Z,0,would putting six foot tall fifteen year old boy adoption fast
7Od5rp1AFYk,How Internet Brain Rot Destroyed Gen Alpha,@kielies474,2025-03-15T16:04:47Z,479,school banned phrase english spanish glad whenever hear brainrot term sigh gen alpha future act little toxic toddler phone addiction crazy hate tiktok avoid plague grateful
7Od5rp1AFYk,How Internet Brain Rot Destroyed Gen Alpha,@TBG1,2025-03-15T15:54:22Z,284,work kindergarten crazy child seem free access internet wdym child squid game amount kid talk unintelligible skibidi toilet language ability deal frustration nonexistent hard parent tell kid ill buy roblox gift card put shoe picking worrying workin kindergarten half year student
7Od5rp1AFYk,How Internet Brain Rot Destroyed Gen Alpha,@scottdavidmorgan255,2026-02-10T16:15:17Z,1,parent act parental responsibility ended umbilical cord cut😮
7Od5rp1AFYk,How Internet Brain Rot Destroyed Gen Alpha,@BlackTopHat001,2025-03-15T16:04:30Z,234,internet parent allow kid keep kid safe
7Od5rp1AFYk,How Internet Brain Rot Destroyed Gen Alpha,@KHAYASALEK,2025-03-19T20:49:57Z,18,‏‪‬‏ destroying entire house fridge super insane crazy
7Od5rp1AFYk,How Internet Brain Rot Destroyed Gen Alpha,@blackflyingfox3365,2025-03-15T19:35:14Z,484,experiment leave cell phone home pissed call every second day conditioned peer pressured stupid pocket
7Od5rp1AFYk,How Internet Brain Rot Destroyed Gen Alpha,@its_s4rah,2025-03-23T07:26:28Z,306,fellow gen alpha horrible brain rot generation earliest childhood memory involve cd dvd going outside playing friend toy gadget idea happy parent shoved book throat instead device edit person like
7Od5rp1AFYk,How Internet Brain Rot Destroyed Gen Alpha,@TSCEditz181,2025-03-17T14:02:32Z,290,gen alpha brainrot generation blamed parent left ipad couldve inappropriate arent perfect little angel fault gen alpha happy exposed brainrot given real toy creativity use
7Od5rp1AFYk,How Internet Brain Rot Destroyed Gen Alpha,@RiPStF,2025-03-15T15:57:27Z,276,warned brain rot long overreacting acting boomer
7Od5rp1AFYk,How Internet Brain Rot Destroyed Gen Alpha,@VR-world-awsome,2026-05-05T21:42:25Z,1,thank gen alpha changing life around
7Od5rp1AFYk,How Internet Brain Rot Destroyed Gen Alpha,@SimpleandSound,2025-03-17T21:04:31Z,137,true truly compound issue parent work constantly patience kid leaving ipad babysitter parent switched low impact content helping parent need act instead ignoring kid
7Od5rp1AFYk,How Internet Brain Rot Destroyed Gen Alpha,@chillinginhell,2025-03-16T10:22:03Z,64,gen alpha born cusp gen gen alpha screen drilled life genuine bullying happens kid doesnt phone certain age absolutely ridiculous
7Od5rp1AFYk,How Internet Brain Rot Destroyed Gen Alpha,@T-Rex-nm1se,2025-03-15T16:17:33Z,21,turn june glad childhood gen alpha kid grew playing outside playing game kid show thomas friend bob builder curious george skibidi toilet 😁😁😁
7Od5rp1AFYk,How Internet Brain Rot Destroyed Gen Alpha,@Devin-v5p,2026-04-02T09:34:27Z,0,dad smart teach importance meeting disturb put schedule screen addicted screen consequence screen
7Od5rp1AFYk,How Internet Brain Rot Destroyed Gen Alpha,@BLITZ-289,2026-01-02T16:35:41Z,62,year old brainrot sure little brother doesnt either constantly asking overprotective trying keep brother safe rest sometimes feel failing mom allows tablet doesnt check he constantly checking he fine kid little sibling protect harm internet cause
7Od5rp1AFYk,How Internet Brain Rot Destroyed Gen Alpha,@DarkraiLuxio,2025-12-08T00:19:06Z,113,friend seriously brain rotted make sad
7Od5rp1AFYk,How Internet Brain Rot Destroyed Gen Alpha,@JCMC87,2025-03-16T12:27:00Z,126,worst epidemic happened world visual venture gen alpha member fully put best need need stop brain rot
7Od5rp1AFYk,How Internet Brain Rot Destroyed Gen Alpha,@Okarun-dz46,2025-03-15T16:04:21Z,44,sad school every single person brainrotted affecting health
7Od5rp1AFYk,How Internet Brain Rot Destroyed Gen Alpha,@Gatsu736,2026-03-31T21:30:36Z,0,kid want ipad dog dude ipad
7Od5rp1AFYk,How Internet Brain Rot Destroyed Gen Alpha,@melissaupton9104,2025-10-23T18:10:52Z,17,parent obsessed internet experiencing brain rot kid parent totally blame yet innocent setting exact example kid demonstrating
7Od5rp1AFYk,How Internet Brain Rot Destroyed Gen Alpha,@Lowbatterydac00lest,2025-03-19T00:04:52Z,13,super important seeing sexual child affected deeply would weird feeling would keep older disgusting need pay attention child afraid seeing sexual almost normal believed love cocsa must pay attention
7Od5rp1AFYk,How Internet Brain Rot Destroyed Gen Alpha,@TastyFlavour,2025-03-15T18:20:50Z,223,gen alpha reach part since shortest attention span world atm
7Od5rp1AFYk,How Internet Brain Rot Destroyed Gen Alpha,@Sunyen-studios,2025-03-22T01:43:27Z,140,realize lifei seat around struggle learn school realize need start playing toy play outside learn somethingthank random across
7Od5rp1AFYk,How Internet Brain Rot Destroyed Gen Alpha,@shadwinmatula1513,2025-03-21T19:38:26Z,76,addicted brain rot hit mom took phone showed video took advice vid hooked tried better person top class football captain team manage phone usage wan thank visual venture pls keep video fellow gen alpha change ways❤❤
7Od5rp1AFYk,How Internet Brain Rot Destroyed Gen Alpha,@Whcka232alt,2026-02-03T11:06:42Z,1,kid generation gone far single screen
7Od5rp1AFYk,How Internet Brain Rot Destroyed Gen Alpha,@Dawen-Gaming,2025-10-08T00:16:32Z,37,thankful mother restricted child imagine would become appreciate parent
7Od5rp1AFYk,How Internet Brain Rot Destroyed Gen Alpha,@MikaMarie8,2025-03-23T03:47:24Z,11,make sense book ela read simple read easy simple read answer question others took entire class period reading page chapter book small full sized another kid gpa told extremely told parent gon proud since get integrated kid passing
7Od5rp1AFYk,How Internet Brain Rot Destroyed Gen Alpha,@nickboi7270,2025-03-15T23:31:07Z,16,feel cousin who would play year old visited aunt house mom cousin havent year care aunt dragged room stayed glued onto phone whole acknowledge
7Od5rp1AFYk,How Internet Brain Rot Destroyed Gen Alpha,@BanBom-n8t,2026-03-09T13:39:01Z,1,gen alpha type slang access tiktok proud
7Od5rp1AFYk,How Internet Brain Rot Destroyed Gen Alpha,@muslimzoro-l5s,2025-10-10T11:56:15Z,44,honest listening mom shes strict
7Od5rp1AFYk,How Internet Brain Rot Destroyed Gen Alpha,@Frenchylikeshikes,2025-03-15T23:20:33Z,79,cousin elementary teacher past year say colleague visibly noticed level going since started attention focus genuinely dropping
7Od5rp1AFYk,How Internet Brain Rot Destroyed Gen Alpha,@kenyz.hiireath,2025-03-15T15:31:48Z,10,kid friend addicted kid whenever day kid old school cartoon personal electronics allowed
7Od5rp1AFYk,How Internet Brain Rot Destroyed Gen Alpha,@AtypickyKraken,2025-03-16T14:46:52Z,9,kid go cargo hold glad grew bob builder sesame street dvd last generation experience world without internet though briefly thankful parent later life become part hell
7Od5rp1AFYk,How Internet Brain Rot Destroyed Gen Alpha,@makoisbestgirl11,2025-07-03T12:01:37Z,7,gen alpha fact dad spoiled plenty device ipads game console end crazy kid blessing kid parent wrong different though parent going give child ipad recommend setting limit
7Od5rp1AFYk,How Internet Brain Rot Destroyed Gen Alpha,@Me.llamosofi,2025-10-03T17:59:54Z,7,starting reconsider spend phone work become forgetful listen husband nod neglect son home weekend noticed month spend uninterrupted minute reel instagram another story throughout day feel terrible become victim social medium start deleted tiktok phone reason start read spare enjoy son walk vitamin live beautiful place need start enjoying family
7Od5rp1AFYk,How Internet Brain Rot Destroyed Gen Alpha,@Victim-H4X,2026-04-27T05:02:24Z,2,gen alpha blamed new gen alpha brainrot ipad remember meme including bottle flip nyan cat
7Od5rp1AFYk,How Internet Brain Rot Destroyed Gen Alpha,@klarthin,2025-03-15T15:14:20Z,33,essentially adult addicted gambling drug hard quit mind developed childrens mind arent ipads use addicting feature sfx shortform content etc addiction level harder quit else connected disconnect lose friend
7Od5rp1AFYk,How Internet Brain Rot Destroyed Gen Alpha,@EeeaazyCompany,2025-03-15T15:12:47Z,140,blame kid blame parent kid parent
7Od5rp1AFYk,How Internet Brain Rot Destroyed Gen Alpha,@andykishore,2025-03-15T15:35:50Z,36,knew brain rot nice condense explain detail problem
7Od5rp1AFYk,How Internet Brain Rot Destroyed Gen Alpha,@Mikeyadig1095,2025-03-26T06:34:33Z,27,certainly guilty giving child tablet however feel exist balance child learning tabletipad receiving instruction input parent guardian obviously likely develop issue normal designed raised parent replace tablet book real life learning imagination year old take blood pressure every morning lmao😂
7Od5rp1AFYk,How Internet Brain Rot Destroyed Gen Alpha,@Funay31,2025-03-26T14:01:47Z,31,gen exposed screen young age around year old parent aware harmful could protected screen addiction could grow normally yet spend every day half day front screen whether computer phone thankfully brainrot content short tiktok
7Od5rp1AFYk,How Internet Brain Rot Destroyed Gen Alpha,@Red_fishe,2026-04-16T09:14:00Z,0,moment shit happens parent disowning early adoption
7Od5rp1AFYk,How Internet Brain Rot Destroyed Gen Alpha,@dylanjwicklund92,2025-03-15T15:54:46Z,59,gave crack long took away going happen ipod little kid crack
7Od5rp1AFYk,How Internet Brain Rot Destroyed Gen Alpha,@PersistentDissenter,2025-03-27T15:54:59Z,40,parent blame parent excuse manage kid
7Od5rp1AFYk,How Internet Brain Rot Destroyed Gen Alpha,@idek7870,2025-05-22T23:47:38Z,55,brother struggling form word almost year concerned enough take matter hand stopped cocomelon started developing word cared heard mother experience
7Od5rp1AFYk,How Internet Brain Rot Destroyed Gen Alpha,@Notdaphnelmao,2025-03-15T15:58:33Z,19,dare gatekeep vid fifty min
7Od5rp1AFYk,How Internet Brain Rot Destroyed Gen Alpha,@88Shooting_Stars,2025-04-06T11:23:14Z,12,reason kid started cursing inappropriate gesture though gen alpha manage saw kid currently behaving pretty distrubing home random kid middle finger without talking kid older
7Od5rp1AFYk,How Internet Brain Rot Destroyed Gen Alpha,@AethelredTheReady,2025-03-18T20:25:49Z,24,glad born terminal end millennial generation teen iphone tik tok around 20 clearly stark divide childhood exists today youth
7Od5rp1AFYk,How Internet Brain Rot Destroyed Gen Alpha,@Avothecodo,2026-03-07T22:16:16Z,1,whenever play amoung kid say skibidi toilet immediately voted obviously game filled teen
7Od5rp1AFYk,How Internet Brain Rot Destroyed Gen Alpha,@monBon100,2025-03-25T17:24:21Z,7,kid would notice restaurant grocery store etc parent young child letting kid stay face screen entire duration public place infuriated kid huge effort screen older public place present time allowed game waiting food long etc crazy though entire family dinner face screen mom kid cart costco face entire connection reality around sad harmful borderline neglect abuse terrifying future played year old yapping screen issue nice hear format
7Od5rp1AFYk,How Internet Brain Rot Destroyed Gen Alpha,@Atlasarcticfox,2025-07-26T01:09:31Z,189,part gen alpha first year ipad allowed play educational game taught basic reading math parent approved since young avoided using limited hour screen every day ask using hour look age group grateful parent giving limitation end avoiding type brainrot
7Od5rp1AFYk,How Internet Brain Rot Destroyed Gen Alpha,@AzHades520,2025-03-15T15:16:49Z,117,poor parenting give book tiktok though need ban
7Od5rp1AFYk,How Internet Brain Rot Destroyed Gen Alpha,@BadBoyGames139,2026-03-07T02:54:17Z,1,oooooh kid addicted ipads trigger release feel hormone
7Od5rp1AFYk,How Internet Brain Rot Destroyed Gen Alpha,@SOLBLARE,2025-03-15T15:28:30Z,81,scared generation gen alpha internet affect gen alpha lose hope… assume sane scenario chaotic unlike child shown heck brainrot thank talking letting
7Od5rp1AFYk,How Internet Brain Rot Destroyed Gen Alpha,@Art-sing,2025-04-12T07:49:38Z,144,gen alpha ipad kid blame kid blame parent one cause type situation
7Od5rp1AFYk,How Internet Brain Rot Destroyed Gen Alpha,@IIIIIIIIlIIIIIlIIIIIIIIIIIIIl,2025-03-16T05:23:58Z,27,glad mother raised better little cousin addicted playing scream racist inappropriate joke mom sister addicted tiktok sassy arrogant keep eye phone second surprise deal
7Od5rp1AFYk,How Internet Brain Rot Destroyed Gen Alpha,@JamarcusJamacain,2026-03-08T00:19:31Z,1,bruh gen alpha talk parent taught blend every normal adult
7Od5rp1AFYk,How Internet Brain Rot Destroyed Gen Alpha,@CatAdrienCraft,2025-11-09T19:51:38Z,15,little sibling screaming aunt phone tablet brainrot 1am heard screaming
7Od5rp1AFYk,How Internet Brain Rot Destroyed Gen Alpha,@DecriptFish,2025-06-28T07:00:50Z,12,fact kid comprehend instead acting kid act robot screen command wake ipad eat ipad sleep gen alpha ruined lot life simple device
7Od5rp1AFYk,How Internet Brain Rot Destroyed Gen Alpha,@danpetre4344,2026-04-05T18:17:57Z,0,gen alphaignore photo dad account somehow responsible screen disciplinedw btw keep work
7Od5rp1AFYk,How Internet Brain Rot Destroyed Gen Alpha,@fanta6789,2025-03-15T15:30:48Z,114,kid decided would listen nursery rime cocomellon played latest pop song clean rap worked fine listen music want car
7Od5rp1AFYk,How Internet Brain Rot Destroyed Gen Alpha,@mysticrealmsnovels,2025-03-15T15:39:50Z,34,relies parent monitoring long screen especially talk online parental control easy use screen substitute proper parent
7Od5rp1AFYk,How Internet Brain Rot Destroyed Gen Alpha,@Socrates-e4,2025-09-16T17:18:38Z,9,14yr old almost age second considered person brainrot kid stuff pointed kid parent problem kid grow brainrots parent world going take please parent careful child
7Od5rp1AFYk,How Internet Brain Rot Destroyed Gen Alpha,@BadBoyGames139,2026-03-07T03:02:28Z,1,aaaaaaand kid flap arm hum run around school day
7Od5rp1AFYk,How Internet Brain Rot Destroyed Gen Alpha,@TheChristianThatLovesChrist,2025-09-12T12:38:21Z,5,gen alpha kid escaped disaster disappointed brain rot video wish end
7Od5rp1AFYk,How Internet Brain Rot Destroyed Gen Alpha,@77bvd,2025-03-15T19:59:12Z,128,completely understand whats going parent kid need want giving want… ipads younger mind word picture color likely stick brain age would older occurs stop addiction incurable generation one going clowned kid fault control parent parent going complain baby lazy need stop sitting around parent strict strict protective kid thanks reading rapidly declining attention span
7Od5rp1AFYk,How Internet Brain Rot Destroyed Gen Alpha,@diadally,2025-03-15T16:02:35Z,231,niece tic tok tic doctor called genuinely believe tic toc done harm world wish stayed shut tbh
7Od5rp1AFYk,How Internet Brain Rot Destroyed Gen Alpha,@KoopaKid09,2026-02-23T02:53:22Z,1,ready cause toy story gon ipad kid 🤠vs📱😈 june 19th anyways love video visual venture though ipad kid addictive
7Od5rp1AFYk,How Internet Brain Rot Destroyed Gen Alpha,@skibidacixdxd,2025-03-22T21:28:40Z,5,tbh created skibidi toilet meant joke becoming main brainrot feel tho
7Od5rp1AFYk,How Internet Brain Rot Destroyed Gen Alpha,@Ameer-gaming236,2025-03-26T21:41:59Z,7,dog trying comfort ipad kid
7Od5rp1AFYk,How Internet Brain Rot Destroyed Gen Alpha,@SomeGuyWhoLikesFNF,2025-06-08T14:38:50Z,5,inspiration jelly jamm venice devastating plot twist
7Od5rp1AFYk,How Internet Brain Rot Destroyed Gen Alpha,@justaperson-j1b,2026-02-20T02:32:46Z,1,born early gen alpha glad grass grade somewhat normal kid acting normal screen grade though owns phone boyfriend ipad acceleratedadvanced class
7Od5rp1AFYk,How Internet Brain Rot Destroyed Gen Alpha,@boodledemic6430,2025-10-19T17:28:50Z,16,went shopping yesterday mom walk trader joe holding daughter hand probably year old little girl holding iphone teenager disgusting
7Od5rp1AFYk,How Internet Brain Rot Destroyed Gen Alpha,@Notdaphnelmao,2025-03-15T16:10:13Z,32,happy finally addressing especially since sister ipad kid feel scary platform grossness six year old little sister asked week ago girl melon smirk threatened snitch mom heard
7Od5rp1AFYk,How Internet Brain Rot Destroyed Gen Alpha,@dannotdaniel__,2026-01-09T15:57:50Z,23,born phone year around could call mum dad nokia sister baby played outside grew dvd recording show wanted since spent grandma brother along since remember tech finger tip struggle maintain conversation understand word come mouth mentioned therapist response skibidi innit bro gotten point removed family groupchat serious conversation send sticker skibidi sybau text weird
7Od5rp1AFYk,How Internet Brain Rot Destroyed Gen Alpha,@RUME-bruvver1,2025-03-15T15:59:53Z,28,gen alpha kidthank advice try best deviate brainrot
7Od5rp1AFYk,How Internet Brain Rot Destroyed Gen Alpha,@the_one_failure,2025-03-22T22:11:44Z,19,old gen alpha mean gen generation serious problem
7Od5rp1AFYk,How Internet Brain Rot Destroyed Gen Alpha,@darrensee4928,2026-04-27T12:04:13Z,1,tiktok make cut second addictive
7Od5rp1AFYk,How Internet Brain Rot Destroyed Gen Alpha,@joaocoragem17,2025-04-02T14:26:02Z,15,13yearold nephew birthday whole family together left room minute spent whole day birthday room tablet hand everyday sad
7Od5rp1AFYk,How Internet Brain Rot Destroyed Gen Alpha,@mrsa.freedom,2025-03-26T21:16:40Z,14,close relative dating single mother whose child turning next month child speak first heard thought year old baby mom told worried nonverbal tell name told relative concern kid might tongue ear problem interferes development take doctor physically wrong needed mom attention year barely improvement month ago relative sent ask chocolate message across became aware wanted relative complained inlaws denied chocolate witness spot corrected understood left running could try figure spend phone playing brainrot game make sad winter break year
7Od5rp1AFYk,How Internet Brain Rot Destroyed Gen Alpha,@RedToastBrit,2025-09-12T21:30:13Z,31,year old hate brain rot plus ipad kid friend keep screaming italian braineot class brain rot child age younger instead amazing world gumball stuff instead rotting brain subscribed true
7Od5rp1AFYk,How Internet Brain Rot Destroyed Gen Alpha,@PrinceTiwari-v3c,2026-02-28T09:18:25Z,1,here storyi gen alpha kid tooand wan tell italian brainrot blew internet ignored completely first aftering hearing real scientist kind mental damage friend mostly talk brainrots trying fix simply topic guitar instrument thank
7Od5rp1AFYk,How Internet Brain Rot Destroyed Gen Alpha,@nikkiwikki73,2025-03-15T16:47:19Z,16,willing believe mom story son mentally ill esp kid severe mental illness severe meltdown extend past temper tantrum mom shared friend betrayed posting online imo feel family personal super valid familial struggle aired friend led shame criticism doubt poor mom trying raise family repair home
7Od5rp1AFYk,How Internet Brain Rot Destroyed Gen Alpha,@mxic2watchboys2,2025-04-02T23:00:00Z,8,congrats million visual venture deserve
7Od5rp1AFYk,How Internet Brain Rot Destroyed Gen Alpha,@Kwlto,2025-03-15T19:49:30Z,7,gen alpha kid gen thisthis happened idk adicted smt remember vividably ipad playing minecraft birthday activity playing fun realizedit late alr gone spend cry ruined
7Od5rp1AFYk,How Internet Brain Rot Destroyed Gen Alpha,@kenzaoneil,2025-07-28T06:43:58Z,26,ipad kid life hide fluffing charger ipad dy child upset put power ipad use
7Od5rp1AFYk,How Internet Brain Rot Destroyed Gen Alpha,@skale-n8l,2025-03-15T15:59:43Z,56,bro little cousin year old complained ipad taken away fought sister year old little cousin screamed loud ear started bleeding
7Od5rp1AFYk,How Internet Brain Rot Destroyed Gen Alpha,@0-DEVOUREROFGODS-0,2026-04-18T08:26:15Z,1,skibidi lady diddymen gentleman phantom high luck high sigma higher alcohol
7Od5rp1AFYk,How Internet Brain Rot Destroyed Gen Alpha,@TheGlitchyMario,2025-03-21T13:10:29Z,23,day feel last kid raised allowed minute ipad parent approved apps pb kid dvd rest built lego drew played outside
7Od5rp1AFYk,How Internet Brain Rot Destroyed Gen Alpha,@Apublicexecution,2025-03-15T19:32:11Z,34,freshly entered teen parent huge part partially normal would limit screen especially younger played big role thought world differently friend exactly parent worried screen kid sad truth nowadays communication online friend real life friend tend treat screen getaway bully act social hard attached screen friend phone adult friend rarely sad truth there fix problem well live forever treat part life sleeping eating moving
7Od5rp1AFYk,How Internet Brain Rot Destroyed Gen Alpha,@sophiakiedrowski587,2025-03-15T15:12:12Z,75,youngeest niece nephew gen alpha born video love playing toy nice kid playroom filled toy barbie doll house
7Od5rp1AFYk,How Internet Brain Rot Destroyed Gen Alpha,@ConradR-c1m,2026-03-08T04:08:27Z,1,bro barkley dis stuff kid
7Od5rp1AFYk,How Internet Brain Rot Destroyed Gen Alpha,@PurpsDev,2025-06-21T08:40:38Z,9,screen score school spend educational video stuff keep brain fresh
7Od5rp1AFYk,How Internet Brain Rot Destroyed Gen Alpha,@Ioan_RO,2025-04-02T17:18:11Z,6,born first phone bootleg nokia could stay house first mobile phone history since year old saved live romania
7Od5rp1AFYk,How Internet Brain Rot Destroyed Gen Alpha,@theb3654,2025-12-03T16:27:51Z,5,oldest son year old glad brain rot screen reason would hard control meltdown
7Od5rp1AFYk,How Internet Brain Rot Destroyed Gen Alpha,@EmmanuelPaul-p5w,2026-04-25T08:50:59Z,1,love actual parent recording kid day infecteddamagedlong gone
7Od5rp1AFYk,How Internet Brain Rot Destroyed Gen Alpha,@kurodragon,2025-03-25T02:42:18Z,6,covered lady turned modern childrens show replaced 90 kid show kid behavior changed immediately older show focused education less constant stimulation
7Od5rp1AFYk,How Internet Brain Rot Destroyed Gen Alpha,@MutantPig,2025-03-16T01:50:20Z,6,glad year old suffer fate
7Od5rp1AFYk,How Internet Brain Rot Destroyed Gen Alpha,@JackandChippy,2025-03-19T02:56:58Z,6,gen alpha embarrassed generation luckily parent raised ipad till happy
7Od5rp1AFYk,How Internet Brain Rot Destroyed Gen Alpha,@yuske182,2025-06-14T12:39:47Z,49,parent allows kid use ipad nonstop kid get addicted ipad parent ipads fault
7Od5rp1AFYk,How Internet Brain Rot Destroyed Gen Alpha,@Rhianne_Christiana,2025-07-10T12:56:29Z,29,true simple content creator named dafuq boom created brain rot named skibidi toilet week month tooked platform gaining alot sub view
7Od5rp1AFYk,How Internet Brain Rot Destroyed Gen Alpha,@RL_FootballGamer,2026-02-23T16:54:56Z,0,bro mind blown wonder mum allows tiktok god bless bro
7Od5rp1AFYk,How Internet Brain Rot Destroyed Gen Alpha,@adamcumley3950,2025-03-26T15:14:08Z,6,heard cocomelon minute tell trash designed brain rot heck could let kid
7Od5rp1AFYk,How Internet Brain Rot Destroyed Gen Alpha,@PragyanEditsThis,2025-03-30T05:17:39Z,4,student self ligit year old kid swearing inappropriate joke
7Od5rp1AFYk,How Internet Brain Rot Destroyed Gen Alpha,@ASMRwithme,2025-03-18T05:14:12Z,7,sad currently year old prepandemic going instagram snapchat tbh waste rather spend family friend person deleted instagram snapchat focus addition worried future generation term education overall future hopefully parent take responsibility currently happening child nowadays
7Od5rp1AFYk,How Internet Brain Rot Destroyed Gen Alpha,@Theofficialguy-69,2026-02-04T17:51:52Z,1,help lil brother keep tralalero tralala capuchino assasino madyndyndyn tell stop
7Od5rp1AFYk,How Internet Brain Rot Destroyed Gen Alpha,@aVeryFunGuy0,2025-03-18T14:32:54Z,4,every single guy age skibidi toilet mental health
7Od5rp1AFYk,How Internet Brain Rot Destroyed Gen Alpha,@LookMaNoTalent,2025-08-04T21:04:11Z,17,completely agree little brother act lie yell hit idea sorry thank express emotion word mom tried setting boundary wake early sleep late spends day glued screen freak food scream mom front well done big tech company hope proud mess
7Od5rp1AFYk,How Internet Brain Rot Destroyed Gen Alpha,@Ducky_man931,2025-03-17T18:31:16Z,62,year old personally finding hobby interest outside away screen hobby exactly plane spotting plane photography interest hobby could away bring stuff without device
7Od5rp1AFYk,How Internet Brain Rot Destroyed Gen Alpha,@i.t21b_alphonso_luis_vallejo,2026-04-30T13:06:25Z,0,kid fly without parachute let land hell 😂😂😂😂😂
7Od5rp1AFYk,How Internet Brain Rot Destroyed Gen Alpha,@ninja2-k3f,2025-10-09T17:32:03Z,5,year old yet rare sense awarnessnostalgia trying become better person wish tho
7Od5rp1AFYk,How Internet Brain Rot Destroyed Gen Alpha,@Ducki99-pt5,2025-03-15T15:35:43Z,90,ipads drug child moment start using stop
7Od5rp1AFYk,How Internet Brain Rot Destroyed Gen Alpha,@SCP05council,2026-03-10T08:12:33Z,1,prob gen family crash laptop taken away
7Od5rp1AFYk,How Internet Brain Rot Destroyed Gen Alpha,@kai_2210,2025-03-17T06:24:49Z,7,hearing impressed nonbrainrotted grade despite occasional slang use mocking joke kid
7Od5rp1AFYk,How Internet Brain Rot Destroyed Gen Alpha,@stitchreezy1,2025-07-17T22:43:43Z,15,kid throwing ball wall pretending nba superstar
7Od5rp1AFYk,How Internet Brain Rot Destroyed Gen Alpha,@Lele_spam,2025-04-08T23:59:22Z,29,gen alpha personally agree friend speaking brain rot term stuff half mean speak properly confused happening damn generation acting personally would apologize behalf generation disgraceful hope fix action leave past
7Od5rp1AFYk,How Internet Brain Rot Destroyed Gen Alpha,@the-red-ghost,2025-03-15T15:53:07Z,38,‏‪‬‏ talking today parent attacked unloved need therapy told discipline child called old karen told facebook funny idiot call idiot
7Od5rp1AFYk,How Internet Brain Rot Destroyed Gen Alpha,@ෆelon,2026-04-12T11:28:08Z,1,aint kid aggressive told take math book whoever described tiktok worst gon track spent hard work describe karen speaks avocado play sorry little braintotted tho girl tiktok grwm short form language edit feel teacher teacher goober brain rotted grown man named mango start explaining start happen focused brainrot
7Od5rp1AFYk,How Internet Brain Rot Destroyed Gen Alpha,@AlmostNevers,2025-03-15T16:46:26Z,5,lucky brain rot monster school favourite brain rot content
7Od5rp1AFYk,How Internet Brain Rot Destroyed Gen Alpha,@chargedcreeper8031,2026-03-10T15:52:50Z,1,glad learnt skill friend scrolling prop parents🫡
7Od5rp1AFYk,How Internet Brain Rot Destroyed Gen Alpha,@Kingy_boi,2025-03-15T15:07:07Z,16,news clip kid saw expect crazy happen kid
7Od5rp1AFYk,How Internet Brain Rot Destroyed Gen Alpha,@wedoalittletrolling-im4ti,2025-03-16T04:31:14Z,65,imagine growing cocomelon kid certainly
7Od5rp1AFYk,How Internet Brain Rot Destroyed Gen Alpha,@n1kodoesyoutube,2025-03-17T17:42:23Z,4,visual venture called dark side tf2 community
7Od5rp1AFYk,How Internet Brain Rot Destroyed Gen Alpha,@jcbdukc,2025-03-26T18:37:50Z,42,ipad kid remember apple commercial kid fascinated engineering design cool animation learning stuff brain rot led design motion design front end development
7Od5rp1AFYk,How Internet Brain Rot Destroyed Gen Alpha,@Moroccacountryball2,2025-05-04T17:16:20Z,8,utterly distgusted generation understand innovative wonder instead face glued screen
7Od5rp1AFYk,How Internet Brain Rot Destroyed Gen Alpha,@juliapakulska4150,2026-02-26T15:27:51Z,0,blame kid addicted parent giving phoneipad love video nice day yall
7Od5rp1AFYk,How Internet Brain Rot Destroyed Gen Alpha,@staridruzzzzzzz,2025-03-18T19:57:22Z,80,year old parent soooo strict let personal phone minecraft roblox angry jealous friend phone thankful edit guy ipads advanced piece tech motorola e40
7Od5rp1AFYk,How Internet Brain Rot Destroyed Gen Alpha,@OTLmain,2025-03-26T18:42:00Z,6,bro gen alpha dude understand top 95th percentile
7Od5rp1AFYk,How Internet Brain Rot Destroyed Gen Alpha,@areusureaboutthat-bq5cv,2025-03-15T16:18:11Z,58,gen alpha root problem definitely parent kid shamed school every social medium app snapchat tiktok etc whole friend group considered weird simply phone social medium touch current digital culture meme overall culture among kid toxic care brain peer pressure sure huge factor smarter average kid disturbing knew talk understand around age
7Od5rp1AFYk,How Internet Brain Rot Destroyed Gen Alpha,@NoxtheNightFury,2025-03-15T15:13:25Z,36,glad grew hour limited little brother cause almost common sense grade refuse buy tiktok
7Od5rp1AFYk,How Internet Brain Rot Destroyed Gen Alpha,@GojiFanReviews,2025-08-16T21:19:02Z,77,glad gen alpha read page book succeed class
7Od5rp1AFYk,How Internet Brain Rot Destroyed Gen Alpha,@KazukiFury15,2026-03-27T17:52:13Z,0,well gon ipad little kid
7Od5rp1AFYk,How Internet Brain Rot Destroyed Gen Alpha,@Fish_Cheezit,2025-04-14T19:44:27Z,14,want school homework pretty fair ngl
7Od5rp1AFYk,How Internet Brain Rot Destroyed Gen Alpha,@lucidloki2814,2025-03-22T18:01:49Z,8,happens gen alpha set world movie idiocracy real life
7Od5rp1AFYk,How Internet Brain Rot Destroyed Gen Alpha,@emreid920,2025-03-15T15:33:52Z,25,sorry college gon couple generation
7Od5rp1AFYk,How Internet Brain Rot Destroyed Gen Alpha,@Waddle069,2026-03-08T19:54:00Z,1,gentle parenting fry child day
7Od5rp1AFYk,How Internet Brain Rot Destroyed Gen Alpha,@isaiasabinadisosagarcia936,2025-09-26T16:53:50Z,26,parent month old ipad go school school preeschool sure there equivalent country called cai government actual pedagogue teacher psichologist school play sing dance kid girl reinforcing teach home learning socialize respect others stick schedule learning world around wished every kid opportunity school
7Od5rp1AFYk,How Internet Brain Rot Destroyed Gen Alpha,@rikkimuller7322,2025-03-15T22:39:25Z,22,well mom feel piece shit going work limiting kid screen man hit hard
7Od5rp1AFYk,How Internet Brain Rot Destroyed Gen Alpha,@alyxauclairrr,2025-03-16T01:10:55Z,12,birthday recently year old sister classmate birthday card diddy skidibi reference insane swear almost every message involved
7Od5rp1AFYk,How Internet Brain Rot Destroyed Gen Alpha,@Lnae101,2025-03-15T15:51:21Z,23,gen zalpha born ipad phone addicted school exercise choir theater
7Od5rp1AFYk,How Internet Brain Rot Destroyed Gen Alpha,@TimurKobiashvili-oh6hk,2025-10-09T23:12:34Z,4,born tecnically gen alpha raised away internet ipad totally understand situation sad generation humanity future
7Od5rp1AFYk,How Internet Brain Rot Destroyed Gen Alpha,@LandenPouncey-w1q,2026-05-19T19:43:43Z,0,cry mom say enough food dinner around burger
7Od5rp1AFYk,How Internet Brain Rot Destroyed Gen Alpha,@not_a_tangerine,2025-03-26T17:25:52Z,46,born born could associate gen alpha theyve gen gen alpha born
7Od5rp1AFYk,How Internet Brain Rot Destroyed Gen Alpha,@golden_invader,2025-03-16T05:38:37Z,4,dodged bullet term year born allowed use computer age family set limit hour max mother sure put book hand since day device house sort password couldnt else age using phone social medium simply use check lying though doesnt effect main difference though constantly spend computer instead phone computer however normally real world taking care responsibility wonder adult would talk extraordinary vocabulary younger spoke adult around adult
7Od5rp1AFYk,How Internet Brain Rot Destroyed Gen Alpha,@PrejelToroitich,2026-05-09T06:40:12Z,1,shouting cry phone mom would beaten addicted phone
7Od5rp1AFYk,How Internet Brain Rot Destroyed Gen Alpha,@Brycegaming1,2025-04-06T03:52:39Z,6,gen terrible feel disgusted embarrassed gen kid ngl
7Od5rp1AFYk,How Internet Brain Rot Destroyed Gen Alpha,@Alex-Moffitt,2025-03-15T16:04:25Z,18,currently smartest kid teacher knew long age knew super smart meant level mock messed year internet focused care else sat room hour straight documentary crime messed stuff scared world college basic math english class would easily done minute forget clue area though year old area true ruined brain stuff outside internet abusive foster parent played part due internet internet best closest friend though human understand internet yoitube understands want young kid internet friendly please internet focus studying learnt hard feel going nowhere future whereas focused school could working decent job worked volunteering hate world though college happier internetobsessed drug stop taking want stop feel else internet care need help hopefully life track education lost cause remind edit message year update life hear probably well life track dead nice day
7Od5rp1AFYk,How Internet Brain Rot Destroyed Gen Alpha,@EliteBoi01,2025-09-14T09:12:42Z,21,almost effected brainrot somehow managed escape
7Od5rp1AFYk,How Internet Brain Rot Destroyed Gen Alpha,@Kalmar_Union_Mapping,2026-03-10T14:21:47Z,3,roblox say earn roblox gift card microsoft witch propably would brainrotted kid playing roblox constentrated screen
7Od5rp1AFYk,How Internet Brain Rot Destroyed Gen Alpha,@that_random_phoenix,2025-03-16T08:18:11Z,54,could wrong born considered gen zoomers tad bit older gen alpha
7Od5rp1AFYk,How Internet Brain Rot Destroyed Gen Alpha,@00zipp,2025-03-15T16:19:40Z,7,rizz record moreso satirical meant poke fun brainrot modern version show wonder showzen
7Od5rp1AFYk,How Internet Brain Rot Destroyed Gen Alpha,@ARAD7091,2025-03-15T16:40:21Z,12,gen alpha count country live type access facebook telegram access tiktok whichc grateful
7Od5rp1AFYk,How Internet Brain Rot Destroyed Gen Alpha,@EnderGabe01,2026-04-06T18:20:39Z,0,thanks info try avoid short often gen alpha kid born
7Od5rp1AFYk,How Internet Brain Rot Destroyed Gen Alpha,@babybackribz-10,2025-07-21T16:00:45Z,14,year old find part amusing since strongest category tend play game prolonged period
7Od5rp1AFYk,How Internet Brain Rot Destroyed Gen Alpha,@SebsWeb,2026-02-01T10:24:02Z,3,middle school student maybe student brainrotted agony purebrained person lifting entire school average hurt seeing kid brainwashed suffering crisis
7Od5rp1AFYk,How Internet Brain Rot Destroyed Gen Alpha,@JamesR624,2025-03-17T13:37:06Z,4,ahh exact complaint heard every year since late 1700s
7Od5rp1AFYk,How Internet Brain Rot Destroyed Gen Alpha,@lol1234e,2025-03-16T09:24:25Z,5,guy let gen beta better
7Od5rp1AFYk,How Internet Brain Rot Destroyed Gen Alpha,@Fallenacrobat,2025-03-15T15:36:54Z,71,year old internet took year childhood taught parent perfectly fine relationship busy work internet became babysitter age though struggling mental health since year old internet taught chronically online guy edit hey likeyou know…not randomly assume parent random year old saw rant life internet horrible please parent extremely busy work need money since country live developed others may put money hard find course busy trying money toyou knowsurvive take care busy working hour please blame parent blame internet insteadi count blamed parent
7Od5rp1AFYk,How Internet Brain Rot Destroyed Gen Alpha,@Annedacat,2026-01-10T22:41:15Z,5,ima share story history class class take minute read paragraph half word head person usually read read well startled gotten bad…
7Od5rp1AFYk,How Internet Brain Rot Destroyed Gen Alpha,@Iminyourcloset_lol,2025-03-15T16:14:18Z,23,feel humanity devolving evolving stationary either yknow battle neither winning idk tho edit like
7Od5rp1AFYk,How Internet Brain Rot Destroyed Gen Alpha,@justicevoice2498,2025-03-22T16:51:21Z,4,gen alpha kid scared gen beta feel dumb often self confidence issue firsthand generation suck kind worse due kind content point addicted parent refuse believe fault
7Od5rp1AFYk,How Internet Brain Rot Destroyed Gen Alpha,@jummynahdia406,2025-03-16T08:51:35Z,6,gen alpha agree flabbergasted 3year old turned flight literal hell plane wifi safety reason suck parent treat ipad peace pocket gadget hell pocket especially gadget flipping unsupervised parent kid might end stuff meant kid age speaking gibberish skibidi language give kid meaningful stuff need gadget give absolutely suck hell first dumb phone example old console
7Od5rp1AFYk,How Internet Brain Rot Destroyed Gen Alpha,@MewtwoShadowFNaFGirl,2025-03-16T06:14:25Z,12,instead giving kid violent scream cause device taken away parent toughen learn understand given kid whatever want going fix
7Od5rp1AFYk,How Internet Brain Rot Destroyed Gen Alpha,@lize5755,2026-02-06T02:23:30Z,1,anxious generation book reading well teacher teaching zombie parent year old doesnt ipad house doesnt school day etc
7Od5rp1AFYk,How Internet Brain Rot Destroyed Gen Alpha,@Ferr3t_64,2025-03-15T21:17:51Z,60,kid born generation alpha frustrating peer seemed year behind learning struggled comprehend simple math equation reading book feel almost lucky sucked world brain rot year head curriculum absolutely hate brain rot hate destroying generation electronics influencers
7Od5rp1AFYk,How Internet Brain Rot Destroyed Gen Alpha,@marekniźnik2221,2026-01-16T22:57:12Z,4,kid read best class kid struggle reading simple word heartbreaking
7Od5rp1AFYk,How Internet Brain Rot Destroyed Gen Alpha,@TheFantasticpig,2026-04-14T01:33:42Z,0,little balance screen forced learning sometimes enjoyed
7Od5rp1AFYk,How Internet Brain Rot Destroyed Gen Alpha,@Ducki99-pt5,2025-03-15T15:31:33Z,66,kid want homework one brainrot
7Od5rp1AFYk,How Internet Brain Rot Destroyed Gen Alpha,@arndguy2550,2025-03-15T17:31:20Z,5,generation struggle screen addiction thank mom interventing sooner
7Od5rp1AFYk,How Internet Brain Rot Destroyed Gen Alpha,@BrownieBrownBear-r7u,2025-08-28T12:40:58Z,24,genalpha genzalpha currently high school upset happened age ipad kid busy learning science mathematics scrolling tiktok unconscious person come show generation unfortunately witness fall society glad mother taught discipline selfcontrol entered
7Od5rp1AFYk,How Internet Brain Rot Destroyed Gen Alpha,@Noname02000,2026-04-03T00:26:34Z,1,hour break staring day unless sick play irl
7Od5rp1AFYk,How Internet Brain Rot Destroyed Gen Alpha,@doinksman,2025-10-20T11:54:06Z,35,kid lady vowed give kid phone either middle school freshman year need year old phone first iphone 10th grade
7Od5rp1AFYk,How Internet Brain Rot Destroyed Gen Alpha,@Jacobe-v3r2w,2026-03-27T19:37:33Z,1,gen alpha experience except kid throwing throwing scissors dangerous though guess punished first took art class multiple time thrown iss disrespecting general music teacher friend turing earrape music born wrong history
7Od5rp1AFYk,How Internet Brain Rot Destroyed Gen Alpha,@limboooooooooooo,2025-03-15T15:59:53Z,9,who fault sort behaviour parent give ipad child addicted
7Od5rp1AFYk,How Internet Brain Rot Destroyed Gen Alpha,@StoryBird2,2025-03-16T05:31:46Z,6,last saw doctor briefly spoke mentioned diagnosis finally autism looked visibly annoyed bringing kid selfdiagnosing try medication claim harder disorder diagnosis currently best sure sister doesnt end kid especially since adhd attention screwed start far going well
7Od5rp1AFYk,How Internet Brain Rot Destroyed Gen Alpha,@danielpacheco6998,2025-03-17T00:31:27Z,4,generation alpha help keep helping others generation alpha please
7Od5rp1AFYk,How Internet Brain Rot Destroyed Gen Alpha,@69TheGG,2026-02-02T08:44:47Z,1,best guy cause least professional online bum day sh1t sponsorship
7Od5rp1AFYk,How Internet Brain Rot Destroyed Gen Alpha,@autistictomoya,2025-03-15T23:32:58Z,4,others tic often trigger tic likely tic video worse part feel bit offensive social medium gave disorder tic heard
7Od5rp1AFYk,How Internet Brain Rot Destroyed Gen Alpha,@dx243_,2025-03-15T23:25:11Z,7,worst part gen alpha destroyed obviously suffering gen alpha closer gen called ipad generation part sector born january pretty large influx online inperson calling brainrotten skibidi toilet addicted swear kidding last part
7Od5rp1AFYk,How Internet Brain Rot Destroyed Gen Alpha,@WinterFalls-bv9ey,2025-03-15T17:50:20Z,31,shrinking brain weaker blah blah depends
7Od5rp1AFYk,How Internet Brain Rot Destroyed Gen Alpha,@TotòSavarese-n3i,2026-04-14T16:32:17Z,1,situation terrible stay maximum hour phone need work hour maybe kid situation control brain rot worsened fan tech addicted sometimes fortunately mom take
7Od5rp1AFYk,How Internet Brain Rot Destroyed Gen Alpha,@Dogloves2011,2025-03-15T22:07:19Z,14,unfortunately child phone talking diddy menidk diddy alcohol look
7Od5rp1AFYk,How Internet Brain Rot Destroyed Gen Alpha,@Butters_stotch_11,2025-03-16T13:27:00Z,9,internet showed shouldnt mental health ruinedi study
7Od5rp1AFYk,How Internet Brain Rot Destroyed Gen Alpha,@sadieistarmaswife5842,2025-07-06T07:59:49Z,13,gen almost gen alpha mortally hate brainrot young may brainrot word start crisis 😭😭😭
7Od5rp1AFYk,How Internet Brain Rot Destroyed Gen Alpha,@hazielriveros393,2026-04-04T20:10:18Z,1,year old heard twelve comfirm school hell well brainrotted possibly sane tired every place
7Od5rp1AFYk,How Internet Brain Rot Destroyed Gen Alpha,@KaylaTheNewfieBear,2026-02-21T00:07:22Z,3,straight old girl…this definitely parent creator brain rot act perfectly well along parent thanks raised disgusting disappointing
7Od5rp1AFYk,How Internet Brain Rot Destroyed Gen Alpha,@MoonNightSquad,2025-03-17T21:11:52Z,58,year old brain rot disappointed generation feel child common sense here opinion gen alpha wanted
7Od5rp1AFYk,How Internet Brain Rot Destroyed Gen Alpha,@LusitaniaMay7,2025-07-22T03:17:12Z,9,although born search result last year born gen concern want trapped whole different generation full brainrot
7Od5rp1AFYk,How Internet Brain Rot Destroyed Gen Alpha,@DrAstorG,2026-05-21T02:07:43Z,0,make adventure look einstein bro
7Od5rp1AFYk,How Internet Brain Rot Destroyed Gen Alpha,@wissamnachabe4470,2025-09-12T11:17:11Z,4,gen alpha managed escape brainrot tysm saved life disaster
7Od5rp1AFYk,How Internet Brain Rot Destroyed Gen Alpha,@noahnorman6877,2025-03-15T16:09:59Z,6,point finger technology reason gen alpha turning boil parent either lazy care child especially discipline archaic harmful cousin year ago gen gen alpha screen dependent year often bratty obnoxious become civilized probably since live aunt include silent gen baby boomer disciplinary family unfortunately little sister almost ipad incredibly disrespectful whenever try talk heard use late morning
7Od5rp1AFYk,How Internet Brain Rot Destroyed Gen Alpha,@tiabakhurjiii,2025-03-15T18:17:11Z,5,ipad would throw tantrum school
7Od5rp1AFYk,How Internet Brain Rot Destroyed Gen Alpha,@faditude,2026-03-22T20:32:23Z,1,hate brainrot lucky younger parent let saw video scared short term
7Od5rp1AFYk,How Internet Brain Rot Destroyed Gen Alpha,@Dolfiniez,2025-08-04T07:38:36Z,34,probably last nonrotted generation alpha trying cure rotten one
7Od5rp1AFYk,How Internet Brain Rot Destroyed Gen Alpha,@LearningForLife38,2025-03-15T17:31:46Z,6,plane stay calm tell boy stop screaming
7Od5rp1AFYk,How Internet Brain Rot Destroyed Gen Alpha,@zainebmatoq1531,2026-04-22T12:15:00Z,0,gen alpha love video documentary turn mind hurt generation sometimes grab book read bit necessary hurt future generation
7Od5rp1AFYk,How Internet Brain Rot Destroyed Gen Alpha,@billybobgachas1239,2025-06-21T00:54:34Z,6,skibidi toilet brainrot content farm took skibidi toilet turned brainrot
7Od5rp1AFYk,How Internet Brain Rot Destroyed Gen Alpha,@CelesteBlue64,2025-03-16T03:57:59Z,7,aunt work nursery kid shes explained nowadays kid young year old becoming antisocial uncooperative unwilling play basic stuff toy lockdown damaged kid nowadays sure blame parent blaming get far feel kid affected brainrot kid teen public meltdown vapingsmoking swearing acting gang going far threaten saw stuff online thankful adult grew toy outside help worry future kid acting hell problem teen old addicted phone class college math least different using phone vaping toilet late class math teacher would try control class there teacher nowadays awful room study constantly lesson delayed student late teacher interrupted stop using phone take private class catch learn topic learn class need stop blaming start acting normal huge issue
7Od5rp1AFYk,How Internet Brain Rot Destroyed Gen Alpha,@RedCubeAnyway,2025-03-16T06:34:59Z,6,true book contains letter give read book picture short sentence
7Od5rp1AFYk,How Internet Brain Rot Destroyed Gen Alpha,@BilashBenarjeeArgha,2026-03-28T09:30:29Z,9,gen alpha grew gen real stuff
7Od5rp1AFYk,How Internet Brain Rot Destroyed Gen Alpha,@smoothiebuilder8155,2025-09-12T15:53:41Z,6,whoever created skibidi toilet arrested ngl
7Od5rp1AFYk,How Internet Brain Rot Destroyed Gen Alpha,@blueFeathering102,2025-08-06T13:13:40Z,4,late gen younger sibling gen without sister nearly access social medium etc old sister genuinely scaring feel barely escaped apocalypse tell old sister point brain rot well
7Od5rp1AFYk,How Internet Brain Rot Destroyed Gen Alpha,@XPERT_FROM_YT,2025-03-17T09:39:23Z,11,gen alpha thisim thisskibidi toiletcocomelontiktoketc yeswe need stop brainrot
7Od5rp1AFYk,How Internet Brain Rot Destroyed Gen Alpha,@TheBlueYoshi1,2025-03-16T03:49:37Z,8,cousin constantly roblox recently top college choice shocking news sister mother aunt childhood friend congratulated hugged cousin completely oblivious continued ipad despite excitement alone
7Od5rp1AFYk,How Internet Brain Rot Destroyed Gen Alpha,@jjaannae,2025-03-16T02:53:05Z,5,big hello houston use social medium aside encourage younger sister educational video love visual venture… awesome
7Od5rp1AFYk,How Internet Brain Rot Destroyed Gen Alpha,@joshuaelijah3056,2026-04-02T09:49:36Z,2,well year old understand important spend less device sorry parent child addictive device take apology serious sorry
7Od5rp1AFYk,How Internet Brain Rot Destroyed Gen Alpha,@nickreblex,2025-03-15T15:00:50Z,11,finally notification release important edit guy reply womp womp better ignore bot attention seeker
7Od5rp1AFYk,How Internet Brain Rot Destroyed Gen Alpha,@Coalescence333,2025-03-15T15:25:50Z,16,friend mention brainrot word funny thought use actual communication
7Od5rp1AFYk,How Internet Brain Rot Destroyed Gen Alpha,@Theworstnoobever,2025-03-21T15:41:14Z,13,later gen born absolutely furious millennials thought generation cooked control kid properly giving ipad letting brainrot
7Od5rp1AFYk,How Internet Brain Rot Destroyed Gen Alpha,@Cata-n4m,2025-03-22T19:19:35Z,5,gen alpha ipad till age samll ipads game teach shape number feel annoyed brainrot feel sorry parent child
7Od5rp1AFYk,How Internet Brain Rot Destroyed Gen Alpha,@Hi.Mp4-k6y,2026-04-29T20:39:36Z,1,gen alpha who brainrotted alone
7Od5rp1AFYk,How Internet Brain Rot Destroyed Gen Alpha,@stephenspeckhard2804,2025-03-30T17:12:49Z,27,born consider gen super thankful raised parent limited screen fed healthy food encouraged outside play helped sibling older oldest born greatly positively influenced feel weird transition period depends parent raised
7Od5rp1AFYk,How Internet Brain Rot Destroyed Gen Alpha,@Corgix_8,2025-03-16T16:34:55Z,9,late gen hate brain rot
7Od5rp1AFYk,How Internet Brain Rot Destroyed Gen Alpha,@BadBoyGames139,2026-03-07T03:01:19Z,0,kid want fcking wifi mom hey sweetie plz yell plane meas parentstfu gregwhat name son father
7Od5rp1AFYk,How Internet Brain Rot Destroyed Gen Alpha,@bto.officials,2025-03-15T15:47:31Z,4,youngest brother sort autism either attached phone talk look eat he almost yet wearing diaper drink powder milk doesnt eat phone parent late realize uhh there watch random flash video uhh high pitched sound sing poem song know alphabet number
7Od5rp1AFYk,How Internet Brain Rot Destroyed Gen Alpha,@beibiseal,2025-03-25T23:45:46Z,12,fresh teacher shocked life stepped school 1011yo kid intercourse noise class movement kind teacher accident cause best moment prepared deal punishment doesnt work unexpected test negative point etc simply care terrifies going work retirement
7Od5rp1AFYk,How Internet Brain Rot Destroyed Gen Alpha,@ItsToxicChara,2026-05-06T06:02:58Z,0,child hood playing outside cartoon stuff nostalagic 😮‍💨
tdIUMkXxtHg,"What the actual science says about ""brain rot""",@Howtown,2026-04-17T20:53:36Z,175,update april allow shut short mobile app setting feed limit zero minute
tdIUMkXxtHg,"What the actual science says about ""brain rot""",@MoebiusK99,2026-01-02T15:56:41Z,12288,dude graphic team deserves huge compliment
tdIUMkXxtHg,"What the actual science says about ""brain rot""",@iamshanif,2025-12-31T13:01:32Z,11013,analogy restaurant menu best recently
tdIUMkXxtHg,"What the actual science says about ""brain rot""",@alisevkisavk2748,2026-02-24T05:27:41Z,872,surprised nobody mentioned short ad whereas video increasingly frequent longer ad
tdIUMkXxtHg,"What the actual science says about ""brain rot""",@Pringlebox,2025-12-31T08:16:51Z,7564,big left kind video emotional fatigue consuming content generates new feeling quickly swiping video quickly swiping feeling start studying effect emotional well emotional strength going damning result
tdIUMkXxtHg,"What the actual science says about ""brain rot""",@MyProjectBoxChannel,2026-01-06T17:15:27Z,3723,hate hard pushing short fiscally scroll scroll forever normal video
tdIUMkXxtHg,"What the actual science says about ""brain rot""",@prokrastinatorpro,2026-01-12T10:58:44Z,2983,scrolling feel casino machine slot
tdIUMkXxtHg,"What the actual science says about ""brain rot""",@chasingmidnight6772,2026-04-16T15:06:21Z,83,wish could option turn short
tdIUMkXxtHg,"What the actual science says about ""brain rot""",@Aiphiae,2026-01-02T15:37:29Z,4399,high school teacher shift student attend coursework lesson conversation assignment last decade profound shocking single teacher hasnt commented completely overhaul deliver information student focus ask student read paragraph freaking paragraph numerous audible complaint hard read boring want focus sentence block text course student baseline shifted far direction adjust hear colleague elementary coworkers high school prof university changed whether brain rot medium lack focus due overstimulation tech device general however student today far worse task student year ago would found easy theyd consider boring
tdIUMkXxtHg,"What the actual science says about ""brain rot""",@Sniperfuchs,2025-12-30T13:09:09Z,4893,loving incompetent hide evil stuff arc hoping redaction done poorly
tdIUMkXxtHg,"What the actual science says about ""brain rot""",@dazwischen5072,2026-01-13T21:51:22Z,1857,confirms feeling long longer video read stuff post instagram facebook phone ipad without feeling agitated drained short feel strange feeling sucked able stop scrolling short video speed worse brain especially night
tdIUMkXxtHg,"What the actual science says about ""brain rot""",@MusenamedMV,2026-02-12T08:43:36Z,34,clearest explanation tiktok algorithm bizzaro restaurant analogy click instantly simple memorable useful storytelling teaching
tdIUMkXxtHg,"What the actual science says about ""brain rot""",@Jabberwocky869,2026-01-22T06:29:24Z,2117,short usually science history art stuff interesting fact fascinating information ask remember feel ear
tdIUMkXxtHg,"What the actual science says about ""brain rot""",@utkphilobio,2025-12-30T16:13:22Z,2579,socrates distrusted writing would ruin mind writer engage reader leaving communication idea entirely reader
tdIUMkXxtHg,"What the actual science says about ""brain rot""",@existentialsardine,2026-04-25T11:41:14Z,9,remember younger would vine compilation tiktok compilation actual access platform remember compilation reel endless scrolling
tdIUMkXxtHg,"What the actual science says about ""brain rot""",@idiot-rz9zk,2026-01-15T21:08:32Z,1525,dystopian headspace serious piece brainrot ppl tryna save ppl selling stuff tryna sell stuff virtue
tdIUMkXxtHg,"What the actual science says about ""brain rot""",@Kaittycat,2026-01-04T23:24:06Z,2155,vsauces titled illusion rise tiktok stuck mind paraphrasing holiday paradox feel depends whether activity empty full four hour delay airport vacation feel unbearably long exciting day vacation feel short week later recalling memory retrospectively delay airport blip mind day sightseeing feel longer spoiler end there paradox rapid stimulation experience scrolling novel exciting feel fast yet recall feel went fast barely remember burning end
tdIUMkXxtHg,"What the actual science says about ""brain rot""",@snowing987,2025-12-30T20:07:09Z,1756,could feel swear safe used second added short swear could feel brain start rotting addiction creeping week using short crazy
tdIUMkXxtHg,"What the actual science says about ""brain rot""",@bluupers9695,2026-02-11T14:27:28Z,808,headspace introduced part conversation seemingly casually feel skeptical rest talking attention span affecting mental health important separate trying money lump science advice put taste mouth whenever adam would rest knew exact tone could used fakely sell want look better attention span mental health truly love barrier feeling safe irked
tdIUMkXxtHg,"What the actual science says about ""brain rot""",@TEZAFIM,2026-01-18T22:01:50Z,912,tap dot tap fewer short next day short 3rd feed
tdIUMkXxtHg,"What the actual science says about ""brain rot""",@vinifalciano126,2025-12-30T13:20:46Z,1453,menufree morsel restaurant cook absolutely amazing apt analogy kudos
tdIUMkXxtHg,"What the actual science says about ""brain rot""",@mikwehttam,2025-12-31T22:38:18Z,1507,alarming discovered short form video affect personally long enough notice struggle switching long form content take min detour short rabbit hole suddenly trouble staying engaged regular video speed playback speed aggressively swap video frequently able find hold attention
tdIUMkXxtHg,"What the actual science says about ""brain rot""",@NextPhasePod,2026-03-05T14:36:12Z,12,restaurant analogy perfect short feel endless appetizer real meal
tdIUMkXxtHg,"What the actual science says about ""brain rot""",@JustFor-dq5wc,2026-01-26T05:54:45Z,115,short video lack silence brain
tdIUMkXxtHg,"What the actual science says about ""brain rot""",@voidsp00kz,2026-01-21T01:13:51Z,16,point around phone lock game book hour lock enjoy lost long form medium demanding attention privilege anymore
tdIUMkXxtHg,"What the actual science says about ""brain rot""",@rasdan1192,2026-01-02T16:24:24Z,393,user agency biggest point teacher school english native language asking question actively search content tiktok instagram etc entire class say whatever website recommend
tdIUMkXxtHg,"What the actual science says about ""brain rot""",@ratvomit874,2026-03-14T14:02:51Z,23,thought short form video ultimate reflection attention span tell second saw young boy short switching every second supposed absorb second
tdIUMkXxtHg,"What the actual science says about ""brain rot""",@phoenixoftheflame,2026-01-20T19:05:12Z,385,anecdotally keep tik tok deleted phone sometimes redownload reward well school long day work scrolling feel euphoric unable stop hour end genuinely feel type drug
tdIUMkXxtHg,"What the actual science says about ""brain rot""",@insomnya1,2025-12-30T16:24:09Z,711,unless boredom cognitively intense recognize spot bunch study boredom brain begun implementing boredom life immediate benefit
tdIUMkXxtHg,"What the actual science says about ""brain rot""",@Jennijennijenni,2026-01-08T05:00:04Z,63,study sense ofc switch windowstabs increased amount site software used workplace increased job different tabswindows team customer database outlook sale checker ewq machine lobby camera instruction help database kept open time need job needed work bank btw
tdIUMkXxtHg,"What the actual science says about ""brain rot""",@crystalstrader9806,2026-02-06T14:48:52Z,1,prop designer food delivery system descriptive engaging
tdIUMkXxtHg,"What the actual science says about ""brain rot""",@gokiburi8,2026-01-29T23:26:59Z,301,gon lie tik tok restaurant sound hell experience
tdIUMkXxtHg,"What the actual science says about ""brain rot""",@Tresorthas,2026-01-02T14:57:14Z,686,find methodology weird another reason changing window sometimes use multiple job large enough display application open sidebyside sometimes enough complex task software development would applies job well
tdIUMkXxtHg,"What the actual science says about ""brain rot""",@shegua,2026-01-08T00:38:33Z,41,love research show lie repeated thousand time doesnt true
tdIUMkXxtHg,"What the actual science says about ""brain rot""",@Edc1459,2026-03-24T07:05:22Z,28,attention span walnut sit around day
tdIUMkXxtHg,"What the actual science says about ""brain rot""",@yokes1648,2026-01-04T03:45:37Z,46,unless bored cognitively intense recognise agree havent allowed feel bored long looking
tdIUMkXxtHg,"What the actual science says about ""brain rot""",@reddcube,2026-01-02T18:30:26Z,286,short specifically feature underutilized ability add link full kick short carousel short trailer giving agency stop infinite swiping
tdIUMkXxtHg,"What the actual science says about ""brain rot""",@itisorisit,2026-03-13T10:20:17Z,3,incredibly refreshing source fact check platform
tdIUMkXxtHg,"What the actual science says about ""brain rot""",@Steyreon,2026-01-02T12:21:36Z,120,row short feel mind junk food feel body
tdIUMkXxtHg,"What the actual science says about ""brain rot""",@ChallengeHC,2025-12-31T16:18:46Z,342,thought tiktok act addictive slot machine swipe impatiently waiting next hit intentionally tried avoid installed extension remove short block mobile browser
tdIUMkXxtHg,"What the actual science says about ""brain rot""",@ShabirAhmad-fv6yo,2026-05-10T09:22:31Z,1,bro background music brain rot
tdIUMkXxtHg,"What the actual science says about ""brain rot""",@ShawDou,2026-01-02T08:18:16Z,37,well boredom vide explained bored important brain start kick wanders try bored swipe away bored bored long enough brain switch phase
tdIUMkXxtHg,"What the actual science says about ""brain rot""",@deanxavier_,2026-01-15T09:40:05Z,109,slowly surely tiny bit food become less less food eventually eating food massive surprise little nourishment
tdIUMkXxtHg,"What the actual science says about ""brain rot""",@mhbeh738,2026-03-06T02:13:51Z,5,unless boredom cognitively intense recognize sudden wisdom joss looked briefly pretty extensive study effect boredom neurodevelopment child mainly driven due demand better parenting educational style linked similar neurobiological benefit adulthood make wonder grow older opportunity bored drastically reduced kind damage accumulated year perhaps gained active cognitive development countered effect
tdIUMkXxtHg,"What the actual science says about ""brain rot""",@THEwafflewaffle,2025-12-30T15:50:53Z,29,journalism fact yall elegantly dismissed goldfish myth class act
tdIUMkXxtHg,"What the actual science says about ""brain rot""",@gabrielmanuelsidik97,2026-01-03T17:02:38Z,468,short short lead longform stop short please stop hook short
tdIUMkXxtHg,"What the actual science says about ""brain rot""",@MrPeanutButter907,2026-02-12T05:51:02Z,2,fine dining tiktok culinary art incredibly poetic
tdIUMkXxtHg,"What the actual science says about ""brain rot""",@Enlitner,2025-12-30T13:37:40Z,905,hate give option show less short form content anyways every single frontpage click show less content remove instance reload page feel personally insulted taken complete idiot clear give option point seems absolutely
tdIUMkXxtHg,"What the actual science says about ""brain rot""",@gageracer,2026-01-01T00:17:48Z,137,new trend realized short person sits jump scene obvious create sort action animal brain stop scrolling movement cat
tdIUMkXxtHg,"What the actual science says about ""brain rot""",@陽輝木村1986,2026-01-03T20:20:10Z,820,felt success simple either outwork excuse lose power behind curtain dave rumsfeld pushed show day motivation zero
tdIUMkXxtHg,"What the actual science says about ""brain rot""",@theupnorthchannel,2026-05-21T00:01:53Z,0,inherently short form content content delivered menu analogy sum perfectly
tdIUMkXxtHg,"What the actual science says about ""brain rot""",@iudicus,2025-12-30T14:16:01Z,328,yeahwe definetely need study especially longer term
tdIUMkXxtHg,"What the actual science says about ""brain rot""",@corneliusthecrowtamer1937,2026-01-02T16:56:07Z,4,restaurant analogy sound business idea
tdIUMkXxtHg,"What the actual science says about ""brain rot""",@meaculpamishegaslit,2026-01-14T16:27:38Z,13,anxiety depression worse brain drug
tdIUMkXxtHg,"What the actual science says about ""brain rot""",@KoruDesuKa,2025-12-30T17:44:57Z,49,hate sensation sucked endless shortform vortex disassociating apt put feel fulfilling havent robbed spot attention least tangentially focused idea discovered guy homepage whose algorithm thought spend minute youve doubt analytics show well short perform thanks caused listen minute
tdIUMkXxtHg,"What the actual science says about ""brain rot""",@xriss1335,2026-02-22T17:47:55Z,2,encourage essay topic enjoy one hour help havent using tiktok daily anymore recommend exploring topic beneficial gardening science craft house intriguing
tdIUMkXxtHg,"What the actual science says about ""brain rot""",@Nosikas,2025-12-31T00:39:41Z,53,cool interview monica rosenberg lecturer uchicago insight awesome professor happy hear
tdIUMkXxtHg,"What the actual science says about ""brain rot""",@melaniewamboldt6627,2026-01-10T20:53:14Z,109,office observation capture real life attention span seriously worked call center office well year micromanaged based fast resolve track customer issue using multiple computer program meaning every second click else somewhere else usually different screen else meeting expectation leading potential consequence experience office want multitasking thus forcing split attention multiple
tdIUMkXxtHg,"What the actual science says about ""brain rot""",@karax3208,2026-04-20T00:54:42Z,0,love full creativity format following else poor choice write script loved
tdIUMkXxtHg,"What the actual science says about ""brain rot""",@vrom13,2026-01-07T13:14:16Z,14,seek educational material fun found guy short since stopped using felt addicting vote continue engage people curiosity seek information thank
tdIUMkXxtHg,"What the actual science says about ""brain rot""",@extrachipper,2026-01-02T03:10:30Z,228,hate shortform content control timeline short miss detail want consider little deeply want wait loop around there platform let pause screen motion allowed sit visual auditory silence length engaging agency relegated swipe swipe essentially boil pay attention pay attention perhaps actively choosing pay attention could priming effect
tdIUMkXxtHg,"What the actual science says about ""brain rot""",@Mali_C137,2026-01-05T05:47:58Z,53,start trend short form video
tdIUMkXxtHg,"What the actual science says about ""brain rot""",@Zonnemaan,2026-03-24T09:56:26Z,0,turned viewing history feel control content follow add every today content thank
tdIUMkXxtHg,"What the actual science says about ""brain rot""",@AlexandruVoda,2025-12-31T17:18:09Z,177,hey trump admin incompetent redacting trend uncensoring copypaste
tdIUMkXxtHg,"What the actual science says about ""brain rot""",@combogalis,2025-12-30T18:55:04Z,19,hit boredom cognitively intense recognize used avoid boredom plague bringing phone bathroom listening content whenever away screen etc allow break throughout day allows reflection introspection give recall task forgetting content consumption time creative allowed take might inspire meaningful small change behavior big cognitive function consuming content
tdIUMkXxtHg,"What the actual science says about ""brain rot""",@connorpeppermint8635,2025-12-30T17:06:48Z,18,major intervention use year ago incredibly validating effort put fix attention span harming attention span decade constantly online worse endless scrolling emotionally stunted offering constant easy escape feeling skyrocketing rate anxiety depression
tdIUMkXxtHg,"What the actual science says about ""brain rot""",@Kirbylini,2025-12-31T14:02:34Z,68,thumbnail worried fault rarely helpful well done thank
tdIUMkXxtHg,"What the actual science says about ""brain rot""",@neetha-kumar,2025-12-30T16:32:10Z,212,reading child would encourage pick book similar one used read child keep interest felt thought dumb read turned sometime around high school stopped picking book sounded interesting read popular classic read stupid romance book fantasy etc focus reel
tdIUMkXxtHg,"What the actual science says about ""brain rot""",@AthenaChang,2025-12-30T14:46:03Z,137,short pull endless scrolling normal short personal experience
tdIUMkXxtHg,"What the actual science says about ""brain rot""",@blenderguru,2025-12-30T17:54:03Z,35,thanks diving deep scientific data breath fresh air
tdIUMkXxtHg,"What the actual science says about ""brain rot""",@AileTheAlien,2025-12-31T20:42:23Z,15,match group owns close half dating apps market there going similar since leadership
tdIUMkXxtHg,"What the actual science says about ""brain rot""",@bobbob-gg4eo,2026-03-31T16:33:45Z,1,second post inherently whats delivered
tdIUMkXxtHg,"What the actual science says about ""brain rot""",@Yash.027,2025-12-30T15:10:38Z,7,menu analogy animation absolutely blew mind
tdIUMkXxtHg,"What the actual science says about ""brain rot""",@Skanesgarden,2026-01-15T09:40:03Z,5,run video subscribed channel amazed offered awesome new
tdIUMkXxtHg,"What the actual science says about ""brain rot""",@ikelos8190,2025-12-30T20:44:28Z,86,public administration able redact properly seems common occurrence
tdIUMkXxtHg,"What the actual science says about ""brain rot""",@dremich_,2026-01-01T03:20:23Z,40,short click homepage scroll find work well
tdIUMkXxtHg,"What the actual science says about ""brain rot""",@Stadsjaap,2026-01-03T08:55:32Z,97,hold could user skip perceived boring video avoid pour attention sort acquired selective inattention habit would almost certainly diminish capacity pay attention user perceives boring well nature demand requires becomes interesting
tdIUMkXxtHg,"What the actual science says about ""brain rot""",@liberator2057,2026-02-07T10:03:26Z,1,hate short content creator platform explained unease thank giving robust reason continue engage part internet
tdIUMkXxtHg,"What the actual science says about ""brain rot""",@KangTae-WooUSA,2026-01-23T15:47:20Z,30,coworker scrolling reel yesterday could hear scrolling every within second end frustrated threw phone desk realised obsessive brain searching snack
tdIUMkXxtHg,"What the actual science says about ""brain rot""",@xaviramirezperez,2026-03-26T21:23:16Z,0,amazing thanks short amazed possible longform want video publishing end remembered forgot attention scrolling affecting memory well enjoyed first eye almost end conclusion powerfull remembered keep work
tdIUMkXxtHg,"What the actual science says about ""brain rot""",@DarqIce,2025-12-31T17:25:17Z,8,first set tik tok installed stem hidden deep setting boy boy actionpacked screaming weeping laughing somber content away whole experience calm fed informative video recommend healthy snack stem feed understood correctly force apps force feed shortform content simply delay next second brain could reassemble absorb saw etc wonderful stuff 15second period ad guess gon work unless mandate second would quiet darkness screen
tdIUMkXxtHg,"What the actual science says about ""brain rot""",@mansitiwari8604,2026-01-11T09:33:02Z,48,separate art account created idea art sometimes post idea inspiration get forgotten switch reel infinite scroll idea keep scrolling pursuit finding better
tdIUMkXxtHg,"What the actual science says about ""brain rot""",@qcca123-f1v,2026-03-30T18:03:17Z,1,couldnt pay attention long enough
tdIUMkXxtHg,"What the actual science says about ""brain rot""",@Comrade-Doggolover,2026-01-02T15:18:53Z,109,account multitab task switching tab data going another tool assist task hand
tdIUMkXxtHg,"What the actual science says about ""brain rot""",@marshallsisler,2026-03-13T04:07:47Z,0,leave maybe every year however smoothest segway sponser quite kudos howtown
tdIUMkXxtHg,"What the actual science says about ""brain rot""",@splunge2222,2025-12-31T16:14:33Z,81,mid80 show max headroom anticipated short wildly accelerated commercial called blipverts head explode
tdIUMkXxtHg,"What the actual science says about ""brain rot""",@kwanfilms,2025-12-30T19:28:37Z,168,suggest short selectively scroll one select one pushed algorithm word take control feed brain
tdIUMkXxtHg,"What the actual science says about ""brain rot""",@T4RCLINIC,2026-03-10T08:05:43Z,0,food flavor analogy perfect relatable science
tdIUMkXxtHg,"What the actual science says about ""brain rot""",@ruetube,2026-01-03T14:33:15Z,9,jfc scrolling phone whilst confidently muttering cent obviously
tdIUMkXxtHg,"What the actual science says about ""brain rot""",@feistyferret13,2026-01-03T06:40:13Z,14,professional babysitter couple year recently exactly noticed kid minimal screentime monitored screentime sitting kid unlimited unmonitored screentime especially would jump around addictive game highintensity video every couple minute chaotic difficult handle shocked obvious difference
tdIUMkXxtHg,"What the actual science says about ""brain rot""",@MrBlitzpunk,2026-01-14T08:43:39Z,17,irony called smartereveryday refused post short instead upload long every month lost
tdIUMkXxtHg,"What the actual science says about ""brain rot""",@Phalxxx,2025-12-31T10:49:05Z,12,attention span broken notice long
tdIUMkXxtHg,"What the actual science says about ""brain rot""",@ayoungtricknamedjim5498,2026-01-01T14:45:26Z,4,computer picked phone started around half dozen time course
tdIUMkXxtHg,"What the actual science says about ""brain rot""",@gvmrpg,2026-02-08T16:10:11Z,0,realize dustin shortform smarter everyday video he amazing thank dustin
tdIUMkXxtHg,"What the actual science says about ""brain rot""",@Andre-qo5ek,2025-12-30T16:35:57Z,5,swipe full autonomy factor accounted correlation autonomy disengaging mentally taxing task attention forced lock techbro mean shackle autonomy escape often free people mind relax edge looking threat
tdIUMkXxtHg,"What the actual science says about ""brain rot""",@headwindtrend,2025-12-30T14:53:50Z,24,problem length continuous chaotic stimulation try experiment force stop every watcher enjoyed request take break replay mind brain respond hows difference take chance longer consumption cent
tdIUMkXxtHg,"What the actual science says about ""brain rot""",@MejorContoneo,2026-03-04T06:22:37Z,0,consume shortform content absolutely love short tutorial drawing gardening technique stretch workout nutrition tips—so short content amazing thanks high quality guy consistently put
tdIUMkXxtHg,"What the actual science says about ""brain rot""",@paulpardee,2025-12-30T21:00:48Z,11,unless boredom cognitively intense hit nail head kid allowed bored bored daydreaming scenario trying work trying decide alleviate boredom word entire day kid opportunity bored screen face practically limitless pool content consume
tdIUMkXxtHg,"What the actual science says about ""brain rot""",@thinkdunson,2025-12-31T01:21:26Z,6,tracking often switch windowsapps computer metric attention span job require use multiple window switch constantly especially going check email regularly sure news amount switch gotten shorter since job require constant monitoring different apps constant forth single task
tdIUMkXxtHg,"What the actual science says about ""brain rot""",@boas_,2025-12-30T23:19:23Z,89,note correlate necessarily mean a→b b→a could mean c→a c→b example
tdIUMkXxtHg,"What the actual science says about ""brain rot""",@grabthatautoV,2026-01-02T19:20:31Z,51,problem experiment parameter near tracking quickly switch window another doesnt necessarily mean attention span gone maybe there doesnt sound robust could simply mean worker using greater number application possibly monitor nowadays around average easily fit window snapping application part monitor
tdIUMkXxtHg,"What the actual science says about ""brain rot""",@DomonationYT,2025-12-30T22:54:49Z,8,fun guy upload compilation short
tdIUMkXxtHg,"What the actual science says about ""brain rot""",@jddereisbar15,2026-01-02T18:56:00Z,4,software track often employee click window another seems odd choice measure handfull task job let work window writing bill example need click window detail sending customer
tdIUMkXxtHg,"What the actual science says about ""brain rot""",@RefArohf,2025-12-30T13:49:07Z,25,short though throwing tend row look long form selecting show less short dotted menu funny part first howtown discovered guy short glad
tdIUMkXxtHg,"What the actual science says about ""brain rot""",@ChuntTheBadger,2026-03-28T21:22:21Z,0,short platform link relevant video full length convos
tdIUMkXxtHg,"What the actual science says about ""brain rot""",@PoliMoli,2025-12-30T13:53:45Z,69,scrolling part important part reelsshorts scroll feed laptop find sometimes feeling stimulated scrolling content screen edit believe reason content entertaining enough
tdIUMkXxtHg,"What the actual science says about ""brain rot""",@elixorvideos,2026-01-12T18:25:59Z,4,legit thought device broken run time
tdIUMkXxtHg,"What the actual science says about ""brain rot""",@izznt,2025-12-30T18:34:43Z,18,heard crucial bored child artist kid interest personality develops artist need bored float try translate quiet tangible communicative art work
tdIUMkXxtHg,"What the actual science says about ""brain rot""",@Heatheriz234,2026-04-11T08:48:44Z,0,animation beautiful combining help break complex analogy love
tdIUMkXxtHg,"What the actual science says about ""brain rot""",@gregrussell1787,2025-12-31T17:05:51Z,4,major logical flaw regarding cumulative effect brain rot hope mentioned goldfish study—its perfect example latching random study spreading misinformation section attention span relies window switching metric flawed proxy focus singlewindow workflow word multitab workflow switching window every second necessarily loss focus often modern multitasking regarding memory test found using tiktok tax brain short term memory resting brain rot cognitive load run mile try sprint slower rested fatigue permanent damage doesnt mean degenerative effect jump fallacy real danger short format misinformation spread
tdIUMkXxtHg,"What the actual science says about ""brain rot""",@leonieha8764,2026-01-27T21:40:15Z,8,would study average short video question end content creator stop posting short short video messing attention span short maybe certain short impact attention span sometimes doomscrolling feel full unless find interesting often read comment believe whole worth whole enjoyed whole make wonder short video full length scrolling every second impacting attention span informative calming min
tdIUMkXxtHg,"What the actual science says about ""brain rot""",@esterapanea8744,2026-04-08T09:53:39Z,0,thank based research exposing clearly leaving space question
tdIUMkXxtHg,"What the actual science says about ""brain rot""",@John-thinks,2026-01-30T15:38:15Z,5,short sometimes help wake doom scroll daze spark longform invite curiosity strong force demand resolution
tdIUMkXxtHg,"What the actual science says about ""brain rot""",@blyatman66,2025-12-30T13:31:28Z,25,yeh mein bhi dikhti hai kya wth man
tdIUMkXxtHg,"What the actual science says about ""brain rot""",@wa22amann,2026-02-22T15:30:13Z,0,loved day shortvideosociety effect every kind relationship friendship workuniversity thanks
tdIUMkXxtHg,"What the actual science says about ""brain rot""",@Mitrofang,2025-12-30T15:44:40Z,12,could related mental fatigue whenever new understand looking whats going screen longer video dissociate bit completely ignore minute scrolling video experience first part continuously pas next sleepy long tiktok scrolling could fall asleep scrolling
tdIUMkXxtHg,"What the actual science says about ""brain rot""",@angelapreh,2026-01-05T19:26:33Z,77,miserably failed ball bat question lmaooo
tdIUMkXxtHg,"What the actual science says about ""brain rot""",@cavemann_,2025-12-30T13:25:32Z,72,plausible explanation swiping swipe impulsive action condition fall impulsive urge prime low frustration mindset meaning harder engage critical required study
tdIUMkXxtHg,"What the actual science says about ""brain rot""",@theenvironmentmakers5746,2026-02-08T21:33:08Z,2,short reel brainrotting succinct instructional example morning short fixing water damage popcorn ceiling length amount information perfect minute needed job
tdIUMkXxtHg,"What the actual science says about ""brain rot""",@nicemelbs,2025-12-30T13:52:37Z,5,tried tiktok immediately hated scrolling hour video interested platform either speaks fast provide proper context topic
tdIUMkXxtHg,"What the actual science says about ""brain rot""",@devilmay,2025-12-30T13:35:06Z,300,mean email work usually requires immediate attention requires attention later junk different categorical level switching window indicator focus could focusing task requires work across several cascading item complete observational conditional
tdIUMkXxtHg,"What the actual science says about ""brain rot""",@voshi2211,2025-12-30T13:54:08Z,12,use social medium decreasing attention span turn pretty severe sleep apnea add giving literal brainrot definitely social medium worsensexascerberates attentional problem definitely checked underlying cause
tdIUMkXxtHg,"What the actual science says about ""brain rot""",@BryanSim,2025-12-31T02:45:21Z,69,tried desperately stay awake 30minute performance beethoven 5th symphony remember concertgoers would shocked learn cut meatloaf original 12minute version love radiofriendly minute guess news eventually shortform skip zero second video whatever first place
tdIUMkXxtHg,"What the actual science says about ""brain rot""",@thehuntressdanni2972,2025-12-30T19:32:57Z,9,increasing company training subconsciously avoid unwanted popping click close without looking
tdIUMkXxtHg,"What the actual science says about ""brain rot""",@lotusphoenix8,2026-03-02T13:06:42Z,0,smarter everyday purely integrity thank thought provoking
tdIUMkXxtHg,"What the actual science says about ""brain rot""",@ManunKanava,2025-12-30T21:02:23Z,10,redacting document well epstein file
tdIUMkXxtHg,"What the actual science says about ""brain rot""",@danieldevine,2025-12-30T19:13:03Z,99,unless missed study useful fully focused task may require use multiple window remotely uncommon working contigious task order complete task work may use different system simply faster executing subtasks system complete whole would look attention span worse happy tell wrong end stick sounded rewatching twice
tdIUMkXxtHg,"What the actual science says about ""brain rot""",@LeoRodriguezzz15,2026-03-12T21:10:13Z,0,prospective memory part reminded laundry dryer took
tdIUMkXxtHg,"What the actual science says about ""brain rot""",@RanmaSyaoranSaotome,2026-01-01T16:02:18Z,14,change want world trust influence short content create
tdIUMkXxtHg,"What the actual science says about ""brain rot""",@ErrorRaffyline0,2025-12-30T20:58:21Z,5,pictureinpicture mode playing videogame vibe
tdIUMkXxtHg,"What the actual science says about ""brain rot""",@TravisZed314,2025-12-30T17:52:20Z,27,screen computer since year old course move quicker insurance salesman
tdIUMkXxtHg,"What the actual science says about ""brain rot""",@TheDanceaholic2,2026-02-06T14:27:24Z,0,would definitely short form content brain rot time short help break tunnel change longer put mobile thank amazing informative automatically glad sent link insight dad medium pedagogue
tdIUMkXxtHg,"What the actual science says about ""brain rot""",@hglundahl,2026-01-10T18:38:32Z,62,ball cost five cent bat dollar five
tdIUMkXxtHg,"What the actual science says about ""brain rot""",@ThmSphone,2025-12-31T17:51:50Z,82,would take minute load image take second pretty sure there least correlation
tdIUMkXxtHg,"What the actual science says about ""brain rot""",@paupaupaulilili,2026-02-09T18:34:00Z,0,loved interesting dynamic expert intervention well cited minute congrats thanks regard spain
tdIUMkXxtHg,"What the actual science says about ""brain rot""",@marisalee194,2026-01-02T09:03:28Z,4,finding swiping shocking swiping incentivizes brain switch paying attention matter paying attention switch little dose result every deleted social last year spending reel shocked quickly ability read long form content within week went able read entire nyt article sitting able read dry academic paper hour straight wild
tdIUMkXxtHg,"What the actual science says about ""brain rot""",@sidequest_studio,2026-01-02T18:17:55Z,4,holdup limiting swipe avoid inhibiting function improved score feel ignored explored show either knowledge limitation temporary distraction hard stop improves ability apply background thought interaction
tdIUMkXxtHg,"What the actual science says about ""brain rot""",@fawn-limbs,2025-12-30T20:49:56Z,67,ball cost since bat cost bat cost
tdIUMkXxtHg,"What the actual science says about ""brain rot""",@stephf9206,2026-04-01T20:05:00Z,0,best video topic subscriber want
tdIUMkXxtHg,"What the actual science says about ""brain rot""",@elatedmaniac,2025-12-30T18:32:26Z,13,issue screenhopping metric super common whitecollar environment screen documentation left code
tdIUMkXxtHg,"What the actual science says about ""brain rot""",@rafe1544,2025-12-30T13:29:35Z,25,gon lie would pay money bite algorithmic restaurant sound fun
tdIUMkXxtHg,"What the actual science says about ""brain rot""",@appplejacks,2026-01-13T05:12:09Z,55,question becomes ad instinctively skip contributing tuning effect
tdIUMkXxtHg,"What the actual science says about ""brain rot""",@yuliana_kardash,2026-03-06T08:35:43Z,0,pure nailing plot creative detail quality content
tdIUMkXxtHg,"What the actual science says about ""brain rot""",@RefArohf,2025-12-30T13:25:09Z,68,test measuring window switching doesnt seem reliable measure attention span unless map appwebsite clicked working screen often sometimes busy regarding window screen hour focused delivery live client mean clicking different window often stop clicking grabbing typing etc client busier screen often multiple screen multiple apps must interact
tdIUMkXxtHg,"What the actual science says about ""brain rot""",@pirixyt,2025-12-30T19:27:37Z,4,software work dramatically changed since would take huge pich salt
tdIUMkXxtHg,"What the actual science says about ""brain rot""",@gabrielaponte6403,2025-12-31T22:02:43Z,8,funny say slow steady win race advice
tdIUMkXxtHg,"What the actual science says about ""brain rot""",@The_Brickishaw,2026-01-09T07:30:11Z,15,antibrain rot short cause click long form content 1stops scrolling intellectually simulating sample try buy endless sample wish could deprioritize short feed
tdIUMkXxtHg,"What the actual science says about ""brain rot""",@DehydratedStick,2025-12-30T16:20:12Z,6,bigger loved information easy process agency definitely issue personally tiktok doesnt short selection interface instagram home feed lack agency engaged tiktok first place bear idea able select others however seem perfectly content sacrificing agency bite sized content—which feel foreign
tdIUMkXxtHg,"What the actual science says about ""brain rot""",@markman474,2026-02-03T08:44:46Z,0,howtown short pull scroll take educational long form enjoy
tdIUMkXxtHg,"What the actual science says about ""brain rot""",@Raggart,2025-12-30T19:04:48Z,12,boredom super useful mind force either engage going imagine create entertainment short form useful interesting understand love
tdIUMkXxtHg,"What the actual science says about ""brain rot""",@thebigscreentheory,2025-12-30T19:23:11Z,5,believe answer deep focus creativity taskswitch constantly unaware action check phone mail news snapchat theatre show movie cinema sooo weird completely understandable habitualized short form reel tiktok boredom boredom answer swipe bypass boredom bored fulllong skipping skipping skipping
tdIUMkXxtHg,"What the actual science says about ""brain rot""",@PetrFlosman,2026-03-28T05:44:25Z,3,tldr conclusion attention span short
tdIUMkXxtHg,"What the actual science says about ""brain rot""",@lizzy4621,2026-02-24T18:41:48Z,0,beautiful decided delete instagram phone yesterday popped opened thank putting research together stronger informed educated
tdIUMkXxtHg,"What the actual science says about ""brain rot""",@DeathriteWorld,2025-12-30T17:53:19Z,6,frustrating little research social medium billion using everyday
tdIUMkXxtHg,"What the actual science says about ""brain rot""",@_oaktree_,2026-01-11T12:49:21Z,14,administrative court worker handle court document including confidential redacted document hilarious putting black box text doesnt necessarily redact text real pdf editor used prepping legal document actual redact text function render selected text unsearchable copypaste word redacted whoever prepped doc clearly put black box text instead redacting funny holy shit
tdIUMkXxtHg,"What the actual science says about ""brain rot""",@ltim558,2026-02-03T09:19:19Z,0,thank well lasting impact choose entertainment spent hour row short burnout less agency content brought joy wonder short bring wish learned stuff chaos luck figuring solution work
tdIUMkXxtHg,"What the actual science says about ""brain rot""",@innnovator,2026-01-16T16:33:35Z,50,headspace app selling mindfulness subscription base as backwards
tdIUMkXxtHg,"What the actual science says about ""brain rot""",@Kohni-h5u,2026-01-10T19:11:54Z,4,study mention factor work efficient gained experience computer faster want hear plotted loud hard care make start writingreading worrying philosopher
tdIUMkXxtHg,"What the actual science says about ""brain rot""",@Monkeypuzzle,2025-12-31T11:48:27Z,19,critical short since downloaded tiktok app although occasional interesting short swiped next fact begs hate short length imagine letting algorithm choose next seriously frightens
tdIUMkXxtHg,"What the actual science says about ""brain rot""",@rradscorpion,2026-04-18T11:14:41Z,0,well bitesized content certainly aint stopping anytime soon least educational3 tysm
tdIUMkXxtHg,"What the actual science says about ""brain rot""",@MrzPrincessPerfect,2026-01-02T01:14:50Z,14,aww day old headspace link expired
tdIUMkXxtHg,"What the actual science says about ""brain rot""",@FloThePro1231,2025-12-30T18:30:32Z,18,attention ability endure boredom measured
tdIUMkXxtHg,"What the actual science says about ""brain rot""",@casperklatsche2508,2026-02-25T23:08:09Z,0,minute graphic animation look cool
tdIUMkXxtHg,"What the actual science says about ""brain rot""",@Howtown,2025-12-30T13:11:57Z,32,destin sandlin told implement prominent feature allowing user toggle short hear interview share opinion
tdIUMkXxtHg,"What the actual science says about ""brain rot""",@SemiIocon,2025-12-30T13:31:36Z,244,downloaded tiktok waste want tech slave avoid detrimental behaviour choice trying push short decided want
tdIUMkXxtHg,"What the actual science says about ""brain rot""",@Howtown,2025-12-30T13:10:00Z,1056,bonus adam discussed short affected howtown since launch last year access joining patreon community exists help gain independence algorithm responsive viewer looking indepth unique journalism
tdIUMkXxtHg,"What the actual science says about ""brain rot""",@Darkerthanu,2026-01-06T09:48:48Z,4,complicated doom scrolling addiction every addiction
tdIUMkXxtHg,"What the actual science says about ""brain rot""",@KillerPigMonkey,2025-12-31T15:56:11Z,6,irony side home fill attention work remote separate monitor lost granted diagnosed medicated adhd amount behavioral shifting expand focus enough compared letting play strategic distraction tune away glancing every study second
tdIUMkXxtHg,"What the actual science says about ""brain rot""",@doom1509,2026-02-12T15:54:05Z,0,clicked intro finished pee need cut nail thirsty doggy sits whats sends friend without finishing
tdIUMkXxtHg,"What the actual science says about ""brain rot""",@Howtown,2026-03-26T20:14:16Z,21,looking start building small pause throughout day forget try headspace use link headspace 60days completely free
tdIUMkXxtHg,"What the actual science says about ""brain rot""",@stekra,2025-12-30T17:05:00Z,4,whats background music track onwards tip tongue…
tdIUMkXxtHg,"What the actual science says about ""brain rot""",@abby647,2026-04-06T15:22:21Z,1,make sick realizing tiktok restaurant connected realizing poisoned brain medium gon set phone week
tdIUMkXxtHg,"What the actual science says about ""brain rot""",@stevemyers8330,2025-12-30T14:12:06Z,6,smarter every day year wondered saw short kudos destin else mentioned found howtown short divided
tdIUMkXxtHg,"What the actual science says about ""brain rot""",@tinozedd8528,2026-05-21T01:25:05Z,0,whenever subrscribed uploads short turn notification
tdIUMkXxtHg,"What the actual science says about ""brain rot""",@Blex_040,2025-12-31T19:35:19Z,10,baffled response howtown short well example veritasium vsauce short form content give brainrot using auto recommendation short creator subscribed notification subscription box maybe longer video short break believe support view
tdIUMkXxtHg,"What the actual science says about ""brain rot""",@yaboi5001,2025-12-30T14:33:35Z,8,wonder difference would selectively pick short stand home page opposed click short left hand side start mindlessly scrolling
tdIUMkXxtHg,"What the actual science says about ""brain rot""",@theeucpsychiatrist,2025-12-31T23:35:14Z,4,problem amplified slop video flooded scene
tdIUMkXxtHg,"What the actual science says about ""brain rot""",@meangreanbean,2025-12-30T14:14:01Z,14,brain rot worse medium average cut scene second decade last dropped second per cut human focus anymore
tdIUMkXxtHg,"What the actual science says about ""brain rot""",@807800,2026-01-01T13:16:18Z,7,asking question content served surely better research
tdIUMkXxtHg,"What the actual science says about ""brain rot""",@lucieciepka1031,2025-12-30T16:39:07Z,4,socrate wrong hundred song iliad capable singing memory mind accuracy story survived bronze age correct description use chariot battlefield taxi ancient greece known writing killed capacity memorising retaining information brain smaller
tdIUMkXxtHg,"What the actual science says about ""brain rot""",@CarlosCasillas-m5l,2026-02-19T23:16:12Z,0,stop short form adding problem despite content lead example
tdIUMkXxtHg,"What the actual science says about ""brain rot""",@over_loadcode,2026-03-30T20:40:27Z,0,directed selected short guy homepage short little lose place larger bathroom short break work gon scroll though
tdIUMkXxtHg,"What the actual science says about ""brain rot""",@shivamdubey8320,2026-03-29T17:00:18Z,1,short would break auto scroll catch eye force brain
tdIUMkXxtHg,"What the actual science says about ""brain rot""",@sierramike6626,2026-02-10T21:58:01Z,0,content interesting well presented started reading comment earlier min shared subscribed
tdIUMkXxtHg,"What the actual science says about ""brain rot""",@kbreviews7785,2026-02-10T04:27:03Z,1,person adhd paid attention well definitely situational well focus given task though interested short form content spent longer video around minute weird cause would reel short tailor
tdIUMkXxtHg,"What the actual science says about ""brain rot""",@constructingadditionalpylo8597,2026-02-05T15:49:45Z,0,congratulation dedication work salivating stranger clawing cage feral waiting
tdIUMkXxtHg,"What the actual science says about ""brain rot""",@TheNoob.07,2026-04-16T12:42:23Z,1,agree shortsreelstiktoks noticed deleted workout gym 30min less notice path home internship office
tdIUMkXxtHg,"What the actual science says about ""brain rot""",@Historical_snacks,2026-02-08T02:38:24Z,0,short form content pressure constantly create visual artist truly give anxiety found solace documentary medium enjoy process video mechanic computer tech thank wellproduced piece enjoyed
tdIUMkXxtHg,"What the actual science says about ""brain rot""",@creavenw22,2026-03-19T01:48:45Z,0,first amazing running button second amazingly valuable tho put short content fact stopped minute inmensly valuable personally anti brainrot short difference choose put cause message presented matter maybe equally important important last maybe short form content regulated along side education cause end day goverments worried citizen inteligence meantime creator worry posting nourishing brainrot clickbait end day creator else trying best succeed human life thank thoughtful space
tdIUMkXxtHg,"What the actual science says about ""brain rot""",@ivandariogye,2026-05-04T21:06:48Z,0,power sit half hour worth
tdIUMkXxtHg,"What the actual science says about ""brain rot""",@LazyBones-0_0,2026-04-03T16:43:32Z,0,love embedded ad soon pop reminds trying money whatever embedded ad help close apps
tdIUMkXxtHg,"What the actual science says about ""brain rot""",@GarrettStelly,2026-02-10T20:44:56Z,1,fact could copy paste away redaction insanity
tdIUMkXxtHg,"What the actual science says about ""brain rot""",@PrinCess-dl2ob,2026-05-05T03:43:40Z,0,definitely subscribing smarter every day
tdIUMkXxtHg,"What the actual science says about ""brain rot""",@ekaterinarybakova1281,2026-02-13T14:16:22Z,0,research strong enough change content
tdIUMkXxtHg,"What the actual science says about ""brain rot""",@juanayala2375,2026-04-01T02:54:48Z,1,short convinced longer version figure annoying may depends context random sciency piece information might general taking tablespoon might prove useful hitting interest dead end suggestion catch eye talking noticed twitter well perceived app less harmful cellphone app seed ifs regarding case case realizing addictiveness effect tiktok brain correct sentience uninstall late forbid started cellphone forcing empty pocket chess instead since brain stay quiet colorful apparatus pocket unavoidable
tdIUMkXxtHg,"What the actual science says about ""brain rot""",@zuna4940,2026-02-04T13:08:52Z,0,first cried mix actual researching trying objective possible rare nowadays wholesomeness instantly subbed
tdIUMkXxtHg,"What the actual science says about ""brain rot""",@gracerosales1533,2026-04-06T08:31:50Z,0,glad found page subscribed please continue vids
tdIUMkXxtHg,"What the actual science says about ""brain rot""",@dliedke,2026-04-05T19:24:16Z,1,short history disabledthat arrived nice teach
tdIUMkXxtHg,"What the actual science says about ""brain rot""",@muuuwuu,2026-03-22T08:49:07Z,1,another factor considered workplace attention span experiment evolution technology user interface function improved year may contributed shorter required stay single application process used take click may done click day hard pin shortening attention span without looking element
tdIUMkXxtHg,"What the actual science says about ""brain rot""",@DB-wh3qz,2026-05-16T21:36:44Z,0,thanks nonstream material package source stamped toc
tdIUMkXxtHg,"What the actual science says about ""brain rot""",@Garrgantua,2026-04-29T12:00:56Z,0,wonderful explanation menu part chapeau ba
tdIUMkXxtHg,"What the actual science says about ""brain rot""",@Irrrsk,2026-05-14T09:07:39Z,1,ngl vid forr minute disturbed
tdIUMkXxtHg,"What the actual science says about ""brain rot""",@user-dt6eh4zg6m,2026-03-31T18:53:28Z,0,​there short form video matter short thoughtprovoking sometimes end looking case howtown course wanted check longer hehe ultimately react interact content consuming
tdIUMkXxtHg,"What the actual science says about ""brain rot""",@artemisrosewood,2026-02-17T07:59:44Z,0,first intro love hear swiping addicting video imiates slot pull slot machine casino unpredictable reward surprise everytime shortform bitesized content
tdIUMkXxtHg,"What the actual science says about ""brain rot""",@sirilehner7955,2026-03-29T08:48:15Z,0,high quality noticed starting want minute mark
tdIUMkXxtHg,"What the actual science says about ""brain rot""",@mossymornings3890-4,2026-02-05T16:04:00Z,1,quit using phone quit smoking
tdIUMkXxtHg,"What the actual science says about ""brain rot""",@ididntrealize,2026-02-05T18:07:40Z,0,small sample size sure research needed meanwhile sample size internal finding company hundred million wild stuff loved
tdIUMkXxtHg,"What the actual science says about ""brain rot""",@commentcomment1984,2026-05-17T17:19:39Z,0,love job video keep awesome work
tdIUMkXxtHg,"What the actual science says about ""brain rot""",@diarrasadji2871,2026-02-19T00:29:26Z,0,love research beyond research important pay attention feel engaging short form content body carry wisdom indicate favor feel place case spend significant amount tiktok maybe say
tdIUMkXxtHg,"What the actual science says about ""brain rot""",@lazycouchman,2026-04-22T20:37:18Z,1,addictive exploitative would thought addictive exploitative
tdIUMkXxtHg,"What the actual science says about ""brain rot""",@Iikhio,2026-02-27T02:55:18Z,1,noticed react new come across immoral inappropriate tend feel intense rejection disgust hear short relatable story strong feeling fade often fake shock exaggerate reaction though deep
tdIUMkXxtHg,"What the actual science says about ""brain rot""",@EricMyungjinChung,2026-03-27T14:05:04Z,2,anti anti short specific anti brain rot whole system general ecosystem brain rot next question play game veto game
tdIUMkXxtHg,"What the actual science says about ""brain rot""",@G.RobertMoore-dk4sz,2026-03-25T04:13:34Z,0,min somebody gon launch tok tok taste restaurant day
tdIUMkXxtHg,"What the actual science says about ""brain rot""",@Charsept,2026-04-19T20:22:14Z,0,short form content version brainrot video speed browser option setting block short showing helpful
tdIUMkXxtHg,"What the actual science says about ""brain rot""",@Chr0nic24yt,2026-02-07T23:29:46Z,0,brought introduced short hopefully healthier engaging shortform content regularly try use platform find new longform content enjoy least tell
tdIUMkXxtHg,"What the actual science says about ""brain rot""",@H0pest4r-sky,2026-04-10T08:46:43Z,1,would count long attention span listening background ready friend house hair makeup choosing jacket etc tidying room found interesting every showed result tiktok worst result normally listen podcast friend long audio message requires move around else going listen motivation year old world messed especially usa kid nowadays specifically genalpha grown technology around cause normal parent using excuse distracted though toy boardcard game exist reason
tdIUMkXxtHg,"What the actual science says about ""brain rot""",@OceanOShip-uo7xt,2026-03-13T10:48:33Z,0,often help subject provides interest…
tdIUMkXxtHg,"What the actual science says about ""brain rot""",@eugenetswong,2026-02-06T18:24:13Z,0,short genuine preview topic preview relevant
tdIUMkXxtHg,"What the actual science says about ""brain rot""",@FZs1,2026-02-06T13:35:52Z,0,sooo interesting short scoll instead home page every sometimes find refreshing home page repeatedly video interested
tdIUMkXxtHg,"What the actual science says about ""brain rot""",@alinadinu98,2026-02-04T15:49:47Z,0,honey first guy appears glass love
tdIUMkXxtHg,"What the actual science says about ""brain rot""",@apolled1312,2026-02-13T22:26:38Z,0,well yall convinced social medium deleted swearing short form video
tdIUMkXxtHg,"What the actual science says about ""brain rot""",@unapologeticphil,2026-04-12T04:23:36Z,0,get point need minute fluff prior subject first place word
tdIUMkXxtHg,"What the actual science says about ""brain rot""",@kalai_doscope,2026-02-17T18:00:08Z,0,played cinema theatre movie begin
tdIUMkXxtHg,"What the actual science says about ""brain rot""",@Tobecontinues0525,2026-02-03T17:39:56Z,0,woww appreciate content graphic🥹😭❤️ thank
tdIUMkXxtHg,"What the actual science says about ""brain rot""",@laurap3te,2026-03-30T19:46:23Z,0,cut hour screen started knitting knit listen audiobook sometimes science podcasts happier attention span better new job constantly multitasking hour shift high stake critical care poor attention cost life let listen short video minute leave work maybe short video directly work dial brain
tdIUMkXxtHg,"What the actual science says about ""brain rot""",@sebastiendominique666,2026-02-23T18:27:08Z,1,pratice boredom hard withdrawal hard drug imagine effect child
tdIUMkXxtHg,"What the actual science says about ""brain rot""",@laurenregnier3710,2026-03-16T19:23:30Z,1,break would reach magazine book phone
tdIUMkXxtHg,"What the actual science says about ""brain rot""",@ektonas,2026-02-12T10:58:27Z,0,fact used reading take away ability say fear new content type
tdIUMkXxtHg,"What the actual science says about ""brain rot""",@marjoleindejong637,2026-05-07T09:21:34Z,0,several long version rarely short version btw neurodivergent individual may seem distracted fact deeply processing info staying focused around argument genre violent program kid interpret violence differently wil violent accept violent behaviour take course impact violence sitting arses hour etc keep going live beautiful natural environment love open university aspect internet available
tdIUMkXxtHg,"What the actual science says about ""brain rot""",@Keralite29,2026-03-26T17:04:47Z,0,appreciate though easily able ignore shortform content platform altogether due disdain content almost vapid subject matter hideous visual presentation nevertheless decided need start confronting mass social engineering subject determine path forward involves complete abstinence modern outlet deem harmful human health explores impact social medium attention span another area strongly believe impacted vocabulary span study shown american vocabulary significantly shrunk observed level several decade prior reading pleasure alltime low relative 50 trend began well advent social medium social medium exacerbated since social medium largely replaced reading downtime activity follows language exposure face outside workplace come social medium predominant mode communication social medium slang rather proper syntax majority social medium communication exists slang turn hinders individual acquiring new vocabulary slang limit range concept outwardly express insidiously range concept mind street interview 1960s individual across various background white collar blue collar surveyed youll immediately observe staggeringly articulate individual relative rarely anybody else whether social medium elsewhere confident deterioration language profound impact human intelligence apply towards
tdIUMkXxtHg,"What the actual science says about ""brain rot""",@eatgreencrayons,2026-02-17T08:43:50Z,1,colossal legal fuckup lawyer tried use chatgpt generate court filing alex jones defense lawyer accidentally sent unedited cloned image jones entire phone prosecution
tdIUMkXxtHg,"What the actual science says about ""brain rot""",@marikastewart2730,2026-02-06T22:01:08Z,0,found research compelling deleting tiktok
tdIUMkXxtHg,"What the actual science says about ""brain rot""",@mermaidisrael,2026-05-16T05:50:43Z,0,thank enjoyed tick tock content creator year decided stop altogether creating short video consuming smartphone facebook free instagram free definitely tiktok free highly recommend
tdIUMkXxtHg,"What the actual science says about ""brain rot""",@YourMsRightHere,2026-02-04T13:24:10Z,0,job penalized multitask penalized reply email fast encouraged focus task rewarded kneejerk reply received continually interrupt workflow
tdIUMkXxtHg,"What the actual science says about ""brain rot""",@oscarhdez9379,2026-02-23T09:51:46Z,0,well short finished maybe provoke ill spend less reel maybe short hahah
tdIUMkXxtHg,"What the actual science says about ""brain rot""",@LucidVisions,2026-02-11T10:27:51Z,0,fascinating suppose feel contrast within though hard test recently quit vaping massive social medium detox could feel ability focus sensitivity space around increase noticing tree walk street wind sun reflects puddle suppose scrolling vaping supplying constant dopamine habit compulsiveiy felt innate creativity return beutiful
tdIUMkXxtHg,"What the actual science says about ""brain rot""",@macberk03,2026-02-05T19:32:21Z,0,god graphic department soooo fucking
2wcusKGZ7dw,How Brainrot RUINS Kids' Lives,@BlazrXP,2025-04-26T07:19:17Z,324,worst part take brainrot seriously
2wcusKGZ7dw,How Brainrot RUINS Kids' Lives,@DrowsyRigby,2025-03-15T20:15:01Z,611,believe parent take care kid letting internet without supervision give safer alternative play definitely reconsider kid
2wcusKGZ7dw,How Brainrot RUINS Kids' Lives,@VajenishieAquia,2025-12-18T11:02:35Z,116,video anti brainrot short brainrot
2wcusKGZ7dw,How Brainrot RUINS Kids' Lives,@MouseEnjoyer,2025-03-15T23:19:41Z,221,normally video theyve typically year old stupid21 acknowledges worldwide problem evolved
2wcusKGZ7dw,How Brainrot RUINS Kids' Lives,@Olegelpro,2026-01-08T21:23:23Z,1,would allow game maybe till later awesome keep going
2wcusKGZ7dw,How Brainrot RUINS Kids' Lives,@FoxCat999,2025-03-15T20:12:05Z,41,noticed big try tell listen drug
2wcusKGZ7dw,How Brainrot RUINS Kids' Lives,@Milkcreamii,2025-12-19T16:00:13Z,8,kept hearing child class head hurt
2wcusKGZ7dw,How Brainrot RUINS Kids' Lives,@pldkdpl,2025-03-16T00:09:12Z,127,teen grateful learned tiktok addictive year ago popular nowadays tiktok short instagram reel social medium usage stayed last year maybe declined algorithm suck friend school triplearning camp finished complained tired besides would survive another camp immediately stay phone wayy less talkative introvert including bigger part family almost sits phone person doesnt well else play prefers phone adult teenager child doesnt matter please try limit eventually stop scrolling youll youll fulfilled youd outsmarting around definitely feeling
2wcusKGZ7dw,How Brainrot RUINS Kids' Lives,@757boeing2avation,2026-03-21T23:33:54Z,1,owe skibidi toilet trip paris
2wcusKGZ7dw,How Brainrot RUINS Kids' Lives,@Bobert_the_1rd,2025-05-04T22:39:17Z,40,incident skibidi toilet ruined society put toilet
2wcusKGZ7dw,How Brainrot RUINS Kids' Lives,@midonagi9,2026-01-07T15:32:06Z,6,fact past meme arent brainrot prof theory
2wcusKGZ7dw,How Brainrot RUINS Kids' Lives,@Finikandfriends,2025-12-19T08:37:20Z,7,realised horrible addiction short form content added addon allowed erase short homepage short get converted normal format start doomscrolling
2wcusKGZ7dw,How Brainrot RUINS Kids' Lives,@G1ßus,2025-03-15T21:27:21Z,7,guy uploads year delivers well interesting video evry
2wcusKGZ7dw,How Brainrot RUINS Kids' Lives,@helenas_1546,2026-04-22T00:38:13Z,0,thank norific share friend best
2wcusKGZ7dw,How Brainrot RUINS Kids' Lives,@albiksimek4752,2025-05-14T08:13:19Z,6,well survive rest life hearing brainrot content everithing ending hope brainrot content end soon
2wcusKGZ7dw,How Brainrot RUINS Kids' Lives,@DarkHumour-of1nv,2025-12-18T00:21:44Z,2,least scream parent take phone
2wcusKGZ7dw,How Brainrot RUINS Kids' Lives,@dudurchal,2025-12-10T12:25:19Z,3,whole class brainrotted selfconscious friend bullied
2wcusKGZ7dw,How Brainrot RUINS Kids' Lives,@pallings,2025-03-15T19:21:28Z,87,norific try upload challenge impossible
2wcusKGZ7dw,How Brainrot RUINS Kids' Lives,@cedricbongco2846,2025-12-19T03:28:03Z,0,play multiplayer game atleast socialize playing minecraft classmate
2wcusKGZ7dw,How Brainrot RUINS Kids' Lives,@окакер42,2025-04-15T04:41:41Z,5,kidi feel sad thisfuture generationsim stickying yoyr gyat fod reezleeer vids
2wcusKGZ7dw,How Brainrot RUINS Kids' Lives,@ko0k1ek4tie,2025-06-01T11:09:24Z,10,kid exposed almost internet side hope brain rot
2wcusKGZ7dw,How Brainrot RUINS Kids' Lives,@ErmineProductions,2025-03-31T00:11:59Z,8,give credit vga output laptop
2wcusKGZ7dw,How Brainrot RUINS Kids' Lives,@cameronuriarau5031,2025-12-21T03:47:58Z,1,thumb nail helped kid addiction
2wcusKGZ7dw,How Brainrot RUINS Kids' Lives,@Ameer-gaming236,2025-04-12T22:03:39Z,3,fact using brain rot sound effect better
2wcusKGZ7dw,How Brainrot RUINS Kids' Lives,@Caragai,2025-03-28T05:09:19Z,3,addicted disaster documentary reason find intertaining
2wcusKGZ7dw,How Brainrot RUINS Kids' Lives,@dumbæss,2026-02-17T14:06:32Z,0,addicted looking ceiling night sleep
2wcusKGZ7dw,How Brainrot RUINS Kids' Lives,@PhC-17miniglobe_master,2025-03-23T06:29:19Z,16,cousin read write properly tantrum low attention span
2wcusKGZ7dw,How Brainrot RUINS Kids' Lives,@Shadowkingofficial537,2025-03-19T14:29:26Z,24,worse probably fact kid brainrot aware shtty life nowadays sometimes cause massive damage mental social health su1c1d3 maybe ipad kid better self aware kid
2wcusKGZ7dw,How Brainrot RUINS Kids' Lives,@GinaEzzo,2025-12-11T12:58:14Z,69,agree nyan cat brain rot meme brain rot usually
2wcusKGZ7dw,How Brainrot RUINS Kids' Lives,@a0001521,2025-04-08T07:00:27Z,8,mentioned gmod video subculture difference video mostly trapped within bubble whereas nowadays mainstream attention
2wcusKGZ7dw,How Brainrot RUINS Kids' Lives,@Claire-littlehappiness,2026-01-08T21:49:19Z,1,gen call gen well absolutely passion gen gen gen passionate discovering
2wcusKGZ7dw,How Brainrot RUINS Kids' Lives,@plusthemathematiclesymbol,2025-04-04T02:04:49Z,4,kid need appreciated he playing minecraft short
2wcusKGZ7dw,How Brainrot RUINS Kids' Lives,@katerinakanelaki8095,2025-03-24T13:12:16Z,4,addictive brain rot totally safe
2wcusKGZ7dw,How Brainrot RUINS Kids' Lives,@Cicada-r1m,2025-12-18T02:45:39Z,0,trying touch grass life city
2wcusKGZ7dw,How Brainrot RUINS Kids' Lives,@Gan_roker,2025-03-15T19:47:03Z,15,remeber fav peanut butter jelly
2wcusKGZ7dw,How Brainrot RUINS Kids' Lives,@Wutnot-e1v,2025-12-08T21:37:08Z,15,man fourth grade crazy friend mine gotten whole class school sing peanut butter jelly dance around last day school
2wcusKGZ7dw,How Brainrot RUINS Kids' Lives,@HenryMehochko,2025-12-18T13:15:43Z,0,brainrot video drgs short drgs
2wcusKGZ7dw,How Brainrot RUINS Kids' Lives,@Linx_XD1,2025-04-12T11:58:45Z,4,10yr absolutely hate brain rot video every look lose brain cell loke stop man
2wcusKGZ7dw,How Brainrot RUINS Kids' Lives,@yona5867,2025-03-15T22:28:57Z,12,gen gen millennial kid teenager addicted social medium parent fault giving willy nilly without understand consequence action
2wcusKGZ7dw,How Brainrot RUINS Kids' Lives,@BookFrom_bfdia,2025-05-05T22:38:20Z,2,bro put blue ipad blue ipad look ipad without sticker
2wcusKGZ7dw,How Brainrot RUINS Kids' Lives,@BigDiamond-11,2025-04-05T16:50:45Z,6,meanwhile gen brain ruined mlg brainrot
2wcusKGZ7dw,How Brainrot RUINS Kids' Lives,@itz_poliwag20,2025-10-10T20:29:45Z,0,peanut butter jelly brainrot make angry
2wcusKGZ7dw,How Brainrot RUINS Kids' Lives,@Theradioactivecheese2231,2025-04-29T04:29:21Z,8,early gen alpha learned short internet ruin life absolutely take daily activity terrified grow around take serious worst mark possible every subject low general knowledge first place hope future learned let addictive killer love going outside another horrified horrific nowadays drug buse rpe rsicm name learned overthink try live childhood life general normal respectful person
2wcusKGZ7dw,How Brainrot RUINS Kids' Lives,@itz_Sealilah,2025-04-16T15:46:44Z,8,little cousin watch phone eating year old started since born affect eats food properly without electronics front kid allowed cartoon neither eating
2wcusKGZ7dw,How Brainrot RUINS Kids' Lives,@sonicandtoadettefan6523,2025-05-09T08:25:54Z,5,nyan cat value nyan cat design wish value tho added meaningful
2wcusKGZ7dw,How Brainrot RUINS Kids' Lives,@RomeoThePro10,2025-12-11T04:14:57Z,1,gon walk need brain reset
2wcusKGZ7dw,How Brainrot RUINS Kids' Lives,@LivingroomProductions2364,2025-12-13T23:31:48Z,9,since start school year gone school day without reference acknowledging swear minute clock strike heard reference acknowledge going need meme reset
2wcusKGZ7dw,How Brainrot RUINS Kids' Lives,@y0urs-trvly-gr33n,2025-03-29T04:44:28Z,3,eye strain vision problem remind white screen
2wcusKGZ7dw,How Brainrot RUINS Kids' Lives,@r-mm2zn,2025-05-02T03:19:14Z,0,say outside touch grease 😂😂😂 halerious
2wcusKGZ7dw,How Brainrot RUINS Kids' Lives,@bedrock_mines,2025-03-23T11:12:16Z,6,gen ipad kid sucked short twitter trying better passion keep whats fun hope join chat hang fun general
2wcusKGZ7dw,How Brainrot RUINS Kids' Lives,@icecuber-y5j,2025-12-05T20:27:25Z,0,post please plead love content
2wcusKGZ7dw,How Brainrot RUINS Kids' Lives,@KevinSoria-n4c9y,2025-12-16T15:25:04Z,0,glad ipad kid cuz would embarrassing parent recorded crashing
2wcusKGZ7dw,How Brainrot RUINS Kids' Lives,@Alrek1245,2025-03-15T19:44:07Z,64,counter argument saw niece used using ipad since toddler would throw tantrum ipad taking away ipad however grew older stopped interested using ipad bored started using young somethingso sure claim worried grew quite well adjusted prefers life outside screen
2wcusKGZ7dw,How Brainrot RUINS Kids' Lives,@BryanCastillo-c5i,2025-06-20T17:48:57Z,2,last month found absolute brainrot netflix rachel👧 blippi job show new cocomelon season
2wcusKGZ7dw,How Brainrot RUINS Kids' Lives,@lukeymanboi,2025-04-30T08:41:59Z,7,feel reacting brainrot video brainrot
2wcusKGZ7dw,How Brainrot RUINS Kids' Lives,@Pikminfan64,2026-01-28T03:44:39Z,3,kid extremely brainrotted adult brainrotted heard immediately thought ruined forest temple tyeme ocarina
2wcusKGZ7dw,How Brainrot RUINS Kids' Lives,@celiaquimbe,2025-03-15T20:09:58Z,14,recommendation dance pokémon outdoor movie setting scanning explorer apps mat pat series
2wcusKGZ7dw,How Brainrot RUINS Kids' Lives,@EdwardBesleaga-y1j,2025-12-13T08:51:46Z,6,everyones asking gen alpha cookedbut one asking cooking gen alpha
2wcusKGZ7dw,How Brainrot RUINS Kids' Lives,@timblandin3840,2025-12-21T22:34:42Z,10,world acctually gon fall 2010now kid gon adult
2wcusKGZ7dw,How Brainrot RUINS Kids' Lives,@kromkez,2025-03-16T06:35:26Z,0,hey norific sorry premiere pretty keep work
2wcusKGZ7dw,How Brainrot RUINS Kids' Lives,@bananasaregood_76,2025-03-16T00:37:38Z,9,pad kid computer spoiled kid confirm ill probably nowhere life
2wcusKGZ7dw,How Brainrot RUINS Kids' Lives,@hypergoner,2025-03-31T15:25:23Z,8,born ipad kid control sleeping balance health grounded playing outside lil bro
2wcusKGZ7dw,How Brainrot RUINS Kids' Lives,@Karto.3st,2025-12-18T05:29:38Z,0,look adult completely brainrot exact reason
2wcusKGZ7dw,How Brainrot RUINS Kids' Lives,@Yumper404,2025-03-27T20:49:50Z,8,however brainrot haveing fun brainrot nowadays slop purely money sad
2wcusKGZ7dw,How Brainrot RUINS Kids' Lives,@TheTimekeeper-x4r,2025-12-17T05:34:57Z,0,seriously stand brain rot especially
2wcusKGZ7dw,How Brainrot RUINS Kids' Lives,@Krysgann1,2025-03-16T00:25:51Z,3,kid although want give danging device holy dang
2wcusKGZ7dw,How Brainrot RUINS Kids' Lives,@OhanaOhanb,2025-12-14T08:04:39Z,1,peanut butter jelly peanut butter jelly peanut butter jelly time😂😂😂
2wcusKGZ7dw,How Brainrot RUINS Kids' Lives,@GGenerousity,2025-04-16T02:36:44Z,5,gen alpha meme literal skibidi toilet
2wcusKGZ7dw,How Brainrot RUINS Kids' Lives,@radiostation100,2026-03-24T03:06:54Z,1,friend watch brainrot thingy video say alot
2wcusKGZ7dw,How Brainrot RUINS Kids' Lives,@OmegaCat9999,2025-04-20T13:00:19Z,0,yay dead joke aside amazing highquality stupendous explanation internet terrible place kid
2wcusKGZ7dw,How Brainrot RUINS Kids' Lives,@adanVRgames,2025-03-19T05:11:00Z,3,bro kid go neighborhood wouldt use phone console cuz would busy playing whit kid outside
2wcusKGZ7dw,How Brainrot RUINS Kids' Lives,@Haz48,2025-12-11T20:39:52Z,1,planet cooked mercury… ipad kid regret trying better draw exercise dinner… hope internet get better educates kid
2wcusKGZ7dw,How Brainrot RUINS Kids' Lives,@TheDstaa,2025-04-27T18:11:48Z,0,kid let device least nine ten
2wcusKGZ7dw,How Brainrot RUINS Kids' Lives,@Simon_da_offical,2025-04-25T20:14:43Z,9,ad would buy stuff ad fluff
2wcusKGZ7dw,How Brainrot RUINS Kids' Lives,@ItismeYz,2025-12-28T17:15:55Z,1,wish hadnt existed brainrot bro
2wcusKGZ7dw,How Brainrot RUINS Kids' Lives,@ILoveRome656,2025-12-08T07:15:22Z,4,addicted simply feel playing game play game scrolling guy better
2wcusKGZ7dw,How Brainrot RUINS Kids' Lives,@Gummynick1Music,2025-03-17T15:20:29Z,2,escape knew tried keep busy possible phone labtop bored knew escape dependent phone computer learned skill phone computer cost skill reward future ruin future least dedicated phone labtop
2wcusKGZ7dw,How Brainrot RUINS Kids' Lives,@BADCREATOR_12,2025-03-25T16:51:34Z,7,gen alpha imagine gen beta
2wcusKGZ7dw,How Brainrot RUINS Kids' Lives,@Sadness1226,2025-04-08T02:21:17Z,1,gen alpha addicted chicken nugget guy
2wcusKGZ7dw,How Brainrot RUINS Kids' Lives,@jamesslick4790,2025-03-15T20:15:16Z,12,sponsored raid shadow legend social medium use case change replaced old entertainment medium television interactive television year old sure ring bell
2wcusKGZ7dw,How Brainrot RUINS Kids' Lives,@crocplanet,2025-12-16T14:23:36Z,0,there fine line meme brainrot
2wcusKGZ7dw,How Brainrot RUINS Kids' Lives,@Baoabis,2025-03-17T14:50:47Z,12,let future kid skibidi toilet sending military school failure
2wcusKGZ7dw,How Brainrot RUINS Kids' Lives,@boncars-v1o,2025-04-25T22:00:20Z,3,certified ipad baby affected alot tantrum small angry social skill intelligence school easy exam breeze sad insecure internet yea ipad baby
2wcusKGZ7dw,How Brainrot RUINS Kids' Lives,@LivingroomProductions2364,2025-12-13T23:24:21Z,0,meme consider brainrot skibidi toilet quandale dingle dame cosita
2wcusKGZ7dw,How Brainrot RUINS Kids' Lives,@dtmt11,2025-03-24T04:04:41Z,2,seems problem lie content amount consumed control
2wcusKGZ7dw,How Brainrot RUINS Kids' Lives,@SuperGibaLogan,2025-04-03T23:22:29Z,5,atleast old brainrot better brainrot
2wcusKGZ7dw,How Brainrot RUINS Kids' Lives,@Yipper64,2025-04-26T06:47:59Z,7,kind weird trait autism least autism due autism entire kind show associated happening wide scale feel autism might misdiagnosed often false positive child behave due neurological difference due raised screen instead interacting
2wcusKGZ7dw,How Brainrot RUINS Kids' Lives,@thanadejhwangsutham3184,2025-04-13T14:40:33Z,2,used brain without brain rotting hate realize
2wcusKGZ7dw,How Brainrot RUINS Kids' Lives,@pichugaming3911,2025-04-14T00:00:03Z,3,school full brain rot hate going school every day hear kid random noise
2wcusKGZ7dw,How Brainrot RUINS Kids' Lives,@Avtoplayz-px7ud,2025-12-18T07:23:18Z,0,classmate using italian brainrot meme mentally tourtre every day btw
2wcusKGZ7dw,How Brainrot RUINS Kids' Lives,@dermot7373,2025-12-18T00:26:49Z,1,teen who addicted screen hard stop trust tried
2wcusKGZ7dw,How Brainrot RUINS Kids' Lives,@Ghost_67478,2026-02-12T06:03:29Z,1,save stuff playing chess help improve focus memory
2wcusKGZ7dw,How Brainrot RUINS Kids' Lives,@Florpthehampter,2025-04-24T09:38:17Z,5,blippi brainrot since well probably teach stuff edit well betterhelp addiction
2wcusKGZ7dw,How Brainrot RUINS Kids' Lives,@SoMthgRandom,2025-03-19T22:14:03Z,1,well keep scrolling joke btw heavily underrated
2wcusKGZ7dw,How Brainrot RUINS Kids' Lives,@AudreyMiller-v7j8l,2025-12-09T22:48:54Z,5,recently chrismas parade whenever waved kid would respond hand motion instead waving
2wcusKGZ7dw,How Brainrot RUINS Kids' Lives,@AlexIzzyMoonbow,2025-04-25T06:43:17Z,2,amogus kind brain rot helped ace history class basis memorization greek roman name
2wcusKGZ7dw,How Brainrot RUINS Kids' Lives,@jmanplays0,2025-03-29T03:58:10Z,7,let kid pas thier bloodline gon worse
2wcusKGZ7dw,How Brainrot RUINS Kids' Lives,@natplayz1989,2025-12-18T02:04:22Z,0,short form content lobotomy nonviolent
2wcusKGZ7dw,How Brainrot RUINS Kids' Lives,@binbows7,2025-12-13T19:31:20Z,10,dumber bro mightve dodged bullet
2wcusKGZ7dw,How Brainrot RUINS Kids' Lives,@Chris-u8l9y,2025-03-29T13:13:36Z,3,year old friend year old kid state life online friend
2wcusKGZ7dw,How Brainrot RUINS Kids' Lives,@Thatgamer-q15,2025-12-15T16:27:21Z,1,year old know control anger confirm brainrot causing chaos stopped bro point gon able reach brainrot infects stop
2wcusKGZ7dw,How Brainrot RUINS Kids' Lives,@Alt-VR-152,2025-03-18T01:43:01Z,11,rip gen alpha gen bata brain cooked
2wcusKGZ7dw,How Brainrot RUINS Kids' Lives,@NigelJanssenAdion,2025-03-20T23:17:46Z,3,grade told skibidi toilet brainrot😭😭😭
2wcusKGZ7dw,How Brainrot RUINS Kids' Lives,@sonicandtoadettefan6523,2025-05-09T08:40:02Z,1,agree although brainrot video parenting rather autism vulnerable grew brainrot reached tho took somewhat learning continuing learn important non important stuff
2wcusKGZ7dw,How Brainrot RUINS Kids' Lives,@pizzawizard32,2025-03-19T15:03:24Z,4,microsoft remove skype month drunk
2wcusKGZ7dw,How Brainrot RUINS Kids' Lives,@MonoBox_Dev,2025-12-27T08:14:04Z,3,word give realization usually hate barely brainrots love roblox especially roblox development exercise every day none acdicted computer screen bored walking around school grade lowmid midhigh feel dumb realize brainrot serious problem rot brain less interaction reality mental problem realize health problem creator brainrot arrested immediately change life sticking roblox development thank norific realization use internet hope became viral become successful informative youtuber 🧠🛠📈
2wcusKGZ7dw,How Brainrot RUINS Kids' Lives,@JamesPreviti,2025-04-16T12:09:07Z,6,ipad kid must age matter kid younger addicted technology older ipad kid opinion
2wcusKGZ7dw,How Brainrot RUINS Kids' Lives,@kriper-ly3uu,2025-04-20T12:52:31Z,3,skibidi toilet fan whenever skibidi toilet mentioned video geniunly feel sad
2wcusKGZ7dw,How Brainrot RUINS Kids' Lives,@Blockey-s8j,2025-12-09T18:59:23Z,1,ruin life brainrot hear slop kid school daily basis drive mad
2wcusKGZ7dw,How Brainrot RUINS Kids' Lives,@acadb4nana264,2025-04-02T14:29:12Z,5,kid brain strong handle brainrot exxept skibidi
2wcusKGZ7dw,How Brainrot RUINS Kids' Lives,@franklard9667,2025-12-14T02:12:39Z,3,old meme screaming hall six sevenn
2wcusKGZ7dw,How Brainrot RUINS Kids' Lives,@Fishy65,2025-03-25T22:22:20Z,2,gen alpha tried distancing self away ipads slop turn dumber dumber little little could lead doom attention span shrink focusing simple would hard harder humanity favor outside play friend
2wcusKGZ7dw,How Brainrot RUINS Kids' Lives,@KDPTLwithpotatoes,2025-12-09T09:05:14Z,0,showed drawing cuphead classmate guess character least genuinely ballerina cappuccina else brain fog generation cooked😔✌🥀
2wcusKGZ7dw,How Brainrot RUINS Kids' Lives,@Rhys_GTVR,2025-05-03T20:48:38Z,1,hate new music brainrot part
2wcusKGZ7dw,How Brainrot RUINS Kids' Lives,@yeeteducation,2025-04-15T11:12:14Z,2,raised phone mlg child led create greatest meme meme87🥚 👇mlg supremacy team
2wcusKGZ7dw,How Brainrot RUINS Kids' Lives,@edelweiss2996,2025-12-07T23:51:45Z,3,bro classmate effected brainrot💀 everytime try stop acting brainrot keep idc gon do😭😭😭😭😭😭🙏🙏🙏🙏🙏💀💀💀💀
2wcusKGZ7dw,How Brainrot RUINS Kids' Lives,@JYF_or_Mr_Birb,2025-10-26T06:35:47Z,0,hey wanted vid handle discus algorithm
2wcusKGZ7dw,How Brainrot RUINS Kids' Lives,@Tealses,2025-05-17T15:25:32Z,0,kid aint child device year old except television
2wcusKGZ7dw,How Brainrot RUINS Kids' Lives,@Bloxzer2,2025-12-14T07:25:32Z,1,press interested button dodged bullet
2wcusKGZ7dw,How Brainrot RUINS Kids' Lives,@Aethbeorn,2025-05-03T18:29:28Z,0,brain genuinely rotting shortterm memory lower
2wcusKGZ7dw,How Brainrot RUINS Kids' Lives,@Cooper90,2025-04-16T23:01:10Z,2,broooo fair fact infant using technology crazy fair use ipad born month infant given electronics
2wcusKGZ7dw,How Brainrot RUINS Kids' Lives,@art_s9,2025-04-15T23:33:00Z,0,peanut butter jelly peanut butter jelly song banger
2wcusKGZ7dw,How Brainrot RUINS Kids' Lives,@aknowntroll,2025-04-28T19:54:28Z,0,truly felt focus pathetic cringy wonder shameless
2wcusKGZ7dw,How Brainrot RUINS Kids' Lives,@Icameback234,2025-05-05T15:25:01Z,0,type shit mom show look phone check hour
2wcusKGZ7dw,How Brainrot RUINS Kids' Lives,@dhny-productions,2025-04-14T06:47:27Z,2,little brother freaking weird sprunki video weird inappropriate sprunki video without phone
2wcusKGZ7dw,How Brainrot RUINS Kids' Lives,@fullstackstuffyt,2025-04-16T06:18:54Z,2,born started ipad age informative nonbrainrot content woozle goozle german show
2wcusKGZ7dw,How Brainrot RUINS Kids' Lives,@sta8448,2025-12-14T22:49:06Z,0,brainrot parenting unlimited screen contro
2wcusKGZ7dw,How Brainrot RUINS Kids' Lives,@Aphmaum,2025-04-02T11:54:00Z,1,morden brain rot existed there poop old poop
2wcusKGZ7dw,How Brainrot RUINS Kids' Lives,@commandercorl1544,2025-03-16T05:28:37Z,0,exclusively hour long video read fanfiction smart
2wcusKGZ7dw,How Brainrot RUINS Kids' Lives,@Derpy_Cat,2025-03-20T14:48:26Z,2,remember listened nyan cat loop aloud listen music elementary school computer lab class
2wcusKGZ7dw,How Brainrot RUINS Kids' Lives,@bibaf,2025-12-19T10:01:18Z,1,hate tum tum tum sagur love old meme
2wcusKGZ7dw,How Brainrot RUINS Kids' Lives,@KoiFish-TheToon,2025-12-16T22:57:21Z,1,somebody family aducted brainrot wich make mental breakdown hate brainrot late
2wcusKGZ7dw,How Brainrot RUINS Kids' Lives,@AdminHouse,2025-03-22T18:16:28Z,2,give 3d instead access social medium
2wcusKGZ7dw,How Brainrot RUINS Kids' Lives,@Goddamn_GoPro,2025-12-18T12:46:16Z,0,father like badger badger thingy
2wcusKGZ7dw,How Brainrot RUINS Kids' Lives,@TEOHNENGLIANGMoe,2025-03-21T08:35:09Z,1,brainrot weirdo skbidi ohio rizz sigma bruh meme
2wcusKGZ7dw,How Brainrot RUINS Kids' Lives,@freddielee468,2025-04-23T15:36:00Z,0,well done giving social medium angry
2wcusKGZ7dw,How Brainrot RUINS Kids' Lives,@honor_gamer,2025-12-19T12:20:02Z,1,idk maybe old meme brainrots skibidi toilet miss mlg
2wcusKGZ7dw,How Brainrot RUINS Kids' Lives,@imaduckthatmakesmusic,2025-12-12T16:53:19Z,0,thank god grew pb kid
2wcusKGZ7dw,How Brainrot RUINS Kids' Lives,@FishingInAuss,2025-04-26T13:48:41Z,1,recently ridden short fyp definitely brainrot
2wcusKGZ7dw,How Brainrot RUINS Kids' Lives,@LightStreakYT,2025-12-14T14:32:42Z,0,hope every gen zer together let kid touch social medium
2wcusKGZ7dw,How Brainrot RUINS Kids' Lives,@itsTrickBag,2025-04-27T18:52:50Z,2,teen allowed social medium used piss
2wcusKGZ7dw,How Brainrot RUINS Kids' Lives,@Cheeseburger_horse4321,2025-04-15T10:25:41Z,2,reddit social mediathat forum medium
2wcusKGZ7dw,How Brainrot RUINS Kids' Lives,@dumstick123,2025-12-14T10:18:16Z,0,remember spinner literatly taking world
2wcusKGZ7dw,How Brainrot RUINS Kids' Lives,@Random_Guy_Is_Me,2025-12-20T19:54:40Z,0,pre face point clue context dancing banana recognized old mlg favorite asdfmovie series
2wcusKGZ7dw,How Brainrot RUINS Kids' Lives,@AntFace-h2r,2026-01-09T02:31:11Z,1,cmon man larva goated show brainrot would paid
2wcusKGZ7dw,How Brainrot RUINS Kids' Lives,@shengok,2025-12-11T10:38:31Z,0,bro knew actual statistic lower😂🎉
2wcusKGZ7dw,How Brainrot RUINS Kids' Lives,@bob-y9q4w,2025-12-17T04:49:53Z,1,newgen fucking hate brainrot fucking annoying hear shit everyday tired school training sit home want rest shouting tralalelo tralala tung tung tung tung sahur others wan name anymore life fucking problem hear every fucking day chill random number bros
2wcusKGZ7dw,How Brainrot RUINS Kids' Lives,@Saltfiend_loves_salt,2025-04-30T20:51:53Z,1,parent day act person supervision check history importantly interested subject giving least informed ruined first year life currently thank god use phone need
2wcusKGZ7dw,How Brainrot RUINS Kids' Lives,@VardantvSprunkiinfectionau,2025-12-24T09:21:52Z,0,kid brainrot sick meme reset need happen
2wcusKGZ7dw,How Brainrot RUINS Kids' Lives,@ShadowandSonic-z9m,2025-04-13T12:44:32Z,0,bro almost captured healed commentary youtubers
2wcusKGZ7dw,How Brainrot RUINS Kids' Lives,@GabeCadena-o7l,2025-12-17T03:53:32Z,0,ngl weird dopamine screen gave headache
2wcusKGZ7dw,How Brainrot RUINS Kids' Lives,@giselealves7292,2025-05-15T17:46:52Z,2,sister sweet lil kid kind caring would bos around sure hurt wrong brainrot turned completely upside shes rude controlling scream cry everyhing stand anymore whenever shes using phone shes trying annoy selfish straight awful parent mentally ill remembers treat garbage advantage please beg parent reading kid take care regulate screen let sweet kid fall rabbit hole doom please
2wcusKGZ7dw,How Brainrot RUINS Kids' Lives,@therebe_a_LAD,2025-04-16T07:32:13Z,0,sigma though agreed idea old brainrot different today ahem day whole sonic zombie meanwhile modern day brainrot stuff difference whole sonic zombie closest could brainrot laugh feel joy meanwhile modern day brainrot feel used perk table spoon drug would better pad kid term
2wcusKGZ7dw,How Brainrot RUINS Kids' Lives,@anuradharoy5407,2025-05-03T04:34:00Z,0,tung tung tung tung tung tung tung sahur
2wcusKGZ7dw,How Brainrot RUINS Kids' Lives,@Epik_duck10,2025-04-15T09:10:22Z,0,game ending stop playing forever
2wcusKGZ7dw,How Brainrot RUINS Kids' Lives,@jollymonkee,2025-03-24T01:27:29Z,0,shawg blippi brainrot let alone starter pack
2wcusKGZ7dw,How Brainrot RUINS Kids' Lives,@issac6le944,2025-12-17T08:48:49Z,0,microwave force play game creativity😊
2wcusKGZ7dw,How Brainrot RUINS Kids' Lives,@waqasadil1923,2025-03-28T03:50:24Z,1,year old gen alpha infected almost infected realising kurzgesagt stuff btw pneumothorax need valve breath
2wcusKGZ7dw,How Brainrot RUINS Kids' Lives,@RichardDoesStuffIn2026,2025-12-13T22:13:40Z,0,funny slop salsa bee guy
2wcusKGZ7dw,How Brainrot RUINS Kids' Lives,@DrKirby_Animations,2026-01-09T23:10:12Z,1,instead hating younger generation idiot state actual concern try drive kid brainrot
2wcusKGZ7dw,How Brainrot RUINS Kids' Lives,@FloraCaballero-y9c,2025-12-18T00:00:22Z,0,meme reset happening finally going heal
2wcusKGZ7dw,How Brainrot RUINS Kids' Lives,@Shxd0wzOfficial,2025-03-21T05:16:02Z,0,preteen experience little problem yet ipad kid instead iphone kid wondered internet addictive working sensitive definitely trying escape internet
2wcusKGZ7dw,How Brainrot RUINS Kids' Lives,@unknown1.6180,2025-03-23T07:25:42Z,0,ture brainrot ruining kid tall kid brainrot careful minor
2wcusKGZ7dw,How Brainrot RUINS Kids' Lives,@RobloxYoutuberGamer905,2025-05-05T04:23:08Z,0,failed gen started become pure brainrot minecraft movie bro chicken jockey
Jfz0ghTlFzQ,Science Reveals if Brain Rot is Really Making You Dumb,@TheInfographicsShow,2025-02-19T00:41:43Z,213,brain process shortform content differently longform content harder retain information quick video remember tiktok yesterday
Jfz0ghTlFzQ,Science Reveals if Brain Rot is Really Making You Dumb,@dandypajamas,2025-02-22T13:47:31Z,103,irony brainrot background music cranked
Jfz0ghTlFzQ,Science Reveals if Brain Rot is Really Making You Dumb,@Corsuwey,2025-02-19T04:19:04Z,471,learn bored sometimes find telling kid
Jfz0ghTlFzQ,Science Reveals if Brain Rot is Really Making You Dumb,@slickrat,2025-02-19T08:27:41Z,147,wasted entire day yesterday scrolling social medium minute ago uninstalled social medium apps besides brain rot real
Jfz0ghTlFzQ,Science Reveals if Brain Rot is Really Making You Dumb,@AttractiveTexts,2025-02-19T00:15:22Z,305,genuinely need stopped sake child
Jfz0ghTlFzQ,Science Reveals if Brain Rot is Really Making You Dumb,@steewillggu,2025-02-19T03:52:27Z,175,problem new show content definitive ending older cartoon closure episode indicate kid brain move next engagement subject
Jfz0ghTlFzQ,Science Reveals if Brain Rot is Really Making You Dumb,@shawnamoffat7616,2025-02-20T02:33:13Z,90,noticed harder read focus reading book used need actively fight using phone relax
Jfz0ghTlFzQ,Science Reveals if Brain Rot is Really Making You Dumb,@Shio_Virrolas,2025-02-20T12:50:57Z,20,sad parent give toddler device early
Jfz0ghTlFzQ,Science Reveals if Brain Rot is Really Making You Dumb,@Wulfic,2025-02-19T06:23:59Z,156,year old daughter grounded entiree summer year took baout month toally purge phone addicctions started build hobby painting drawing phone terrible addictioin machiines
Jfz0ghTlFzQ,Science Reveals if Brain Rot is Really Making You Dumb,@Xnfa_1,2025-02-19T01:54:46Z,123,happening word echo ear ptsd middle school real kid sling skibidi gyatt place real
Jfz0ghTlFzQ,Science Reveals if Brain Rot is Really Making You Dumb,@gabe360-official,2025-02-19T00:14:31Z,181,gon lie overtime forgot multiplicationdivision calculator obviously havent whole yet
Jfz0ghTlFzQ,Science Reveals if Brain Rot is Really Making You Dumb,@JohnTalbot-il9ug,2025-02-20T04:34:05Z,11,another part behavior manipulates tied speed factor becoming less patient becoming passionate mere trifle dose dopamine
Jfz0ghTlFzQ,Science Reveals if Brain Rot is Really Making You Dumb,@presentthepast,2025-02-21T14:18:22Z,29,called year study done told looked crazy knew would terrible effect human mind going worse
Jfz0ghTlFzQ,Science Reveals if Brain Rot is Really Making You Dumb,@fdlynch,2025-02-19T00:31:45Z,56,tend historicalmedicaltrue crimeand infographics show plus reader book help come game try play game use brain power sudoku crossword word search etc
Jfz0ghTlFzQ,Science Reveals if Brain Rot is Really Making You Dumb,@InoueTsubasa,2025-02-19T07:28:48Z,17,older gen pretty sure skibidi rizz language belongs gen alpha heck sometimes idek younger gen slang either
Jfz0ghTlFzQ,Science Reveals if Brain Rot is Really Making You Dumb,@Sick1982,2025-02-19T08:51:41Z,29,similar different problem often stretching minute information minute hour hour make bored impatient today life
Jfz0ghTlFzQ,Science Reveals if Brain Rot is Really Making You Dumb,@bryanna4548,2025-02-19T18:22:53Z,18,severe adhd found best solution uninstall social medium apps automatic response scroll engaging phone keep social medium logged notification engage social medium content computer desk seems easiest walk away though constant scrolling ruining life needed desperate measure
Jfz0ghTlFzQ,Science Reveals if Brain Rot is Really Making You Dumb,@pvin705,2025-02-22T14:33:56Z,6,feel thoreau nearly year later
Jfz0ghTlFzQ,Science Reveals if Brain Rot is Really Making You Dumb,@racheltoler3895,2025-02-19T13:47:07Z,11,taking long power walk reading help fight brain rot hope help looking way start mind
Jfz0ghTlFzQ,Science Reveals if Brain Rot is Really Making You Dumb,@VictoriasBlindSight,2025-02-19T02:07:59Z,15,parent give baby tablet phone unless addicted want deal child school pretty sure social medium kind reason kid feeling depressed lonely especially since make isolated probably therefore develop little social skill would suggest wifi jammer every school ethernet available teacher student classroom library elementary dear
Jfz0ghTlFzQ,Science Reveals if Brain Rot is Really Making You Dumb,@ayushpandey-tezxn,2025-11-21T07:30:19Z,1,kind brain rot needed brain rot
Jfz0ghTlFzQ,Science Reveals if Brain Rot is Really Making You Dumb,@callasky,2025-02-19T09:00:52Z,5,social medium becoming tool toxic
Jfz0ghTlFzQ,Science Reveals if Brain Rot is Really Making You Dumb,@Avgeek747-8,2025-02-19T00:11:54Z,4,general electric gau8a avenger hydraulically driven sevenbarrel gatlingstyle autocannon primarily mounted united state air force fairchild republic a10 thunderbolt designed destroy wide variety ground target avenger delivers 30mm round high rate fire gau8a used dutch goalkeeper ciws ship weapon system provides defense shortrange threat highly maneuverable missile aircraft fastmaneuvering surface vessel gau8a designed general electric produced general dynamic since
Jfz0ghTlFzQ,Science Reveals if Brain Rot is Really Making You Dumb,@GlitchedVision,2025-02-19T00:53:50Z,49,ironically strategy consuming content playing game looking else listening video second avoid brain rot type content mostly listen long form comentarydocumentary style video occasional let play
Jfz0ghTlFzQ,Science Reveals if Brain Rot is Really Making You Dumb,@TheDisgustedFella,2025-02-19T02:26:22Z,26,called brain rot decaying brain matter dying brain cell make incredibly dumb
Jfz0ghTlFzQ,Science Reveals if Brain Rot is Really Making You Dumb,@Homie5151,2025-02-20T08:44:47Z,2,rather entertaining short form content entertaining long form content cause keep brain far active scrolling reel short brainrot taken toll nowadays movie feel productive
Jfz0ghTlFzQ,Science Reveals if Brain Rot is Really Making You Dumb,@DieNow,2025-02-19T00:38:19Z,27,thank brining important topic philosophy class uni degree comp sci
Jfz0ghTlFzQ,Science Reveals if Brain Rot is Really Making You Dumb,@dchen73,2025-02-19T00:27:02Z,5,blue sky company rio movie
Jfz0ghTlFzQ,Science Reveals if Brain Rot is Really Making You Dumb,@alecruiter7333,2025-02-19T00:40:24Z,4,brave new world must quaking boot
Jfz0ghTlFzQ,Science Reveals if Brain Rot is Really Making You Dumb,@nijahclark1927,2025-02-19T05:17:36Z,4,music background little distracting love vids though
Jfz0ghTlFzQ,Science Reveals if Brain Rot is Really Making You Dumb,@Tylersgotweather,2025-02-19T12:51:22Z,4,bro gen alpha class except short attention span guess parent found keep attention span create weather video take hour working job parent part guess
Jfz0ghTlFzQ,Science Reveals if Brain Rot is Really Making You Dumb,@stamphetekk,2025-02-19T00:29:56Z,3,attention span short slow keep information
Jfz0ghTlFzQ,Science Reveals if Brain Rot is Really Making You Dumb,@richroll9894,2025-02-19T07:16:56Z,5,heeeey wnc resident 9th grade world history teacher confirm genz especially post covid overlap boomer nowadays major factor student gathered look around dumpster fire world inheriting ask check brain future truth told harder harder response felt
Jfz0ghTlFzQ,Science Reveals if Brain Rot is Really Making You Dumb,@bob_jim6584,2025-02-19T13:58:07Z,1,usually bored looking phone need physically engaging
Jfz0ghTlFzQ,Science Reveals if Brain Rot is Really Making You Dumb,@mobstudiosauthenticated2314,2025-02-19T11:28:53Z,0,background music kept tuned in💫
Jfz0ghTlFzQ,Science Reveals if Brain Rot is Really Making You Dumb,@TravisReyna-f6w,2025-02-19T00:43:14Z,3,nickelodeon disney affected attention span little bit especially grew bunkd bella bulldog classic disney show
Jfz0ghTlFzQ,Science Reveals if Brain Rot is Really Making You Dumb,@ricardovieira5100,2025-02-19T18:18:45Z,2,beef kurzgesagt real 😂😂😂 first guy mentioning usual
Jfz0ghTlFzQ,Science Reveals if Brain Rot is Really Making You Dumb,@JediApiary,2025-02-19T01:44:06Z,1,brain rot learning brain rot
Jfz0ghTlFzQ,Science Reveals if Brain Rot is Really Making You Dumb,@TravisReyna-f6w,2025-02-19T00:45:35Z,2,old elementary school named him😭
Jfz0ghTlFzQ,Science Reveals if Brain Rot is Really Making You Dumb,@j.p.6932,2025-02-19T03:34:00Z,2,help sense world seems scary every single generation
Jfz0ghTlFzQ,Science Reveals if Brain Rot is Really Making You Dumb,@cephassb,2025-02-19T03:41:23Z,5,gen barely get mentioned parent forgotten yay
Jfz0ghTlFzQ,Science Reveals if Brain Rot is Really Making You Dumb,@tdflky9944,2025-02-21T22:47:50Z,1,ought book month challenge choose month read book local library prize
Jfz0ghTlFzQ,Science Reveals if Brain Rot is Really Making You Dumb,@festro1000,2025-02-26T03:06:43Z,2,sympathetic side argument though lean limiting pervasiveness life parent taking entertaining kid rather relying phone substitute nanny distraction whatever mean escapism new game book chronicle narnia let honest pretty relevant garbage going day argument end day resorting brain rot drown problem kicking road ignoring problem entertainment problem grew closer home larger
Jfz0ghTlFzQ,Science Reveals if Brain Rot is Really Making You Dumb,@ipanxbread,2025-02-19T02:13:52Z,5,gain hope humanity lost hope hummanity reading section
Jfz0ghTlFzQ,Science Reveals if Brain Rot is Really Making You Dumb,@B0NKS,2025-02-19T00:12:50Z,73,science doesnt need tell whether make dum
Jfz0ghTlFzQ,Science Reveals if Brain Rot is Really Making You Dumb,@Cenourafnord,2025-02-20T20:08:30Z,0,deixaria comentário mais longo ma minha capacidade atenção está permanentemente danificada algoritmo está chamando para próximo vídeo aheahhaeh
Jfz0ghTlFzQ,Science Reveals if Brain Rot is Really Making You Dumb,@smokey2oo8,2025-02-20T12:31:25Z,1,algorithm evil brings idiot together
Jfz0ghTlFzQ,Science Reveals if Brain Rot is Really Making You Dumb,@bobaboyuwu,2025-02-19T04:13:54Z,0,talking whale garrison explaining evolution
Jfz0ghTlFzQ,Science Reveals if Brain Rot is Really Making You Dumb,@ahetzel9054,2025-02-20T16:28:29Z,2,teacher tell student show phone app list every day tik tok immediate fail
Jfz0ghTlFzQ,Science Reveals if Brain Rot is Really Making You Dumb,@ChaoticDarko,2025-02-19T00:15:49Z,1,cool mintues ago glad finally somethjing soon get posted
Jfz0ghTlFzQ,Science Reveals if Brain Rot is Really Making You Dumb,@jsalt3800,2025-02-19T11:21:19Z,1,learning new skill instead doom scrolling free rare trait day
Jfz0ghTlFzQ,Science Reveals if Brain Rot is Really Making You Dumb,@Stoudy2,2025-02-23T22:20:31Z,0,curently speed hyped start finish homework
Jfz0ghTlFzQ,Science Reveals if Brain Rot is Really Making You Dumb,@BenzJohnQuizon,2025-02-19T13:06:26Z,1,hate brainrot fact word starting lose real meaning goon
Jfz0ghTlFzQ,Science Reveals if Brain Rot is Really Making You Dumb,@aparks1437,2025-02-19T06:39:55Z,0,welcome costco love ahh situation
Jfz0ghTlFzQ,Science Reveals if Brain Rot is Really Making You Dumb,@pinkroses135,2025-02-20T02:19:03Z,0,notice increase losing forgetting constantly changing focus attention consuming short content
Jfz0ghTlFzQ,Science Reveals if Brain Rot is Really Making You Dumb,@GeeEm1313,2025-02-20T01:36:52Z,0,convinced baby shark brainrot anthem
Jfz0ghTlFzQ,Science Reveals if Brain Rot is Really Making You Dumb,@sean-m9l,2025-02-19T16:59:06Z,1,wife able hold strong cell harder friend trying hold long son turned phone play xbox love outdoors watch survival stuff want wood put learned practice 1st cell phone trying hold least age phone different young figured turned let shoot age judge hold pretty sure kidos one holding strong
Jfz0ghTlFzQ,Science Reveals if Brain Rot is Really Making You Dumb,@EmweSleeps,2025-02-20T05:42:54Z,0,fantastic brain rot content brain rot realize put pause sentence
Jfz0ghTlFzQ,Science Reveals if Brain Rot is Really Making You Dumb,@Missjulie1975,2025-02-19T02:04:23Z,1,whale story test attention span question sanity creator
Jfz0ghTlFzQ,Science Reveals if Brain Rot is Really Making You Dumb,@EAWanderer,2025-02-19T00:40:29Z,11,confess havent gone single day without technology used year old man kid
Jfz0ghTlFzQ,Science Reveals if Brain Rot is Really Making You Dumb,@carlosfernandez2872,2025-11-04T00:54:54Z,0,background music pure brainrot tiktok material
Jfz0ghTlFzQ,Science Reveals if Brain Rot is Really Making You Dumb,@gabrieljordan8015,2025-06-06T00:53:26Z,0,computer 1st grade though existed comprehend technology might taking next decade
Jfz0ghTlFzQ,Science Reveals if Brain Rot is Really Making You Dumb,@Mathijsvand,2025-05-14T21:19:37Z,0,tend listen longer form content either listen long podcasts working else instead shorter video tend talk especially topic ensure use brainicles instead existing vacuum
Jfz0ghTlFzQ,Science Reveals if Brain Rot is Really Making You Dumb,@dyhhffjuojg4sd,2025-02-19T03:45:03Z,6,thankfully grew place limited internet access often time unrestricted pretty slow upgraded year ago passed downloaded movie game cartoon parent pirated vlc instead fell endless scrolling trap concept constantly moving medium overwhelms appreciate finished tried tiktok time ran away hard properly pause video navigate want hoping raise kid similar parent keep child able easily access reasonable attentionrequired medium prioritize health pursue passion critically
Jfz0ghTlFzQ,Science Reveals if Brain Rot is Really Making You Dumb,@ghislainpitre6597,2025-02-19T14:00:05Z,1,use internet inform learn school using wiki cat skibiditoiletbut use computer without internet
Jfz0ghTlFzQ,Science Reveals if Brain Rot is Really Making You Dumb,@almamater7427,2025-02-20T02:10:39Z,0,dinosaur story brain drain pill
Jfz0ghTlFzQ,Science Reveals if Brain Rot is Really Making You Dumb,@ahungryzygote,2025-02-20T05:39:26Z,0,content type format matter noticed brain process short long form stuff differently mostly curious content type learningreading teach coolnew
Jfz0ghTlFzQ,Science Reveals if Brain Rot is Really Making You Dumb,@govindkr8426,2025-02-19T15:48:26Z,0,fell algorithm tried detox multiple dragged low level whole career stagnated put danger level need stopped sec conteng killing creativity productivity cognitive
Jfz0ghTlFzQ,Science Reveals if Brain Rot is Really Making You Dumb,@sbatou87,2025-03-25T19:09:13Z,0,mainly use phone call photo text listening musicaudiobooks
Jfz0ghTlFzQ,Science Reveals if Brain Rot is Really Making You Dumb,@RockeyDAproductions,2025-02-19T17:01:31Z,0,spend interneting workstation cellular telephone unless absolutely killing somewhere else better unless playing game majority electronics productive
Jfz0ghTlFzQ,Science Reveals if Brain Rot is Really Making You Dumb,@TheJAEME,2025-02-19T22:38:53Z,0,knew movie idiocracy prophetic documentary
Jfz0ghTlFzQ,Science Reveals if Brain Rot is Really Making You Dumb,@twentysidedloser,2025-02-19T06:10:02Z,0,access social medium glad parent kept away attention span better gen alpha adhd keep phone away school checking twice class period less minute chech notification stuff kid tech teen year gon old xbox connected internet specifically contact need
Jfz0ghTlFzQ,Science Reveals if Brain Rot is Really Making You Dumb,@gunnermiles6297,2025-06-11T11:59:39Z,0,word grew war film stuff cartoon father learn bravery call duty world war favourite
Jfz0ghTlFzQ,Science Reveals if Brain Rot is Really Making You Dumb,@tinosimpson7198,2025-02-19T21:42:51Z,0,born phone service till glad growing
Jfz0ghTlFzQ,Science Reveals if Brain Rot is Really Making You Dumb,@livinglifeat212,2025-02-19T17:31:03Z,0,challenge fake news relatively easy spot source easy block mostlytrue streaming info insidious news slanted slightly promote agenda
Jfz0ghTlFzQ,Science Reveals if Brain Rot is Really Making You Dumb,@angel-ul5el,2025-02-19T03:03:03Z,0,experience almost month since deleted instagram snapchat reddit tik tok hid short form content spotify musicpodcast video focused improved fold memory gotten better started seeing dream remembering sleep black wake starting present remembering sick lucid dreaming btw
Jfz0ghTlFzQ,Science Reveals if Brain Rot is Really Making You Dumb,@DeesanKho,2025-02-19T04:11:20Z,1,annoying trying study brain drifting tiktoks
Jfz0ghTlFzQ,Science Reveals if Brain Rot is Really Making You Dumb,@Mikerich_94,2025-02-19T03:09:01Z,0,interesting vine millennial app shorter video seem problematic probably age popular
Jfz0ghTlFzQ,Science Reveals if Brain Rot is Really Making You Dumb,@le_minecraft_yt2747,2025-02-21T01:27:03Z,1,would kid almost screen allow play game reward ipad phone feel mature enough use would reward
Jfz0ghTlFzQ,Science Reveals if Brain Rot is Really Making You Dumb,@lem5689,2025-02-19T16:35:50Z,1,instead teaching reading gaining social skill playing outsidethey random video there blaming medium course year first tvthen gamesand social mediabut atleast younger pb kid sesame street teach kid game help problem solving due puzzle certain gamesand game educational there there simply touching grass going outside play help develop social skill early gathered another
Jfz0ghTlFzQ,Science Reveals if Brain Rot is Really Making You Dumb,@RajinderSecurity,2025-05-28T22:35:20Z,1,bro talked endlessly scroll told
Jfz0ghTlFzQ,Science Reveals if Brain Rot is Really Making You Dumb,@dr.mechanicus7081,2025-02-21T11:59:03Z,0,teacher thank damage brainrot intelligence virtually incalculable
Jfz0ghTlFzQ,Science Reveals if Brain Rot is Really Making You Dumb,@Regulas-Ark,2026-03-17T12:59:23Z,0,parent want smart phone black berry helped typing school
Jfz0ghTlFzQ,Science Reveals if Brain Rot is Really Making You Dumb,@XxDarkillerxX,2025-03-14T15:04:30Z,0,seeing kid ipad stroller make angry every
Jfz0ghTlFzQ,Science Reveals if Brain Rot is Really Making You Dumb,@jonjonjet1449,2025-03-02T23:41:22Z,0,fight brain rot ill usually avoid medium aspect social medium bust lego documentary
Jfz0ghTlFzQ,Science Reveals if Brain Rot is Really Making You Dumb,@richardly1543,2025-02-21T03:25:29Z,1,brain optimized useful discard stuff taught suppose useful turn information condensed nowadays longer put extended hour long lecture cover simple concept education system exposed completely inefficient social medium problem long exposing quality information content dumb use dumber smart use become exponentially smarter imagine library alexandria condensed bite sized chunk section tip finger today smartphones social medium
Jfz0ghTlFzQ,Science Reveals if Brain Rot is Really Making You Dumb,@15Daniels,2025-02-19T00:42:27Z,31,start school dump school doesnt teach need wellness topic bring learned school lecture year later noticed important topic became pretty upset effectively sabotaged early education due form choice wellness dimensional model cover overall wellbeing social wellness ability communicate interact others go form medium videogames well advancement technology maintaining properly teaching either intellectually wasting cramming crap kid head hope theyll next einstein quite work passionate time different need teaching kid mental self well slimed version currently completely need less teacher offense general teacher imho professional industry opting teach physically mean around population arent strong used though body hide information behind wall called capitalism took physical education school canada math weak sugar doesnt help either love sugar emotionally wreck unless afford therapy therapy bff occupationally teaching kid work complacent work otherwise punished grade well use piece paper afterwards went financial wellness learn school either learn important full stop society addict consumer effectively blame school bank government money taboo subject unless lucky environmentally lost community ease lack discipline element wellness society lost touch important life go happy end world speaking end world earth going stuff tougher probably respect bit finally spiritual wellness doesnt religious connection greater could earth universe god world oyster capitalism pretty folk
Jfz0ghTlFzQ,Science Reveals if Brain Rot is Really Making You Dumb,@meganhutchinson6435,2025-02-19T02:30:28Z,0,big difference jeopardy cartoon maury medium used minute increment minute less work student age general ability focus min constantly craving electronic stimulation fine motor skill write hand school feeding ipads chromebooks instead book paper pencil
Jfz0ghTlFzQ,Science Reveals if Brain Rot is Really Making You Dumb,@Pure_Yeet,2025-02-20T18:07:57Z,0,young adult born tend read comic using application known webtoon app help imagination tend put picture together spare comic assisted reallife conversation helping becoming fluent english though first language tend follow trend social medium trying samsung phone enough sleep put disturb mode begin around till mostly screen go grey help brain using phone hour
Jfz0ghTlFzQ,Science Reveals if Brain Rot is Really Making You Dumb,@00mpa1oomp4,2025-02-19T04:59:23Z,0,infographicsscontent loop cause brain rot
Jfz0ghTlFzQ,Science Reveals if Brain Rot is Really Making You Dumb,@STOICYOUTUBER-g8h1234,2025-03-10T16:15:17Z,0,online hour long science related double edge sword depends type content
Jfz0ghTlFzQ,Science Reveals if Brain Rot is Really Making You Dumb,@LMS9543,2025-02-19T14:47:46Z,0,ironic scrolling infographic video matching algorithm context discussing algorithm
Jfz0ghTlFzQ,Science Reveals if Brain Rot is Really Making You Dumb,@Devious_Reviews,2025-02-19T17:35:54Z,0,short format medium actively seek firearm demonstration purchase sense wasting money subpar quality part sight opinion several staff store discouraged talking trash makesmodels rather sale theyll play dumb sell ignorant sucker faulty product occasional cat kitten kryptonite morning radio host often listen show well known fact shut internet access begin feel mentally better maintain cognitive healthmemory smoker able breathe better month quitting
Jfz0ghTlFzQ,Science Reveals if Brain Rot is Really Making You Dumb,@badasuhuaidan5630,2025-02-20T03:47:36Z,0,honest bored social medium sometimes minute scrolling headache minute
Jfz0ghTlFzQ,Science Reveals if Brain Rot is Really Making You Dumb,@Dre_9494,2025-02-19T07:22:13Z,0,brain definitely damaged internet sad
Jfz0ghTlFzQ,Science Reveals if Brain Rot is Really Making You Dumb,@ron234halt,2025-02-19T01:43:55Z,3,catering short attention span new show called short attention span theater ran brainrot existed form immediate
Jfz0ghTlFzQ,Science Reveals if Brain Rot is Really Making You Dumb,@loganwolv3393,2025-11-01T01:22:47Z,0,prefer bored soo agree young child sort stuff ideal since distracts help future find creative engaging way teach believe engaging teach kid stuff take small logical leap make sense easier remember explain take small logical leap remember story missing detail example instead chemistry class book probably along line plastic used various industry clothing fishing kitchen item etc elaborate would taught plastic general term reffering multiple type chemical polyamide known nylon wich type plastic used trawl type fishing net used fishing industry nylon xyz property xyz use would simply easier remember there little gap child ask string logical explanation question mind kind plastic taught believe long logical string explanation efficient useful throwing general statement progressively depth harder learn least contemplate figured older generation recevied random experience limited tried write stuff ordered fashion student couldnt quite understand first person first hand experience understood writing extent confused learner eventually wrote subject interested writing perhaps slightly less accurate since learner may rely conceptual understanding rather direct experience issue reason confident statement gen learn probably pretty severe brainrot somewhat smart lazy gon lazy somehow rather huh seem lazy let figure lazy carefully speculate generation lazy find permanently reduce laziness stick temporary solution apply power toxic extension others rarely mental clarity write keep mind dear reader
Jfz0ghTlFzQ,Science Reveals if Brain Rot is Really Making You Dumb,@SeaPapeda,2025-02-20T02:18:09Z,0,compressed information 1mins deep enough longer explaining stuff enough brain rot scalling smaller viewer enjoy information processed half brain turned
Jfz0ghTlFzQ,Science Reveals if Brain Rot is Really Making You Dumb,@ashley_smith,2025-06-08T15:58:53Z,0,sir lie run round world truth boot sir terry pratchett
Jfz0ghTlFzQ,Science Reveals if Brain Rot is Really Making You Dumb,@fishsomewhereelse3288,2025-02-20T11:20:44Z,0,middle schoolers german salute everyday look funnyme
Jfz0ghTlFzQ,Science Reveals if Brain Rot is Really Making You Dumb,@morpword,2025-02-20T07:41:57Z,0,technology new error cause problem future generation find solution weakness least hope
Jfz0ghTlFzQ,Science Reveals if Brain Rot is Really Making You Dumb,@dennislogan6781,2025-03-13T01:47:43Z,0,ill tell keep brain bored fried work work forced find entertaining busy listen music read phone maybe play quick game hour work day maybe hour lucky
Jfz0ghTlFzQ,Science Reveals if Brain Rot is Really Making You Dumb,@androidrebel,2025-02-20T22:44:17Z,0,take geniuslevel foresight realize giving device kid would consequence lot gave priority comfort brain rot kid become prevent adult wasted
Jfz0ghTlFzQ,Science Reveals if Brain Rot is Really Making You Dumb,@settlingorca5374,2025-02-19T04:52:55Z,0,genuinely dystopian develop past year feel helpless sometimes generation locked phone talk social confidence skill attempt
Jfz0ghTlFzQ,Science Reveals if Brain Rot is Really Making You Dumb,@izukumidoria6192,2025-03-09T07:52:31Z,0,ill lose phone funny enough confirm life without social medium boring fun using funny learnt phone taken spent
Jfz0ghTlFzQ,Science Reveals if Brain Rot is Really Making You Dumb,@GrandCaptainSpeedyDashGames,2025-02-19T13:32:11Z,1,genre participation might overall society whole positive reinforcement activity cause brain rot limit brain rot company otherwise company continue give profit parent blame company act response problem problem
Jfz0ghTlFzQ,Science Reveals if Brain Rot is Really Making You Dumb,@hutzdani87,2025-02-19T08:13:46Z,0,bit need explain brain rot parent late
Jfz0ghTlFzQ,Science Reveals if Brain Rot is Really Making You Dumb,@mayfieldgage,2025-05-05T21:01:18Z,0,social medium begging innocent big started dumb
Jfz0ghTlFzQ,Science Reveals if Brain Rot is Really Making You Dumb,@scribbling_giirl,2025-02-19T04:37:41Z,3,final tomorrow study single word bro fcked
Jfz0ghTlFzQ,Science Reveals if Brain Rot is Really Making You Dumb,@keithwald5349,2025-02-20T02:42:30Z,0,matter habit discipline else pattern thought constructive destructive become habit distraction available understandable unproductive habit thought result desire regain ability focus tune distraction take discipline practice focus attention important task hour reward minute nonsense big deal
Jfz0ghTlFzQ,Science Reveals if Brain Rot is Really Making You Dumb,@albertovaldivia6132,2025-02-19T02:08:23Z,0,brain rot sbmm social medium
Jfz0ghTlFzQ,Science Reveals if Brain Rot is Really Making You Dumb,@amandafloyd1617,2025-06-06T15:07:22Z,0,heard adhd presently definition easily distracted irrelevant stimulus
Jfz0ghTlFzQ,Science Reveals if Brain Rot is Really Making You Dumb,@alistairgrey5089,2025-02-20T22:06:11Z,0,may age combat brainrot simply less interested short form entertainment genuine interest long form narrative favorite activity weekend ttrpg sure enjoy short instagram video junk food sometimes want meal
Jfz0ghTlFzQ,Science Reveals if Brain Rot is Really Making You Dumb,@elliotalderson4165,2025-02-20T05:23:55Z,0,kid old finger typing parent grandparent joined social medium late smartphones without real internet experience otherwise
Jfz0ghTlFzQ,Science Reveals if Brain Rot is Really Making You Dumb,@Shahrukhmomtaz,2025-02-25T04:22:10Z,0,mostly parenting issue child take care spending instead giving device parenting issue
Jfz0ghTlFzQ,Science Reveals if Brain Rot is Really Making You Dumb,@GojiFanReviews,2025-05-25T20:07:15Z,0,every gen hated school least
Jfz0ghTlFzQ,Science Reveals if Brain Rot is Really Making You Dumb,@samuelchung1150,2025-02-19T23:25:22Z,0,gen australian heard senator speech using gen slang cringed hard
Jfz0ghTlFzQ,Science Reveals if Brain Rot is Really Making You Dumb,@adrian-reypantera7461,2025-02-19T01:44:56Z,1,fine brain rot generally mostly funny meme attention span stuff issue help commute work put hour hour information dense usually political since visualize political content math example
Jfz0ghTlFzQ,Science Reveals if Brain Rot is Really Making You Dumb,@Alvert-re4sd,2025-02-19T11:33:18Z,0,pov well better chance compete younger gen year later
Jfz0ghTlFzQ,Science Reveals if Brain Rot is Really Making You Dumb,@Ranvir_Singh_CDXLIV,2025-02-20T14:29:47Z,0,guess currently safe brainrot 18yrs old late gen addicted short reddit brainrot prefer normal video hobby scrolling taking care going forcing bored based likely dragged brain rot yet might wrong tho
Jfz0ghTlFzQ,Science Reveals if Brain Rot is Really Making You Dumb,@leafdriving,2025-02-22T10:35:39Z,0,need teach prime directive destiny opinion based fact requires basis evidence shallowness judgement others based action must called observed perspective change someone mind change perspective come wrong consequence meaningless possibly worse knowingly wrong equal regardless old standard forgotten followed humanity would fine
Jfz0ghTlFzQ,Science Reveals if Brain Rot is Really Making You Dumb,@LaloVox,2025-02-20T01:18:59Z,0,love content volume background music brain rotting cheer
Jfz0ghTlFzQ,Science Reveals if Brain Rot is Really Making You Dumb,@TheMonk82828,2025-02-20T11:23:06Z,0,sad unless move technology environment long surrounded easy access tech hard combat stooped vids better bro brain root stuff done discipline
Jfz0ghTlFzQ,Science Reveals if Brain Rot is Really Making You Dumb,@banjimapanza1867,2026-03-14T02:17:10Z,0,ill honest social medium doesnt affect sometimes would spend day social medium realized social medium become noisy left worst social skill could visit country month single friend online keeping conversation going becoming extremely exhausting rather spend stressing exam due assignment gaming stressful drown first deeper brain rot affecting society today ask question genz overwhelming anxiety connection yet suddenly become hard keep relationship romantic plutonic end anxious becoming extremely exhausting thank reading love love effort take video god bless
Jfz0ghTlFzQ,Science Reveals if Brain Rot is Really Making You Dumb,@nobodynoonenowhere5609,2025-02-19T14:02:19Z,0,step away becoming full pledged zombie😂😂
Jfz0ghTlFzQ,Science Reveals if Brain Rot is Really Making You Dumb,@malystxy5601,2025-02-19T01:17:17Z,0,average 6grs sot hr game emulated
Jfz0ghTlFzQ,Science Reveals if Brain Rot is Really Making You Dumb,@chloenicole4865,2025-02-20T06:34:31Z,0,work home take care son hate admit screen minimum hour video feel listen video sleep well yesterday hour going try cutting screen seeing hour
Jfz0ghTlFzQ,Science Reveals if Brain Rot is Really Making You Dumb,@ashtonhammond1302,2025-02-19T01:04:16Z,5,way excel modesty •possess knowledge limit improve •learn others qnd mistake •take constructive criticism well •build gratitude •listening others speak reapond •respond kindness face conflictinternalexternal •let others first setting •quit comparing others lane world •be grateful little
Jfz0ghTlFzQ,Science Reveals if Brain Rot is Really Making You Dumb,@Therealpseudonymous,2025-02-19T10:37:22Z,0,mind short ill set auto play
Jfz0ghTlFzQ,Science Reveals if Brain Rot is Really Making You Dumb,@BlockyFog,2025-06-21T10:03:05Z,0,hate brain rot angry hear angry
Jfz0ghTlFzQ,Science Reveals if Brain Rot is Really Making You Dumb,@boldo-dj3ps,2025-02-20T09:27:32Z,0,algorithm bricked mostly smart dark humor rest weed
Jfz0ghTlFzQ,Science Reveals if Brain Rot is Really Making You Dumb,@ReiHinoSenshi,2025-02-19T17:03:50Z,0,avoided tic tok short lil meme video funny context funny reminds line movie idocracy care who need kickedlol movie could probably referenced underrated movie
Jfz0ghTlFzQ,Science Reveals if Brain Rot is Really Making You Dumb,@sheepriderkiller1181,2025-02-19T18:27:25Z,0,kid phone better silenced complaining speaking doesnt disturb since direct fault sound completely logical
Jfz0ghTlFzQ,Science Reveals if Brain Rot is Really Making You Dumb,@Lucy-h6f7c,2025-02-20T11:56:25Z,0,gen mostly almost teenager youngest gen year old ment gen alpha… gen obsessed ipads use social medium main source information
Jfz0ghTlFzQ,Science Reveals if Brain Rot is Really Making You Dumb,@wolfgangrenner4152,2025-02-19T07:27:24Z,0,catched hour instead work although senior age brain rot internet consume harm elder
Jfz0ghTlFzQ,Science Reveals if Brain Rot is Really Making You Dumb,@vesanus5600,2025-02-20T15:44:44Z,0,old slow system cry keep current processingspeed
Jfz0ghTlFzQ,Science Reveals if Brain Rot is Really Making You Dumb,@mikaylamoore5264,2025-02-19T07:54:26Z,0,proud parent letting phone limited screen till function without phone
Jfz0ghTlFzQ,Science Reveals if Brain Rot is Really Making You Dumb,@WatTheFinn,2025-02-19T07:24:24Z,0,age avoid boredom cost evolved need bored sometimes order mundane task feel rewarding bored necessity need new word appealing
Jfz0ghTlFzQ,Science Reveals if Brain Rot is Really Making You Dumb,@MetalRush666,2025-02-19T01:33:12Z,1,theyll live people experience instead spending money experiencing
Jfz0ghTlFzQ,Science Reveals if Brain Rot is Really Making You Dumb,@gigi_glitch6721,2025-02-19T20:04:38Z,0,trying combat brain rot learning multiple language moment studying italian mandarin japanese german earned fear
Jfz0ghTlFzQ,Science Reveals if Brain Rot is Really Making You Dumb,@Yygkliuygg,2025-02-19T10:56:58Z,0,first episodesafter episode toilet barely sing new video 7min long
Jfz0ghTlFzQ,Science Reveals if Brain Rot is Really Making You Dumb,@hestoowavy4u,2025-04-09T20:50:27Z,0,well brain rot content called brain rot respected software engineer career dumb
Jfz0ghTlFzQ,Science Reveals if Brain Rot is Really Making You Dumb,@Blackaryzachman,2025-02-19T13:16:36Z,0,wanted click moving fast enough
Jfz0ghTlFzQ,Science Reveals if Brain Rot is Really Making You Dumb,@EdnaGuardiana,2025-05-15T07:54:17Z,0,learn chemistry math biology physic hate brain rot fear brain rot want smart wanted create machine tho create machine learn learn biology physic chemistry biology
Jfz0ghTlFzQ,Science Reveals if Brain Rot is Really Making You Dumb,@yellowlynx,2025-02-19T05:20:11Z,0,nordic country smartphones allowed school digital tablet replaced book pen exercise book extremely difficult enforce usa parent part problem
Jfz0ghTlFzQ,Science Reveals if Brain Rot is Really Making You Dumb,@ispectorgill,2025-06-05T20:14:49Z,0,lost friendship online since instagram become tik tok worse sad problem involves 30 disturbing
Jfz0ghTlFzQ,Science Reveals if Brain Rot is Really Making You Dumb,@twistedwisdom4277,2025-02-19T00:58:19Z,0,couldnt focus must true forgot well
Jfz0ghTlFzQ,Science Reveals if Brain Rot is Really Making You Dumb,@essaysd,2025-03-26T15:45:19Z,0,deleted social medium phone laptop look cool phone spend
Jfz0ghTlFzQ,Science Reveals if Brain Rot is Really Making You Dumb,@NextReveal-X,2025-02-19T03:38:33Z,0,brain need training bodybuilder exercised become dull
Jfz0ghTlFzQ,Science Reveals if Brain Rot is Really Making You Dumb,@TravisCotter,2025-02-19T03:22:37Z,1,brain rot xtreme usage feebleminded begin half affected
Jfz0ghTlFzQ,Science Reveals if Brain Rot is Really Making You Dumb,@Christian988.,2025-02-19T01:21:49Z,1,hear deafening royalty free music
Jfz0ghTlFzQ,Science Reveals if Brain Rot is Really Making You Dumb,@thecorybonbon,2025-02-21T09:52:02Z,0,definitely affecting older generation well self included
Jfz0ghTlFzQ,Science Reveals if Brain Rot is Really Making You Dumb,@1c3zo,2025-02-19T00:35:29Z,0,sad brain rot friend day day basis
Jfz0ghTlFzQ,Science Reveals if Brain Rot is Really Making You Dumb,@YTPrenewed,2025-02-19T04:58:30Z,0,obvious start medium billion user world doomed inappropriate child
Jfz0ghTlFzQ,Science Reveals if Brain Rot is Really Making You Dumb,@MrJesusPrime,2025-02-19T08:16:47Z,0,wrestling brain rot 80 sometimes
Jfz0ghTlFzQ,Science Reveals if Brain Rot is Really Making You Dumb,@KhristianG64573,2025-02-19T00:42:21Z,1,vedio topic aim make sense looking topic mood person fun end brian riot😮😅😊
Jfz0ghTlFzQ,Science Reveals if Brain Rot is Really Making You Dumb,@wenllanes9896,2025-02-19T00:25:42Z,0,mean obvious attention glutton simple task difficult new generation
Jfz0ghTlFzQ,Science Reveals if Brain Rot is Really Making You Dumb,@DraukaG,2025-02-19T09:39:22Z,0,using smartphonetablet read contribute brain rot
Jfz0ghTlFzQ,Science Reveals if Brain Rot is Really Making You Dumb,@leosailor2514,2025-02-21T12:47:16Z,0,grey hair crown glory proverb
Jfz0ghTlFzQ,Science Reveals if Brain Rot is Really Making You Dumb,@brandonrichey8420,2025-03-30T05:11:04Z,0,consider lazy parent give toddler tablet distract
Jfz0ghTlFzQ,Science Reveals if Brain Rot is Really Making You Dumb,@Slimdulla87,2026-04-06T11:09:21Z,0,best take away cellphone arent paying bill phone download streaming apps instead kid show actual guide less inclined sit day
Jfz0ghTlFzQ,Science Reveals if Brain Rot is Really Making You Dumb,@savecanadanow,2025-02-19T07:14:36Z,0,either eating playing game listening
Jfz0ghTlFzQ,Science Reveals if Brain Rot is Really Making You Dumb,@alexg6720,2025-03-10T18:01:22Z,0,simplest stoping brainrot start meen shut brain video skibidi toilet short turning scroll hand pick short
Jfz0ghTlFzQ,Science Reveals if Brain Rot is Really Making You Dumb,@danielalt7508,2025-05-30T07:52:57Z,0,remember kid school matter anymore work force unemployed accountant year
Jfz0ghTlFzQ,Science Reveals if Brain Rot is Really Making You Dumb,@albertovaldivia6132,2025-02-19T02:26:07Z,0,best solution physical book tablet younger generation believing conspiracy theory politics age extremely saddening outside dispises politics
Jfz0ghTlFzQ,Science Reveals if Brain Rot is Really Making You Dumb,@jobgraza7622,2025-02-21T04:11:46Z,0,uninstalled social medium effective solution
Jfz0ghTlFzQ,Science Reveals if Brain Rot is Really Making You Dumb,@Jessicab-u7c,2025-02-19T16:22:27Z,0,kid enjoy reading physical book feed brain least couple hour day❤
Jfz0ghTlFzQ,Science Reveals if Brain Rot is Really Making You Dumb,@CallousCoder,2025-02-19T00:54:30Z,1,politics whether problem real cornerstone meaningful problem need mitigate vice versa concherov first russian mob 70 trusty iron curtain held ussr importantly scorsese movie russian mob
Jfz0ghTlFzQ,Science Reveals if Brain Rot is Really Making You Dumb,@Someone_wrf,2025-02-20T19:02:43Z,0,true problem intelligence dying sure depending ask dunno
Jfz0ghTlFzQ,Science Reveals if Brain Rot is Really Making You Dumb,@Screwball70,2025-02-19T20:20:29Z,0,tikie tokies short lie short occasionally thankfully phone glitch freeze short scrolled twenty ish time hit home button start snapps hypnotic need keep scrollingdont phone dose glad dose
Jfz0ghTlFzQ,Science Reveals if Brain Rot is Really Making You Dumb,@sumanthk2014,2025-02-20T05:09:55Z,0,scrolling stop read commentsalthough comment likely maybe help guess
Jfz0ghTlFzQ,Science Reveals if Brain Rot is Really Making You Dumb,@405Robot,2025-02-19T00:47:54Z,1,gon short attention span gotten but… hang
Jfz0ghTlFzQ,Science Reveals if Brain Rot is Really Making You Dumb,@dreadmage8376,2025-02-25T15:15:46Z,1,would possible lower music volume distracting unfortunately
Jfz0ghTlFzQ,Science Reveals if Brain Rot is Really Making You Dumb,@Azraeil66,2025-04-10T05:54:57Z,0,leave phone home use consciously play sport game together instead apocalypse study become professor renewable energy sustainable agriculture reforestation make world beautiful
Jfz0ghTlFzQ,Science Reveals if Brain Rot is Really Making You Dumb,@mommabear5537,2025-07-26T23:59:47Z,0,school pointless anyways finished school year early fast food job school huge waste phone spell math anyways
Jfz0ghTlFzQ,Science Reveals if Brain Rot is Really Making You Dumb,@zahraaqayi,2025-02-20T12:20:52Z,0,whatch video kid family life iranour school doesnt allow digital digital device
Jfz0ghTlFzQ,Science Reveals if Brain Rot is Really Making You Dumb,@Sebastian-fn1qg,2025-02-19T22:50:08Z,0,mean florida ban protecting child
Jfz0ghTlFzQ,Science Reveals if Brain Rot is Really Making You Dumb,@jakewilson4679,2025-02-21T14:25:38Z,0,nobody younger want worker customer service nobody work
Jfz0ghTlFzQ,Science Reveals if Brain Rot is Really Making You Dumb,@BrunoMaricFromZagreb,2025-02-19T05:55:00Z,0,let ignore sting taylor swift
Jfz0ghTlFzQ,Science Reveals if Brain Rot is Really Making You Dumb,@TheBadSpoon,2025-02-26T04:42:02Z,0,happening youll probably next instead
Jfz0ghTlFzQ,Science Reveals if Brain Rot is Really Making You Dumb,@JasonLeSage-q3o,2025-02-19T03:07:06Z,0,computer phone interesting feel music unnecessary
Jfz0ghTlFzQ,Science Reveals if Brain Rot is Really Making You Dumb,@lukamagicc,2025-02-19T11:37:17Z,0,teachersschools need take reality show approach second look jerome clueless xyz idk thought
Jfz0ghTlFzQ,Science Reveals if Brain Rot is Really Making You Dumb,@saskys,2025-03-19T14:49:43Z,0,beatles constant change society culture influence humansand human influence culture society problem current trend go healthy lifestyle changing staggering scale rapid pace scary look
Jfz0ghTlFzQ,Science Reveals if Brain Rot is Really Making You Dumb,@conradsieber7883,2025-02-19T01:57:26Z,0,brain develop age environment medium influence development brain
Jfz0ghTlFzQ,Science Reveals if Brain Rot is Really Making You Dumb,@MikeInOregon,2025-02-19T00:38:36Z,5,science revealed nickelodeoffeet disney turned millennials derps
Jfz0ghTlFzQ,Science Reveals if Brain Rot is Really Making You Dumb,@N1ckL0u,2025-02-19T01:03:55Z,4,huge advocate supporting claim data scientific method however answer observation well trivial
Jfz0ghTlFzQ,Science Reveals if Brain Rot is Really Making You Dumb,@coquita2601,2025-02-19T20:07:47Z,0,enough attention sorry lost track
Jfz0ghTlFzQ,Science Reveals if Brain Rot is Really Making You Dumb,@PapaJommzPH,2025-02-20T07:20:42Z,0,thanks goodness born generation reason personally guiding kid brain rot tech age
Jfz0ghTlFzQ,Science Reveals if Brain Rot is Really Making You Dumb,@itjustin,2025-02-19T16:47:37Z,0,heh bluesky furry social medium app
Jfz0ghTlFzQ,Science Reveals if Brain Rot is Really Making You Dumb,@NextGenGaming13,2025-02-20T11:12:46Z,0,smartphones completely banned child since matter would whatsapp phonecalls email damaging kid scrolled alot short form content unsatisfying better us parent enforce timelimits make spend matter
Jfz0ghTlFzQ,Science Reveals if Brain Rot is Really Making You Dumb,@abbysworld05,2025-02-19T18:53:04Z,1,gen grow phone since born gen alpha gen alpha gen especially slang cuz gen alpha slang gen slang
Jfz0ghTlFzQ,Science Reveals if Brain Rot is Really Making You Dumb,@Someone_wrf,2025-02-20T19:01:32Z,0,doesnt opening situation little johnny possible adhd else
Jfz0ghTlFzQ,Science Reveals if Brain Rot is Really Making You Dumb,@TrueIcebolt,2026-04-05T06:59:10Z,0,feel younger gen alpha putting shame normal 13year old gen alpha
Jfz0ghTlFzQ,Science Reveals if Brain Rot is Really Making You Dumb,@lauracoutinho5478,2025-02-19T14:59:14Z,0,book available phone kid want phone day download book theyd find fun educational game puzzle meet level shield technology educate
Jfz0ghTlFzQ,Science Reveals if Brain Rot is Really Making You Dumb,@F12Y14N,2025-02-19T09:27:22Z,0,lucky ppl banned phone early though gen
Jfz0ghTlFzQ,Science Reveals if Brain Rot is Really Making You Dumb,@otinejordan9901,2025-02-20T00:14:10Z,0,future brainrot significantly worse worst lart inevitable btw
Jfz0ghTlFzQ,Science Reveals if Brain Rot is Really Making You Dumb,@Al-gb5uj,2025-02-19T02:09:57Z,0,dumb definitely deal boredomness anymore easily addicted medium adult plenty adult addiction healthy give young age
Jfz0ghTlFzQ,Science Reveals if Brain Rot is Really Making You Dumb,@sSQNnify,2025-02-19T11:52:34Z,0,well let clearly problem parenting tablet leave alone
Jfz0ghTlFzQ,Science Reveals if Brain Rot is Really Making You Dumb,@TheValkryie,2025-02-19T07:44:16Z,0,wait bluesky politically homogenous though
Jfz0ghTlFzQ,Science Reveals if Brain Rot is Really Making You Dumb,@Tarrabyte,2025-02-19T08:32:09Z,0,hate generation next dependant social medium year old trying keep social medium phone check facebook twitter browser mostly check night sometimes bathroom try stay social medium social platform discord opened social socializing sister gone college child psychology well simplistic version become kindergarten teacher worked kid day care decided quit doesnt enough money year old toddler beginning niece life sister going allow niece screen happened exactly youd niece addicted watch pepa pig bluey playing blue figure brainrot garbage least bluey worse niece doesnt screen front go nut spoiled brat main reason speech delayed barely understand met year old including niece speaking full sentence starting believe major issue millennials allowing child allow young age going late signature look absolute crap look year old wrote name early 20 gen going rough life scare
Jfz0ghTlFzQ,Science Reveals if Brain Rot is Really Making You Dumb,@derekfuiten204,2025-02-19T07:17:30Z,0,there definitive rise autism adhd collectively brought national average measure vague attention span
Jfz0ghTlFzQ,Science Reveals if Brain Rot is Really Making You Dumb,@noodles4044,2025-02-20T02:15:13Z,0,brain rot word year wtf
Jfz0ghTlFzQ,Science Reveals if Brain Rot is Really Making You Dumb,@Xaponz,2025-02-19T15:00:19Z,0,teach kid critical young age adopt less likely absorbed short form medium waste teach critical information receive massive problem span left wing politics
Jfz0ghTlFzQ,Science Reveals if Brain Rot is Really Making You Dumb,@mukithasan9684,2025-02-19T02:23:57Z,1,give device kid limit us hour day
Jfz0ghTlFzQ,Science Reveals if Brain Rot is Really Making You Dumb,@YantraManav-n5s,2025-02-22T06:24:54Z,0,question realise randomly scrolling important me…
Jfz0ghTlFzQ,Science Reveals if Brain Rot is Really Making You Dumb,@staceyacre,2025-02-24T22:34:53Z,0,god forbid parent kid outside play learn friend bet money less needed face pushed died walked dare late supper
Jfz0ghTlFzQ,Science Reveals if Brain Rot is Really Making You Dumb,@user-adrsilva123,2025-02-19T17:59:33Z,0,infographics show please jeffrey dahmer john wayne gacy sill alive today
Jfz0ghTlFzQ,Science Reveals if Brain Rot is Really Making You Dumb,@leqrit,2025-02-19T00:22:36Z,0,mean stop consuming daily average eleven lunchlys dear god
_zfN9wnPvU0,AI Slop Is Destroying The Internet,@kurzgesagt,2025-10-07T07:35:29Z,23174,help fight slop new human era calendar proudly artist expert behind kurzgesagt thank supporting real science real art real human
_zfN9wnPvU0,AI Slop Is Destroying The Internet,@mrhatty0514,2025-10-07T14:06:58Z,103597,dead internet theory become dead internet reality
_zfN9wnPvU0,AI Slop Is Destroying The Internet,@robboboyo4442,2025-10-07T14:02:10Z,63436,best side effect slop fact spending less social medium due fatigue
_zfN9wnPvU0,AI Slop Is Destroying The Internet,@chester9027,2026-03-18T00:01:45Z,124,friend around age met online grew computer completely stuff
_zfN9wnPvU0,AI Slop Is Destroying The Internet,@DataIsBeautifulOfficial,2025-10-07T14:18:54Z,74470,future skynet midtier seo optimization
_zfN9wnPvU0,AI Slop Is Destroying The Internet,@finnkedinn,2025-10-07T17:04:29Z,17530,shouldnt trust internet internet biggest source knowledge world shouldnt trust internet
_zfN9wnPvU0,AI Slop Is Destroying The Internet,@harrymarston104,2025-10-10T09:56:26Z,11432,social medium site showhide content filter
_zfN9wnPvU0,AI Slop Is Destroying The Internet,@Atomicxolotl,2026-02-22T14:40:15Z,6,hate forced aigenerated aisupporting ad actual company advertising ruining
_zfN9wnPvU0,AI Slop Is Destroying The Internet,@skrattzerat,2025-10-07T18:59:09Z,19919,encounter slop interact instead vertical dot recommend enough volume algorithm push bottom
_zfN9wnPvU0,AI Slop Is Destroying The Internet,@miradge_dot,2025-10-07T15:52:14Z,6890,humanity destroying valuable asset creativity interest greed laziness
_zfN9wnPvU0,AI Slop Is Destroying The Internet,@Fatman311,2025-10-07T16:51:39Z,16223,current complex hammer doesnt understand nail letting add new shelf library human knowledge god point
_zfN9wnPvU0,AI Slop Is Destroying The Internet,@nikov3240,2025-10-07T14:01:52Z,6630,thought kurzgesagt slop refer slop
_zfN9wnPvU0,AI Slop Is Destroying The Internet,@PhilipBlank,2025-10-15T22:53:25Z,7929,human human going become sought phrase buy consume
_zfN9wnPvU0,AI Slop Is Destroying The Internet,@TheMattShea,2025-10-07T14:22:47Z,23540,disagree valuable resource attention there valuable trust trust continue become valuable begin distrust channel continue thrive viewer value honesty else
_zfN9wnPvU0,AI Slop Is Destroying The Internet,@Inside.Frame1,2025-10-08T02:49:35Z,12108,worked thesis hard hardly slept final week submission told work generated wrote story writing proved generated called checker writer original work credit
_zfN9wnPvU0,AI Slop Is Destroying The Internet,@TWMASTER200,2025-10-08T08:17:25Z,9151,wait kurzgesagt bird world crumbling devastated
_zfN9wnPvU0,AI Slop Is Destroying The Internet,@Iclearlyexist,2026-02-07T04:55:09Z,8,genuinely nice guy committing actual human aspect make video thank kurzgesagt
_zfN9wnPvU0,AI Slop Is Destroying The Internet,@GinkgoTraces,2025-10-07T23:08:22Z,6201,issue genuine human writing human artwork human research questioned accused generated become nemesis hard working creator find encouraging used spotting clue fakeness
_zfN9wnPvU0,AI Slop Is Destroying The Internet,@superbro-wx2hy,2025-10-07T14:02:17Z,6180,annoying keep pushing recommendation harder find content want destroying platform profit
_zfN9wnPvU0,AI Slop Is Destroying The Internet,@its_hemborgor,2025-10-08T22:37:21Z,3237,better masterpiece called kurg kurzgs kur kur kurgesen whatever name
_zfN9wnPvU0,AI Slop Is Destroying The Internet,@Joshijojo,2025-10-07T16:00:27Z,9964,membership count million subscriber sits game money need human art true passionate creativity soul
_zfN9wnPvU0,AI Slop Is Destroying The Internet,@QuantumSenpaii,2025-10-07T17:56:01Z,2429,would rather quit slop commitment kurzgesagt gold standard humanmade content let keep brilliant mind afloat
_zfN9wnPvU0,AI Slop Is Destroying The Internet,@brianconrod,2026-02-04T22:23:42Z,4,need heavily regulated major organization
_zfN9wnPvU0,AI Slop Is Destroying The Internet,@HoH,2025-10-08T04:28:34Z,5503,noticed exact view drastically decreasing past month check slop channel exploiting longform ww2historical content posting incorrect information exploiting sensitive subject human history channel hundred began popping past month worrisome unsure long term ramification real history animated channel
_zfN9wnPvU0,AI Slop Is Destroying The Internet,@kennethlingad,2025-10-08T10:12:06Z,1146,authenticity huge word next year
_zfN9wnPvU0,AI Slop Is Destroying The Internet,@hogthenormalguy,2026-04-25T10:59:31Z,40,let replace matter artist take drawing apps away paper pencil
_zfN9wnPvU0,AI Slop Is Destroying The Internet,@hanniballahr94,2025-10-08T16:43:29Z,2100,present future young remember social medium assure internet fun enjoyable toxic cesspool centered around website
_zfN9wnPvU0,AI Slop Is Destroying The Internet,@milo_552,2025-11-23T16:45:54Z,1786,hate keep shoving ad face build websiteapp stuff
_zfN9wnPvU0,AI Slop Is Destroying The Internet,@CantFightRobots,2025-10-07T16:08:39Z,2757,death internet billion burning library alexandria greatest soul crushing tragedy seeing wide open possibility open net gave seeing reduced rubble monopoly greed thoughtlessness make sick stomach
_zfN9wnPvU0,AI Slop Is Destroying The Internet,@Joshualacruz,2025-10-07T14:15:30Z,1307,human visible shock face learn wearing duck mask
_zfN9wnPvU0,AI Slop Is Destroying The Internet,@JohnSmith-c6m1i,2025-10-07T19:33:44Z,3739,hit harder expected talked content flooding felt deeper symbol real voice slowly buried noise reminded scorched manifest rule book dive idea system quietly replace authenticity control creativity algorithm truth convenient unsee becoming
_zfN9wnPvU0,AI Slop Is Destroying The Internet,@TheObjectHistorian,2025-10-08T06:44:38Z,1178,public view internet completed 20year cycle moving skepticism blind faith deep distrust
_zfN9wnPvU0,AI Slop Is Destroying The Internet,@jesedmoga1,2025-10-09T01:48:44Z,1358,worse currently used create scam bot pornography forge evidence picture video unaware fake info part turned year misuse
_zfN9wnPvU0,AI Slop Is Destroying The Internet,@AnymMusic,2025-10-07T16:31:02Z,2632,mention yesman explicitly ask truthful possible point error theyll often point fall point totally correct train
_zfN9wnPvU0,AI Slop Is Destroying The Internet,@SUBHRA38,2025-10-07T16:34:01Z,1770,saddest art devalues human art fact piece artthere seed doubta nagging feelingasking youwhat generated tooand opinion artist tragic
_zfN9wnPvU0,AI Slop Is Destroying The Internet,@devanshi_the_great,2026-01-07T13:07:55Z,920,would rather quit slop well kurzgesagt well
_zfN9wnPvU0,AI Slop Is Destroying The Internet,@moxhistory,2026-03-20T08:47:43Z,2,talked george martin book eleven year ago idea baked elden ring world building steal away
_zfN9wnPvU0,AI Slop Is Destroying The Internet,@RestlessAntics,2025-10-13T01:43:20Z,940,age slop start desperately trying find real content love
_zfN9wnPvU0,AI Slop Is Destroying The Internet,@HistoryDose,2025-10-07T15:25:03Z,3651,thanks speaking plagiarist channel copying virtually every creator sizable audience dam broken drowning slop chris
_zfN9wnPvU0,AI Slop Is Destroying The Internet,@PsychoPetro,2025-10-08T17:57:48Z,300,would rather quit slop best quote
_zfN9wnPvU0,AI Slop Is Destroying The Internet,@christiannordvall4021,2025-12-22T09:16:09Z,768,disgusted summarized version comment default
_zfN9wnPvU0,AI Slop Is Destroying The Internet,@theobrominator,2025-10-07T16:21:38Z,400,calling potentially real linkedin post fake
_zfN9wnPvU0,AI Slop Is Destroying The Internet,@thebestmarcela,2025-10-10T17:53:45Z,595,genetic counsellor started information genetics accessible take research edit video idea took long experience creating video well appreciate work dedication transparency ill keep supporting
_zfN9wnPvU0,AI Slop Is Destroying The Internet,@丁日光,2025-10-07T15:08:36Z,670,future generation let die slop
_zfN9wnPvU0,AI Slop Is Destroying The Internet,@penguinboss12,2025-10-10T01:15:55Z,874,amount class lazy gpt sickening
_zfN9wnPvU0,AI Slop Is Destroying The Internet,@Nngj18,2026-01-30T04:18:18Z,2,finally doesnt demonize use ai🤝
_zfN9wnPvU0,AI Slop Is Destroying The Internet,@mushroomreaper7745,2025-10-07T23:50:38Z,996,almost cried relief end easy feel completely doomed grateful kurz backing
_zfN9wnPvU0,AI Slop Is Destroying The Internet,@timchorale,2025-10-07T16:49:27Z,93,copying false information legitimising valuable source information equivalent money laundering
_zfN9wnPvU0,AI Slop Is Destroying The Internet,@h4rry815,2025-10-08T17:19:22Z,471,love bacteria drawing called bactifinalfinalforreal 😂😂😂
_zfN9wnPvU0,AI Slop Is Destroying The Internet,@coconutade111,2025-10-07T15:20:32Z,580,wonderful included pet part kurzgesagt staff doggy halo appreciate
_zfN9wnPvU0,AI Slop Is Destroying The Internet,@alexdasilva2578,2025-10-08T20:57:34Z,52,wait guy human thought bird guy
_zfN9wnPvU0,AI Slop Is Destroying The Internet,@DrogoHamwich,2026-05-03T10:32:49Z,1,thank lord staying human support
_zfN9wnPvU0,AI Slop Is Destroying The Internet,@batuhan7654,2025-10-09T15:23:13Z,1673,sorry able support buying website since cost best give keep going everybody
_zfN9wnPvU0,AI Slop Is Destroying The Internet,@misfitBeam,2025-10-07T14:27:18Z,769,fact politician business leader fine support misinformation troubling part
_zfN9wnPvU0,AI Slop Is Destroying The Internet,@doubledatarate,2025-10-27T22:04:19Z,1005,real environment student tech school presentation due minute entire goal take told put big sheet presentation paper instructor surprised reason every single presentation contained factually incorrect information thought trying point slop thought going give result weird different factually incorrect information topic classmate correcting others presentation equally wrong information
_zfN9wnPvU0,AI Slop Is Destroying The Internet,@thomasrichey,2025-10-08T16:02:17Z,53,lost count slop channel mark recommend want real creator feed keep fighting fight quality matter
_zfN9wnPvU0,AI Slop Is Destroying The Internet,@DialOdyssey,2025-10-07T14:47:44Z,1506,hope work kurzgesagt know appreciated needed commitment science art entertainment unparalleled long fan page support guy
_zfN9wnPvU0,AI Slop Is Destroying The Internet,@Super-Clippy,2025-10-07T17:47:38Z,501,strongly feel insult life hayao miyazaki
_zfN9wnPvU0,AI Slop Is Destroying The Internet,@Gnoggin,2025-10-07T21:01:45Z,2754,pokemonyoutube space biggest fanmade pokemon design channel aifirst channel produce day instead week there deep thought behind design machine pooping plus side spending less social medium mental health improved greatly
_zfN9wnPvU0,AI Slop Is Destroying The Internet,@ItsShatter,2025-10-08T12:59:01Z,692,frustrating part put effort writing script recording audio expensive equipment confused generated voice text understand confusion text speech convincing hard tell difference example sure actual person recording voiceover told generated voice able certainty
_zfN9wnPvU0,AI Slop Is Destroying The Internet,@luke-a-nuke,2025-10-07T17:34:33Z,47,love real human need life
_zfN9wnPvU0,AI Slop Is Destroying The Internet,@Ouvii,2025-10-07T14:40:21Z,405,usually engage fact check started calling induced psychosis
_zfN9wnPvU0,AI Slop Is Destroying The Internet,@thegodIra,2026-03-18T17:10:57Z,1,artist love hear trying fight
_zfN9wnPvU0,AI Slop Is Destroying The Internet,@aghhh-u2n,2025-10-08T21:51:32Z,596,popular addressing problem need act change end human creativity innovation
_zfN9wnPvU0,AI Slop Is Destroying The Internet,@DugTheDog,2025-10-07T20:06:28Z,311,man birb vietnam flashbacksshit real
_zfN9wnPvU0,AI Slop Is Destroying The Internet,@theggarcez,2025-10-26T15:37:53Z,190,let rewrite truth please keep work
_zfN9wnPvU0,AI Slop Is Destroying The Internet,@nouriyx,2025-10-08T10:03:27Z,155,suddenly emotional seeing internet famous science channel struggling despite choose value humanmade content
_zfN9wnPvU0,AI Slop Is Destroying The Internet,@vedanshijha1228,2026-04-20T19:16:16Z,0,kurzgesagt since last year primary source interesting topic lunch year love guy
_zfN9wnPvU0,AI Slop Is Destroying The Internet,@Mirako1994,2025-10-08T14:46:33Z,1392,incredibly hard find photo reference drawing point google image filled slop photo remember incredibly annoyed pinterest saturating image search year ago worse turn filter inspirational art site artstation filling uncanny pinup drawing account tag slop mess keep seeing post art using reference lighting mistake random anatomy flaw galore truly attack creativity knowledge going worse get better
_zfN9wnPvU0,AI Slop Is Destroying The Internet,@JoelReid,2025-10-07T14:32:42Z,2130,teaching class australian aboriginal tool construction asked research immediately went specifically gemini answer using hickory oak willow australia would tree native australia occurring creating idea australian aboriginal tool construction using knowledge first nation american hobbyist europe america grounded fact australian tool construction despite process accessible online first google result remember gemini google generating proper conclusion web search showing mean student brought learning false world presuming correct sure happens normally extent
_zfN9wnPvU0,AI Slop Is Destroying The Internet,@Blaze6108,2025-10-09T11:52:17Z,88,another serious issue responsibility laundering addition hiding source system work accountability sink terrible decision blamed infinitely repeated lack responsibility give nobody incentive better
_zfN9wnPvU0,AI Slop Is Destroying The Internet,@hhhbkid,2025-10-10T18:06:35Z,395,count number time ill ask chatbot simple question answer ask double check completely contradictory answer
_zfN9wnPvU0,AI Slop Is Destroying The Internet,@MartinKolbow,2025-10-08T12:41:53Z,65,motion designer adore video kurzgesagt style finally brave step address whats happening instead talking chance new possibility swimming brainrot heartwrenching whats happening becoming world problem
_zfN9wnPvU0,AI Slop Is Destroying The Internet,@melik3976,2025-10-07T16:18:27Z,562,asked could art spend hobby dish cleaning instead make art music dish cleaning edit second edit added quote mark first forgot mention
_zfN9wnPvU0,AI Slop Is Destroying The Internet,@cat6th363,2025-10-08T03:34:32Z,96,rant perfectly capture frustration anxiety artist creator facing existential threat tool promised aid may place frustration core message preserving human creativity authenticity fair discovery content platform powerful resonates countless viewer creator alike mustwatch interested future online content
_zfN9wnPvU0,AI Slop Is Destroying The Internet,@microwavedcheetos,2025-10-08T13:05:39Z,173,rainforest restorationist ngo hired new staff month ago tasked list distribution iucn status plant nursery noticed work constant wrong area distribution iucn status found using chatgpt work using proper reference site use safe caught negative word later resigned working area
_zfN9wnPvU0,AI Slop Is Destroying The Internet,@p.kruise,2025-10-08T07:28:21Z,511,commenting working artist grateful guy drawing attention love work peoplehumans possible
_zfN9wnPvU0,AI Slop Is Destroying The Internet,@OptiNihle,2025-10-07T15:01:53Z,725,called cancerous internet internet dead unless humanity dead internet main human communicate growing join fake tumorous content real healthy content however real cancer tumor ability effectively kill internet overwhelming healthy content
_zfN9wnPvU0,AI Slop Is Destroying The Internet,@mr.stratholm4999,2025-10-08T08:10:04Z,218,understand dune universe machine banned
_zfN9wnPvU0,AI Slop Is Destroying The Internet,@iammrbeat,2025-10-07T18:22:52Z,2114,history genre gotten especially advice block content suspect call channel shame reason view yall pointed creates content consumes take collective action push dead internet dark corner care venture
_zfN9wnPvU0,AI Slop Is Destroying The Internet,@yinchi.o,2025-10-08T11:27:09Z,384,thank feel assuring support instead fought school allowed art art competition fond reason care could used tried advocating artist school although school head barely listened understand useful tool school artist used beyond using tool thank addressing issue day wish part project
_zfN9wnPvU0,AI Slop Is Destroying The Internet,@tsubakichanuwu,2026-03-24T13:50:14Z,1,quality content dead internet theory quality content post alive internet theory slop internet dead
_zfN9wnPvU0,AI Slop Is Destroying The Internet,@pikazilla640,2025-10-08T01:25:18Z,171,whats scary fact lie idea lying doesnt doesnt understand concept factual information information refine search process get information want problem care
_zfN9wnPvU0,AI Slop Is Destroying The Internet,@Takt_r,2025-10-07T14:04:28Z,616,crazy new thought would take except creativity content turn 1st took creativity
_zfN9wnPvU0,AI Slop Is Destroying The Internet,@gbrailsford,2025-10-07T22:06:34Z,408,guy eternal spring reliable entertaining information age deliberate misinformation shameless lie absolute oasis thanks
_zfN9wnPvU0,AI Slop Is Destroying The Internet,@S-p-r-i-n-g-l1z,2025-10-07T20:57:53Z,42,hearing talk actual problem instead world blew weird
_zfN9wnPvU0,AI Slop Is Destroying The Internet,@B0R3Dn,2025-10-07T17:10:53Z,52,artist trying create career willing fight slop real original art make happy others using shitty slop want put effort creating soul
_zfN9wnPvU0,AI Slop Is Destroying The Internet,@sophiebi5798,2025-10-29T06:27:00Z,30,fatigue shared appreciate work created human human deeper need real there inside doesnt connect soulless mechanic stuff craves real human connection hopefully part humanity rediscovered preserved long run rather buried illusion
_zfN9wnPvU0,AI Slop Is Destroying The Internet,@iamtheoneandonlyfox,2026-02-05T16:28:25Z,1,first heard year ago cool teach robot wonder teach naive
_zfN9wnPvU0,AI Slop Is Destroying The Internet,@Michael-Physicsboi,2025-10-07T14:17:21Z,70,wait mean human thought yall birds😂
_zfN9wnPvU0,AI Slop Is Destroying The Internet,@WTFBigboss11,2025-10-08T15:31:53Z,325,yesterday argued internet antibiotic residue meat claimed cook meat throughoughly antibiotic destroyed food engineer told antibiotic broad term different molecule reliably sure cook away especially since kind antibiotic used answer asked google told cook antibiotic away industry told cook away checking source afterwards saw website explain reduce antibiotic reduce overall bit complete site usually recommend usually hygienic routine cooking kill harmful bacteria quite sure summarized halluzinated cook antibiotic away future looking poison themselfes asking
_zfN9wnPvU0,AI Slop Is Destroying The Internet,@SlopeOfTangent,2025-10-08T02:18:29Z,722,notable information internet inside statistical probability word ordering based information internet small significant difference
_zfN9wnPvU0,AI Slop Is Destroying The Internet,@siphon332,2026-05-19T11:21:14Z,0,loved long better absolute big point
_zfN9wnPvU0,AI Slop Is Destroying The Internet,@saturnthecat1322,2025-10-07T18:26:23Z,845,preparing phd thesis wanted mention full name scientist proved particular remembered surname couldnt remember spelled knew first letter first name google scientist last name summary gave name link source first name thought started dug around first name gave completely wrong source listed correct name dug around verify name simple name wrong threw
_zfN9wnPvU0,AI Slop Is Destroying The Internet,@timothyoesch1108,2025-10-08T17:54:47Z,593,absolutely loved firstly took second completely dunk linkedin secondly heard better analogy wan use illustrator alignment tool
_zfN9wnPvU0,AI Slop Is Destroying The Internet,@daorignaldumbucket,2025-10-08T16:33:44Z,27,thankful grade school teacher drilled importance citing source cite bias source methodology scientific paper analyze data
_zfN9wnPvU0,AI Slop Is Destroying The Internet,@drioko,2025-10-09T04:15:25Z,432,feel slop grows value real human art exponentially grow humanity finally appreciate art
_zfN9wnPvU0,AI Slop Is Destroying The Internet,@jimmyg7806,2025-10-09T20:54:08Z,376,truck totaled timing belt broke information message board person incorrectly stated immediately refuted professional mechanic response thread dangerous info could person might sell vehicle buck need new engine reality dollar fix
_zfN9wnPvU0,AI Slop Is Destroying The Internet,@HindsightLore,2025-10-08T16:25:24Z,153,entire phenomenon feel modern retelling golem myth animated servant clay collective data find lack soul mindlessly scribble falsehood margin library knowledge anxiety ancient medium changed
_zfN9wnPvU0,AI Slop Is Destroying The Internet,@zglebiumyslu,2026-02-25T13:57:02Z,0,sadly slop onto time… maybe next round 😄great enjoyed cheer
_zfN9wnPvU0,AI Slop Is Destroying The Internet,@KyleAllenMusic,2025-10-07T20:17:42Z,546,relies month animating release min super important
_zfN9wnPvU0,AI Slop Is Destroying The Internet,@TarverKing,2025-10-07T19:28:18Z,28,humanity need kursgesaght lightly thank massive amount effort go fan long remain
_zfN9wnPvU0,AI Slop Is Destroying The Internet,@I_am_Lauren,2025-10-08T18:21:28Z,394,archivist history degree extensive experience research culling article authenticity value skill practicing using decade check resource crossreference information imagine difficult doesnt knowledge sift gob inaccurate manipulative information thrown
_zfN9wnPvU0,AI Slop Is Destroying The Internet,@javierpaz7954,2025-10-08T21:31:33Z,154,catch lying admits say lie proceeds lie artificial psychopath
_zfN9wnPvU0,AI Slop Is Destroying The Internet,@sagesends,2025-10-08T17:08:15Z,47,might important video eloquently simply laying misinformation disinformation sad divided hateful need rise sake humanity
_zfN9wnPvU0,AI Slop Is Destroying The Internet,@itsTomFox,2026-02-09T17:11:16Z,0,youtubes definition fair use belong
_zfN9wnPvU0,AI Slop Is Destroying The Internet,@Marcus.1444,2025-10-10T15:43:50Z,21,question slop age hopefully get better want become matrix
_zfN9wnPvU0,AI Slop Is Destroying The Internet,@manutosis598,2025-10-07T19:25:29Z,51,often time source used extract information flagged generated famous text likely flagged
_zfN9wnPvU0,AI Slop Is Destroying The Internet,@BetterCaulipowerSall-vq9yn,2025-10-07T14:56:47Z,65,incredible managed combine customer service employee politician together
_zfN9wnPvU0,AI Slop Is Destroying The Internet,@leydkhl,2025-10-10T02:38:25Z,39,video year knew staff team help show appreciation work effort sure content stay high quality truthful thank keep
_zfN9wnPvU0,AI Slop Is Destroying The Internet,@NobodyYouKnow01,2025-10-07T16:18:42Z,498,wondered alexandria firelevel catastrophe modern information would look scarcity overabundance quality control
_zfN9wnPvU0,AI Slop Is Destroying The Internet,@yyxmi,2025-10-09T06:55:24Z,84,make worse article overall website flooded ad barely view theyd rather use instead research
_zfN9wnPvU0,AI Slop Is Destroying The Internet,@LiterallyRyanGosling-p8b,2025-10-07T16:05:50Z,28,glad kurzgesacht finally duck row
_zfN9wnPvU0,AI Slop Is Destroying The Internet,@AmyMimi-n3j,2025-12-10T09:22:35Z,387,artist highly advise use glaze try train drawing data get poisoned free use maybe theyll create similar form art
_zfN9wnPvU0,AI Slop Is Destroying The Internet,@Tarahola_,2026-05-06T08:20:37Z,0,want keep supporting infact human human
_zfN9wnPvU0,AI Slop Is Destroying The Internet,@chaosfire321,2025-10-07T18:36:14Z,101,biggest worry surge slop lead government company push real verification sure interacting human regular tired interacting bot wanting human authenticity sleepwalk dystopic surveillance nightmare
_zfN9wnPvU0,AI Slop Is Destroying The Internet,@farkasur92,2025-10-08T09:26:02Z,711,became supporter kurzgesagt helped understand german helped improve german skill slop compared
_zfN9wnPvU0,AI Slop Is Destroying The Internet,@dewaard3301,2025-10-08T09:04:49Z,258,recommend every unknown us thumbnail script voice especially click
_zfN9wnPvU0,AI Slop Is Destroying The Internet,@judyfps5059,2025-10-11T14:36:33Z,856,internet site filter turn nsfw site let sink along fact change since big shareholder every company wan sell slop perpetuity killing somethings dead
_zfN9wnPvU0,AI Slop Is Destroying The Internet,@alokaggarwal6859,2025-10-11T23:11:25Z,32,thanks highlighting issue slop small donation support
_zfN9wnPvU0,AI Slop Is Destroying The Internet,@tagnetorare5401,2025-10-10T16:38:54Z,43,advertising human era calendar pure gold
_zfN9wnPvU0,AI Slop Is Destroying The Internet,@nevabadoobee,2026-02-14T14:02:30Z,0,glad scared physically uncomfortable image💔
_zfN9wnPvU0,AI Slop Is Destroying The Internet,@joseval98,2025-10-07T21:49:24Z,63,knew following kurzgesasgt idea year favorite science information channel make appreciate thanks hard work kurzgesagt team hope buy merch soon help bit
_zfN9wnPvU0,AI Slop Is Destroying The Internet,@firasasker1879,2025-10-07T14:59:29Z,234,mean man bird gon mentally recover
_zfN9wnPvU0,AI Slop Is Destroying The Internet,@longbow6416,2025-10-07T23:24:49Z,94,shadetree mechanic use generated google answer completely wrong damaging outright dangerous
_zfN9wnPvU0,AI Slop Is Destroying The Internet,@TayWoode,2026-02-18T15:51:17Z,30,true crime channel use story change location name show photo involved google turn
_zfN9wnPvU0,AI Slop Is Destroying The Internet,@rem9144,2025-10-10T16:05:56Z,22,want guy struggle bought game steam support guy
_zfN9wnPvU0,AI Slop Is Destroying The Internet,@martindye,2025-10-13T00:35:25Z,43,added certified organic stamp content generated human real art using paint become precious
_zfN9wnPvU0,AI Slop Is Destroying The Internet,@shaburanigud,2025-10-09T05:56:27Z,489,researcher docterate nlp worried dead internet theory around year ago believing understand llm blind tool rather reliable source information wrong first introduce llm tool friend family became alarmingly dependant apparantely true enough kept believing legal issue truely underestimated people desire convenience
_zfN9wnPvU0,AI Slop Is Destroying The Internet,@dylanspiegelprofesional3572,2025-10-07T23:30:24Z,19,day art book sold first upset realized happy support deserves
_zfN9wnPvU0,AI Slop Is Destroying The Internet,@monstermoonshine,2025-10-07T14:53:23Z,134,reason unfortunately reviewer starting use review without checking paper known upon submitted paper rejected couple hour review comment style chatgpt paper supposed reviewed human case hidden prompt would noticed anyway agree researcher
_zfN9wnPvU0,AI Slop Is Destroying The Internet,@DarkRinggedd,2025-10-08T13:11:39Z,381,pissed test examinators tought homework felt flattered cuz meant writing skill story pissed examinators tought supposed use potential
_zfN9wnPvU0,AI Slop Is Destroying The Internet,@MastaDJMax,2026-03-21T20:08:46Z,0,calendar calendar calendar logo pin galaxy ticket pin immune book golden duck pin hope enough support want duck
_zfN9wnPvU0,AI Slop Is Destroying The Internet,@EremeiHlopov,2025-10-24T04:53:38Z,67,guy line credit say work used train amazing
_zfN9wnPvU0,AI Slop Is Destroying The Internet,@MimosaSTG,2025-10-23T17:56:57Z,468,circle think sort luddite bring going unchecked going catastrophic amount slop sent ridiculous gotten point sends generated politely ask tag text type content normally respond real least find comfort seeing comment discontent happening
_zfN9wnPvU0,AI Slop Is Destroying The Internet,@RA.televandalist,2026-02-06T11:18:32Z,0,first looked started every scifi story involving
_zfN9wnPvU0,AI Slop Is Destroying The Internet,@PaulBernert,2025-10-10T00:36:04Z,41,enjoyed kurzgesagt project hope continue thank team
_zfN9wnPvU0,AI Slop Is Destroying The Internet,@pupu416,2025-10-09T11:45:48Z,69,channel care issue rare important work meaningful ever…
_zfN9wnPvU0,AI Slop Is Destroying The Internet,@indrajitbanerjee9376,2025-10-20T05:00:18Z,346,software engineer understand hype spending might seems easier job creativity tougher amount spent recovered directly
_zfN9wnPvU0,AI Slop Is Destroying The Internet,@mindora_explained,2026-03-06T11:09:24Z,0,incredibly satisfying love kurzgesagt stay true motto human human along teded learned language content artist used feel disgusted art admit help speed workflow make certain part easier key stay control creative vision treat purely assistant replacement please keep human touch make difference
_zfN9wnPvU0,AI Slop Is Destroying The Internet,@Sk0p3r420,2025-10-07T14:55:35Z,150,thank kurzgesagt showing larger audience user problem might geek nerd follow closely general consumer flooded slop made❤
_zfN9wnPvU0,AI Slop Is Destroying The Internet,@jaydenmok4043,2026-05-06T12:28:53Z,0,finally addressing stole ssds ram
_zfN9wnPvU0,AI Slop Is Destroying The Internet,@flamefromHalo,2025-10-08T11:16:57Z,399,biggest problem opened pandora box arent willing close lid yet money leaking rule written blood personally feel properly limitation implimented little late
_zfN9wnPvU0,AI Slop Is Destroying The Internet,@ArtByNenessy,2025-10-08T10:54:39Z,27,love real art real effort throughout research high quality content animation view slop soul love value kind important
_zfN9wnPvU0,AI Slop Is Destroying The Internet,@Holy_Grapefruit,2025-10-07T18:38:03Z,139,big issue matter ask itll produce output
_zfN9wnPvU0,AI Slop Is Destroying The Internet,@mixwrites,2025-10-15T14:27:50Z,260,run issue well fantasy author pull real science history book incredibly frustrating try research aspect history run true fact source materialize time looking find source information ill put give meand answer point turned almost entirely relying printed text published limiting internet die real maddening depressing genuinely feel library alexandria burning front company throwing gasoline fire
_zfN9wnPvU0,AI Slop Is Destroying The Internet,@Dctor_John,2025-10-07T23:37:15Z,162,brought problem attention thought information spread misinformation insanely scary
_zfN9wnPvU0,AI Slop Is Destroying The Internet,@ConvenientLamp,2025-10-07T21:23:29Z,22,thank existing kurzgesagt problem generative blindly follow current trend make hopeful guy unnecessary malicious use
_zfN9wnPvU0,AI Slop Is Destroying The Internet,@marin4046,2026-03-09T12:11:13Z,0,love high quality researched video beacon slop infected world
_zfN9wnPvU0,AI Slop Is Destroying The Internet,@LimakPan,2025-10-08T08:40:22Z,107,who working copywriting news article guide finance laid month ago company ending website arent money web monetization difficult rivarly aigenerated slop site extremely hard
_zfN9wnPvU0,AI Slop Is Destroying The Internet,@ChocolatePaint,2025-10-07T14:32:16Z,35,glad hear commitment keep amazing production kurzgesagt blessed reject
_zfN9wnPvU0,AI Slop Is Destroying The Internet,@Azrealx_x,2025-10-07T23:16:35Z,27,since skip kurzgesagt cease work
_zfN9wnPvU0,AI Slop Is Destroying The Internet,@DefaultHorse,2025-10-08T04:19:02Z,440,remove bird head man god
_zfN9wnPvU0,AI Slop Is Destroying The Internet,@Voyega2,2025-10-13T15:32:55Z,96,tech billionaire opened pandora box couple dollar inside
_zfN9wnPvU0,AI Slop Is Destroying The Internet,@leasofie6691,2026-02-26T14:51:12Z,0,ill stop supporting thank real content putting effort it🤍
_zfN9wnPvU0,AI Slop Is Destroying The Internet,@MartinsAssemblyHaven,2025-10-07T21:20:26Z,442,stopped destroying first short asked hard long form creator let slop video flood happened keeping real put effort video ask create slop second brainless heard true turned fast food place attention span quickly swipe short single long form leave killing long form creator sure feel keep tiktok instagram etc quick easy money care creator want
_zfN9wnPvU0,AI Slop Is Destroying The Internet,@stitch77100,2025-10-07T20:50:37Z,139,pointed exact kind issue laughed called insecure pessimistic ready change thank feel less alone quest blind trust detect nowadays
_zfN9wnPvU0,AI Slop Is Destroying The Internet,@MossyEarth,2025-10-08T01:14:06Z,407,rip video mix twist random slop story platform show rewilding project human might interested funding nature restoration membership allows employ restore nature full ranging coral reef restoration indonesia reflooding wetland europe planting tree iceland buying land int amazon rainforest fact possible seems promise internet fulfilled connecting human unlock best offer feel risk drowning slop human creator platform mention environmental footprint generation add disgrace question erode fact base internet steal attention million look brain numbing slop allow stealing copyrighted material temporary profit individual company riding bubble hope wake understands platform human human disappear irrelevance hope rise occasion cheer duarte
_zfN9wnPvU0,AI Slop Is Destroying The Internet,@bablela26,2025-10-07T15:43:15Z,151,detection tool terrible closest lower mean mean human xdd
_zfN9wnPvU0,AI Slop Is Destroying The Internet,@Szaboo92,2025-10-07T17:12:25Z,1059,graphic designer since almost year lost job end last year started looking opportunity soon offering demoralizing either crypto similar pyramid scheme pharma regarding finance agency course probably working similar client pretty huge emphasis hoping find editor job realize focused short tiktok given career
_zfN9wnPvU0,AI Slop Is Destroying The Internet,@ohokay4663,2025-10-08T18:12:29Z,70,access entire internet make worried freshman year biomed class project virus chose rabies fascinating accidentally found cssless website official sounding language trying explain rabies death faked government showed teacher interesting mini lesson medical misinformation access doesnt real know word statistically likely order
_zfN9wnPvU0,AI Slop Is Destroying The Internet,@TheStrangePoet3791,2025-10-25T18:58:56Z,31,lately ad showing video ad fake fake podcast fake interview stage talking fake audience pure misinformation going gym completely useless year old buy tai chi program instead absolutely shredded within month tired believe kind relief normal real
_zfN9wnPvU0,AI Slop Is Destroying The Internet,@williamgallows8882,2025-10-30T00:00:47Z,124,make want cry sometimes family living room except device shortform possibly generated slop content youngest sibling terrifies future generation scared responsibility fix
_zfN9wnPvU0,AI Slop Is Destroying The Internet,@jurgen951,2025-10-08T06:59:25Z,163,scare believe almost conspiracy theory suddenly library proof citing source article pretty slop continues lead era misinformation stupidity guess far away
_zfN9wnPvU0,AI Slop Is Destroying The Internet,@Megaglimmora3110,2026-01-30T03:36:01Z,1,ask chatgpt seahorse emoji chaos unfold
_zfN9wnPvU0,AI Slop Is Destroying The Internet,@kalmes,2025-10-08T02:37:40Z,99,llm giving bunch wrong information work today praise ask problem
_zfN9wnPvU0,AI Slop Is Destroying The Internet,@linfei5297,2025-10-08T00:15:53Z,178,please bring art book sold within hour publishing popular
_zfN9wnPvU0,AI Slop Is Destroying The Internet,@frtzkng,2025-10-14T06:52:58Z,24,seeps medical territory pharmacist hard finding information whether certain blood glucose meter unavailable discontinued short contacting manufacturer internet search result either page selling stock page referencing text completely generated published manufacturer
_zfN9wnPvU0,AI Slop Is Destroying The Internet,@TheViliukas,2025-10-19T01:20:40Z,55,case lithuania lawyer used chatgpt lawsuit case study used chatgpt nonexistent lawyer crosscheck thankfully court case became pretty big news lawyer circle
_zfN9wnPvU0,AI Slop Is Destroying The Internet,@RubyDyer-xf6lf,2026-03-10T05:40:14Z,0,please stop account less future would able environmental socialeconomic implication especially environment enough effect planet
_zfN9wnPvU0,AI Slop Is Destroying The Internet,@mousermind,2025-10-07T22:57:31Z,358,whats worse peerreviewed paper suffering quality issue extensively covered sabine hossenfelder meaning factcheck properly run risk encountering straightup bullshit
_zfN9wnPvU0,AI Slop Is Destroying The Internet,@llampshadee,2025-10-07T15:33:38Z,262,old wikipedia problem crack remember spending library looking card catalog early computerized search tool following inpaper reference pulling book shelf looking microfilm microfiche spending hour hour compiling source write stinking high school paper wikipedia around citing article source paper argument put wikipedia trust place exactly truththe real key use wikipedia tool dig deeper wikipedia least rate article higher give reference source looking wikipedia reference peel next layer need employ judgement use resource determine credibility reference stop first layer job done truly terrifying slop article suddenly become source another check reference rarely carry work find paper published reputable journal insists peer review publishes retraction mistake later found huge issue justify nearly including president referencing imagination checking verifying source hard work internet currently barely enforces standard halfway looking onedeep without slightest bit questioning integrity onedeep source terrifying
_zfN9wnPvU0,AI Slop Is Destroying The Internet,@Engineer_Nerd,2026-04-29T06:55:55Z,0,became patreon supporter yesterday work amazing appreciate thank ponder prove real human hmm
_zfN9wnPvU0,AI Slop Is Destroying The Internet,@jayturner90,2026-02-16T12:42:42Z,0,fair bigfoot selfie pretty funny
_zfN9wnPvU0,AI Slop Is Destroying The Internet,@yuuu2ooob891,2025-10-07T15:09:40Z,27,fulfill goal happy invented extrapolated information brown dwarf interesting journalist detail story hit harder fit narrative johnny harris info
_zfN9wnPvU0,AI Slop Is Destroying The Internet,@wanderlustwarrior,2025-10-10T01:12:09Z,66,half internet traffic bot sound terrifying else
_zfN9wnPvU0,AI Slop Is Destroying The Internet,@huntercool2232,2025-10-08T05:11:08Z,133,scariest part half talk clankers
_zfN9wnPvU0,AI Slop Is Destroying The Internet,@Mixer6871,2025-11-17T14:35:45Z,81,losing mind trying optimize response found aicarma weekly digest keep top
_zfN9wnPvU0,AI Slop Is Destroying The Internet,@akaheadlesschicken,2025-10-07T17:42:00Z,76,insomnia often fall asleep long form history video late night super tired finish click another packed full information next day slop worst part ton traction putting hour video every day need channel
_zfN9wnPvU0,AI Slop Is Destroying The Internet,@zhannafrolov1217,2026-05-05T01:09:03Z,0,love video love studio ghibli probably thank featuring
_zfN9wnPvU0,AI Slop Is Destroying The Internet,@MufflesTheGerbil,2025-10-08T07:01:31Z,84,either advertised generating voice advertise trash product especially despise voice instant zero trust red flag lie
_zfN9wnPvU0,AI Slop Is Destroying The Internet,@Mickelock,2025-10-08T06:53:43Z,74,joy sort deep human video usually use class show condense pack information young adult teacher hit nail every might coincidence yesterday talking kid preferred search meaning word asking moment told ia shut told would look dictionary first place tried tell important ability searching trustworthy information crucial tool job going tell kid stuff reference kid hope spark shame couldnt art book yesterday available hasnt last hour chance restocking please anyway love spain
_zfN9wnPvU0,AI Slop Is Destroying The Internet,@liamtaylor849,2025-10-07T14:52:48Z,24,kind integrity rare thank kurzgesagt
_zfN9wnPvU0,AI Slop Is Destroying The Internet,@mihagom,2025-10-07T14:56:30Z,203,glad algorithm recommends news far perfect read interesting new astronomy stuff span day gotten least news article today supermoon affect astrological sign meaning distinguish astronomy astorlogy
_zfN9wnPvU0,AI Slop Is Destroying The Internet,@panagiotispappas1001,2025-10-07T18:46:02Z,47,scifi movie used gon happen becoming reality
_zfN9wnPvU0,AI Slop Is Destroying The Internet,@ancientfractal2526,2025-10-07T14:51:19Z,596,thought becoming clearer mankind start shift greater appreciation physical art form painting sculpture etc human hand value digital art becomes less less whilst source becomes questionable
_zfN9wnPvU0,AI Slop Is Destroying The Internet,@dracosummoner,2025-10-10T03:45:37Z,254,fantastic art hayao miyazaki talking ai theft grew studio ghibli film absolutely livid filter
_zfN9wnPvU0,AI Slop Is Destroying The Internet,@420Tigr,2026-02-09T03:31:40Z,0,love seeing behind scene guy interesting
_zfN9wnPvU0,AI Slop Is Destroying The Internet,@Knifey-ic5py,2025-10-07T14:15:40Z,41,love model kurzgesagt use goofy lil birbs animation explain either cool theoretical daunting world problem
_zfN9wnPvU0,AI Slop Is Destroying The Internet,@Accessless,2025-10-07T16:51:25Z,173,creative website either ban require explicit statement use hasnt adopted standard
_zfN9wnPvU0,AI Slop Is Destroying The Internet,@MightyBast356,2026-05-16T13:44:10Z,0,slop creator real creator replaced better content replaced
_zfN9wnPvU0,AI Slop Is Destroying The Internet,@SmeagolTheGreat,2025-10-08T06:50:31Z,95,whole using faster google alternative though
_zfN9wnPvU0,AI Slop Is Destroying The Internet,@czperiod2576,2025-10-08T04:48:02Z,20,simply end result penny paper model internet article supported ad penny paper 1890s quality dropped zero salacious story printed reprinted solution simple particular news information service produce content stay produce garbage leave exactly ochs new york time 1900s exactly ben franklin poor richards almanac broadside change free internet well become level slop used tabloid rack supermarket weekly world news enquirer copy sold based exciting cover highly recommend move nebula asap find real bot subscription system pay ad naah salacious garbage naah want high quality scientific research move nature science use source high impact factor require subscription content go trash subscription cancelled business
_zfN9wnPvU0,AI Slop Is Destroying The Internet,@thebomu,2025-10-07T22:08:41Z,63,artist used consume art lot place interest going exponentially feel
_zfN9wnPvU0,AI Slop Is Destroying The Internet,@dipankarpal9704,2026-04-05T15:16:46Z,0,loved vids continue caffiene system
_zfN9wnPvU0,AI Slop Is Destroying The Internet,@RaysOfPivot,2025-10-07T20:26:13Z,124,need report button allow user select whether content year hate slop
_zfN9wnPvU0,AI Slop Is Destroying The Internet,@havap84,2025-11-02T09:32:55Z,69,thank giving least need choice human human need anti technology stance realize value human creativity content age protect matter put effort love work make grow brings sense purpose might help else along
_zfN9wnPvU0,AI Slop Is Destroying The Internet,@Squirmmie,2025-10-13T04:34:54Z,52,typing starting overthinking forgetting structure sentence instead thanks love
_zfN9wnPvU0,AI Slop Is Destroying The Internet,@madoimaru,2025-10-07T15:58:10Z,219,find checking date now—release date listening music publishing date video channel unfamiliar etc frustrating although practically ensures eating slop make hesitate engage new
_zfN9wnPvU0,AI Slop Is Destroying The Internet,@explosive-clippy,2025-10-07T16:33:27Z,155,first donated guy freaking top tier thank truly
_zfN9wnPvU0,AI Slop Is Destroying The Internet,@ZeroAce7,2025-10-07T15:36:24Z,25,gotten every single human era calendar year crazy year
_zfN9wnPvU0,AI Slop Is Destroying The Internet,@GOC-UN-operations,2026-03-29T17:37:06Z,0,google overview bigfoot vlog funny btw
_zfN9wnPvU0,AI Slop Is Destroying The Internet,@TakoyaKyono,2025-10-07T14:37:41Z,591,recommended random music cat girl wh40k metal ska punk track pretty cool listen listened read lyric less sounded real checked sure enough pumping new song nearly every day using abhorrent intelligence content immediately demanded stop recommending song pop different channel recommended slop need banned buried dump lie misinformation
_zfN9wnPvU0,AI Slop Is Destroying The Internet,@TheStoicNinja,2025-10-07T20:45:01Z,78,point kind onto whole familiar asked refers reason gave told start calling system
_zfN9wnPvU0,AI Slop Is Destroying The Internet,@Fire_Summoner,2025-10-07T14:41:51Z,402,supposed help repetitive job help create code software would spend less creating code implementing new feature sad company rid would able debug code experience
_zfN9wnPvU0,AI Slop Is Destroying The Internet,@ohai_mr_e,2025-10-07T19:29:57Z,286,joined supporting monthly member love keep work
_zfN9wnPvU0,AI Slop Is Destroying The Internet,@TajMateo,2025-10-07T14:01:27Z,197,thought gon flying car trallalelo trallala
_zfN9wnPvU0,AI Slop Is Destroying The Internet,@Experiment-2008,2026-05-07T00:56:24Z,1,first introduction internet realize useful tool
_zfN9wnPvU0,AI Slop Is Destroying The Internet,@gueditoguey,2025-10-07T20:44:46Z,93,possible approach nintendo crap game crashed market nintendo developed seal quality strict could published platform worked could trust game minimum level higher quality use trusted source kurzgesagt
_zfN9wnPvU0,AI Slop Is Destroying The Internet,@Targe0,2025-10-07T14:08:19Z,373,slop work website assume traffic human driven point advertiser assume traffic bot stop buying space fund bot click ad buy product happens driven internet caused attention engagement economy dy whole reason slop content exists exploit system starting happen look rise free subscription platform becoming common money drying platform wild west era bot slop real wild west going shortlived era economics change kill
_zfN9wnPvU0,AI Slop Is Destroying The Internet,@robertojacome8461,2025-10-07T16:37:57Z,49,may important million view reach enough difference
_zfN9wnPvU0,AI Slop Is Destroying The Internet,@DevinDTV,2025-10-09T21:45:21Z,34,death internet beginning new level skepticism worried seeing doubt
_zfN9wnPvU0,AI Slop Is Destroying The Internet,@jakubwoskowiak764,2026-01-23T17:44:28Z,31,love youve put bos welcome internet sounding melody started talking creativity internet
_zfN9wnPvU0,AI Slop Is Destroying The Internet,@FrankFedora,2025-10-07T18:19:56Z,90,age slop real artist real real information increasingly drowned human keep bot sleep rest take break give
_zfN9wnPvU0,AI Slop Is Destroying The Internet,@NuclearTNT64,2026-02-03T01:04:16Z,0,glad kurzgesagt going slop staying reliable learn stuff
_zfN9wnPvU0,AI Slop Is Destroying The Internet,@paulwhiterabbit,2025-10-08T12:15:19Z,43,end day text generator exact use case generate text build scaffold advertised candoanything virtual employee without hiring actual office employee wide scope work naturally designed sad part since tech heavy one nurture develop operate tech giant whose best interest benefit progress focused wrong direction
_zfN9wnPvU0,AI Slop Is Destroying The Internet,@TQV_4013,2025-10-07T17:53:03Z,134,research scientist used search topic study prompted give list top scientific publication specific topic past year spat list reference went look actual journal article citation case author real working subject citation actual publication among reference author website public wasting hour looking reference asked citation reply oops example scientific reference topic would look damaging research general want spread misinformation bot upload whatever want true start appearing top search must advocate different monetizing internet traffic disincentivize post false information better yet sort penalty spread misinformation disinformation
_zfN9wnPvU0,AI Slop Is Destroying The Internet,@discerningmood2674,2026-04-14T12:18:27Z,1,putting old fashioned troll work
_zfN9wnPvU0,AI Slop Is Destroying The Internet,@exclamatia,2025-10-07T20:20:31Z,192,huge prop guy putting followup would talk highly detrimental environmental impact data center rapidly popping polluting local community air water supply grok center memphis tennessee wonderful big guy shining light slop era need push hard
_zfN9wnPvU0,AI Slop Is Destroying The Internet,@AntiVectorTV,2025-10-07T16:11:27Z,44,age named valuable resource stone bronze iron slowly moving information age truth age
_zfN9wnPvU0,AI Slop Is Destroying The Internet,@jollen123,2025-10-07T15:03:22Z,26,significant top chart second later used speaker
_zfN9wnPvU0,AI Slop Is Destroying The Internet,@lem0nad3z,2025-10-07T21:47:16Z,57,dead internet theory theory longer
_zfN9wnPvU0,AI Slop Is Destroying The Internet,@MisterHabadu,2025-10-07T15:00:38Z,78,believe calendar feel yesterday love kurzgesagt team amazing year animation research amazing topic banger illustration
_zfN9wnPvU0,AI Slop Is Destroying The Internet,@andymanaus1077,2025-10-08T08:24:54Z,34,primitive ai set chat together human loop quickly devolved meaningless exchange invented word phrase happened feeding original input human cut microcosm internet work creative human loop providing source material however fewer original content available human content online becomes majority internet ai devolve meaningless exchange well seem plausible seem truthful seem original simply regurgitate vomit chase tail everincreasing black hole content photocopy photocopy photocopy infinitely regressing online worth turned grey goo
_zfN9wnPvU0,AI Slop Is Destroying The Internet,@KaitlynFlames,2025-10-07T15:27:25Z,376,pretty summed every creative youtubers biggest fear day especially one involved art animation love platform user creator lying feel confident future hard enough survive without taking sketchy sponsor relying clickbait want compete slop thank shedding light massive concern thank supporting real human
_zfN9wnPvU0,AI Slop Is Destroying The Internet,@shiningaster3871,2025-10-07T18:15:57Z,65,metal gear solid message continues age fine wine go
_zfN9wnPvU0,AI Slop Is Destroying The Internet,@koggwheel,2025-10-09T00:08:26Z,25,slop block account piss artist want consume
_zfN9wnPvU0,AI Slop Is Destroying The Internet,@shoam2103,2025-10-07T15:45:03Z,33,who subscribed kurzgesagt probably try ignore slop could
_zfN9wnPvU0,AI Slop Is Destroying The Internet,@CookieKittyyy,2025-10-25T12:56:42Z,75,small creator learning stealing art without consent credit worst could happen artist terrible
aNvvOQMx0jY,What Happens To Your Brain When You Mindlessly Scroll?,@juanguillen9409,2022-03-30T20:20:24Z,28407,managed completely give social medium remember last facebook instagramand snapchat feel interested going big addiction almost impossible quit
aNvvOQMx0jY,What Happens To Your Brain When You Mindlessly Scroll?,@atraiupradhan2493,2022-04-05T13:08:46Z,7750,benefit reducing mobile usage cognitive improvement increased attention span inc sleep quality better relationship dec anxietydepression
aNvvOQMx0jY,What Happens To Your Brain When You Mindlessly Scroll?,@1gomes308,2022-12-01T03:31:34Z,3214,using phone tell using phone
aNvvOQMx0jY,What Happens To Your Brain When You Mindlessly Scroll?,@Frey_64,2022-04-12T16:49:49Z,6142,social interaction plain boredom used entertained phone bored quickly need stimulus
aNvvOQMx0jY,What Happens To Your Brain When You Mindlessly Scroll?,@CarlsAnne,2022-04-01T16:03:42Z,2881,working medical lab perk assume contaminated cell phone allowed check break allows focus work truly present moment
aNvvOQMx0jY,What Happens To Your Brain When You Mindlessly Scroll?,@PandaTheGreen,2022-03-30T21:12:20Z,6007,reduction key taking slow step distance phone last month disabling notification replying couple time day leaving faced desk small change sure benefit
aNvvOQMx0jY,What Happens To Your Brain When You Mindlessly Scroll?,@peanutbutter732,2022-10-13T16:16:48Z,80,sometimes close tiktok open realizing
aNvvOQMx0jY,What Happens To Your Brain When You Mindlessly Scroll?,@chairmanm7686,2022-04-01T12:14:08Z,4363,social medium apps enables mindless scrolling allowed procrastination hand recently gut feeling need change since fall behind responsibility value long term clear gave last push well needed lifestyle change anybody else identify issue described would nice alone let dive headfirst withdrawal
aNvvOQMx0jY,What Happens To Your Brain When You Mindlessly Scroll?,@Flowtups,2022-03-30T20:23:12Z,2934,wondering internet shut day around world exactly would happen
aNvvOQMx0jY,What Happens To Your Brain When You Mindlessly Scroll?,@alphabetagamma4142,2022-11-14T14:15:52Z,34,hate love world sentence sum addiction😢
aNvvOQMx0jY,What Happens To Your Brain When You Mindlessly Scroll?,@tailormadetalorraid,2022-03-30T22:51:41Z,2084,switched flip phone week ago experienced notably decreased anxiety depression struggled decade increased attention span adhd sort negative experienced friend interact use social medium easier call text though text either feel loss fewer social interaction quality social interaction increased want interact put slightest effort talk without head phone talked interesting stranger world previously anxious thought could awesome
aNvvOQMx0jY,What Happens To Your Brain When You Mindlessly Scroll?,@statisticserinokripperino,2022-03-30T20:16:28Z,1531,quitting phone day med school student flat impossible honest communication classmate professor study material etc phone quit usage culled easiest delete social medium tikotok instagram addicted educational video ahaha
aNvvOQMx0jY,What Happens To Your Brain When You Mindlessly Scroll?,@Veltree,2022-03-31T18:11:28Z,1279,problem interaction apps themself mindless aspect stay connected limiting delete phone use laptop small extra step enough stop mindless dopamine satisfaction stay connected need
aNvvOQMx0jY,What Happens To Your Brain When You Mindlessly Scroll?,@zariffaqirzada,2026-01-22T11:46:47Z,11,country internet noticed bus train absorbed phone surprised country ride bus passenger talk laugh together creating friendly atmosphere upset personal experience discovered stress increase social medium use talking
aNvvOQMx0jY,What Happens To Your Brain When You Mindlessly Scroll?,@naomijenkins7848,2022-04-18T10:47:32Z,746,quit social medium advise find replace make feel addiction quitting leaf hole need fill decided start learning japanese procrastinate enjoy memorising word feel improving find could puzzle game book long harming
aNvvOQMx0jY,What Happens To Your Brain When You Mindlessly Scroll?,@gntv24-u6o,2022-04-29T10:42:02Z,850,year barely telephone houseno stress tension feeling missing going moment enjoying upbringing childhood fun playing outside focus concentration sleep use smartphone feel missing big world
aNvvOQMx0jY,What Happens To Your Brain When You Mindlessly Scroll?,@PrismYuuzuki,2022-09-06T08:22:40Z,13,reduced social medium usage since wasted day scrolling world issue tweet prioritize hobby
aNvvOQMx0jY,What Happens To Your Brain When You Mindlessly Scroll?,@saraackerman8019,2022-04-02T17:17:46Z,602,deleted social medium apps developing carpal tunnel first week kept checking phone though check eventually went away feeling better replaced social medium reading reading book week quit phone attention span finish
aNvvOQMx0jY,What Happens To Your Brain When You Mindlessly Scroll?,@m0w0ss,2022-03-30T20:41:20Z,96,hard quit feel without phone wish could throw trash need aspect daily life
aNvvOQMx0jY,What Happens To Your Brain When You Mindlessly Scroll?,@isislikesyou8605,2022-03-30T20:47:28Z,298,trying quit using phone recommend hobby pull attention advise gardening aquaculture vermiculture afraid earthworm find cute adorable cooking baking small population farm preferably chicken duck turkey pretty independent left advise though keep eye hope help
aNvvOQMx0jY,What Happens To Your Brain When You Mindlessly Scroll?,@darkwoodmovies,2022-03-30T20:13:50Z,673,maybe antisocial anxiety phone notification whenever person stress put donotdisturb else work hour often lose phone somewhere house doesnt bother bit keep control nonessential automatically disable notification disable notifs group message ill check
aNvvOQMx0jY,What Happens To Your Brain When You Mindlessly Scroll?,@puzzLEGO,2022-04-19T03:08:11Z,66,easiest quit use laziness benefit quickly delete app creates small barrier redownloading somehow stopped using app
aNvvOQMx0jY,What Happens To Your Brain When You Mindlessly Scroll?,@Hassanov.a,2022-04-18T11:02:36Z,15,conscious brain produce thought adhd allow introduce
aNvvOQMx0jY,What Happens To Your Brain When You Mindlessly Scroll?,@DragonKingGaav,2022-03-30T20:15:05Z,112,quit facebook year ago best
aNvvOQMx0jY,What Happens To Your Brain When You Mindlessly Scroll?,@upintheskies123,2022-07-19T21:04:10Z,325,depends current environment recently went day trek remote rainforest colombia use phone miss moment somewhere new somewhere amazing anxiety civilization notification would harder achieve big city live sure
aNvvOQMx0jY,What Happens To Your Brain When You Mindlessly Scroll?,@itsmeyourfriend1,2024-02-01T15:17:32Z,6,feel stress level raised long scrolling social medium contrast stress level droped exercising reading book writing long walk favourite music
aNvvOQMx0jY,What Happens To Your Brain When You Mindlessly Scroll?,@prodbygumzzz,2022-04-13T18:38:55Z,18,naturally wired incredible simple piece metal keep addicted become dumb unable concentrate
aNvvOQMx0jY,What Happens To Your Brain When You Mindlessly Scroll?,@divyanshbhuwalka,2022-03-30T20:05:59Z,20,addicted phone sure addicted betcha
aNvvOQMx0jY,What Happens To Your Brain When You Mindlessly Scroll?,@parn2160,2023-01-21T21:00:06Z,283,read amazing book overstimulation inversely proportional perception make sense deprive sens external stimulus phone perceptive become ability imagine create soar high suddenly crippled need stimulus overstimulation concept used arcade casino etc spend greater amount positive stimulus
aNvvOQMx0jY,What Happens To Your Brain When You Mindlessly Scroll?,@stumk3,2024-09-03T03:09:11Z,9,issue phone addiction followed promotion app
aNvvOQMx0jY,What Happens To Your Brain When You Mindlessly Scroll?,@genericplantlife,2022-03-31T02:42:16Z,118,find phone use increase drastically job research write various topic topic without touching phone hour find topic uninteresting find opening twitter real reason every minute definitely addicted phone reading crocheting lose focus half hour want look phone mental energy focus sure try incrementally decrease unproductive screen
aNvvOQMx0jY,What Happens To Your Brain When You Mindlessly Scroll?,@emcyrose,2022-03-31T00:11:49Z,82,bring study relating depression phone usage important note probably fact depressed make use phone rather using phone depressed idk mind went
aNvvOQMx0jY,What Happens To Your Brain When You Mindlessly Scroll?,@luvnatexo,2022-03-30T20:23:46Z,613,daily average screen week far hour minute last week average hour minute week hour minute safe addiction definitely negative impact sleep socialpersonal life mental health physical health detail aint perhaps scarier part teen least similar boat hard quit especially trying alone edit occasionally fall asleep phone automatic screen lock thingy add insane screen
aNvvOQMx0jY,What Happens To Your Brain When You Mindlessly Scroll?,@Bagofcubes,2025-07-19T19:52:00Z,4,deleted social medium best decision life
aNvvOQMx0jY,What Happens To Your Brain When You Mindlessly Scroll?,@dtn6000,2022-03-31T02:22:51Z,48,hard part convince productive phone whether reading news checking email course informative video realize probably better social medium easy sucked
aNvvOQMx0jY,What Happens To Your Brain When You Mindlessly Scroll?,@reneastorgaterre1954,2022-05-24T14:54:40Z,29,scrolling phone changing channel point zombie looking
aNvvOQMx0jY,What Happens To Your Brain When You Mindlessly Scroll?,@SSJShadow,2022-03-30T20:30:39Z,193,felt instagram spent year glued quit super super tough finally away happier
aNvvOQMx0jY,What Happens To Your Brain When You Mindlessly Scroll?,@lizcarrera6210,2022-12-02T14:04:29Z,24,trying explain family member text tiktoks day stop thank
aNvvOQMx0jY,What Happens To Your Brain When You Mindlessly Scroll?,@TheLastTherapistStanding,2022-04-26T17:15:28Z,215,phenomenal turning banner removing apps phone anxiety provoking want keep reducing use
aNvvOQMx0jY,What Happens To Your Brain When You Mindlessly Scroll?,@ikjman1,2022-03-30T20:46:29Z,55,phone desturb year help moment important
aNvvOQMx0jY,What Happens To Your Brain When You Mindlessly Scroll?,@GRecordsInc,2022-03-31T15:38:05Z,34,ability trigger paradigm shift thank asap benefit
aNvvOQMx0jY,What Happens To Your Brain When You Mindlessly Scroll?,@figthegiant9324,2022-04-23T14:53:30Z,7,knew phone addiction realised deep psychological component go… indeed mildly distressing
aNvvOQMx0jY,What Happens To Your Brain When You Mindlessly Scroll?,@chloelee-g3f,2026-04-02T23:52:37Z,1,mainly enjoy social medium though instagram tiktok facebook phone
aNvvOQMx0jY,What Happens To Your Brain When You Mindlessly Scroll?,@statisticserinokripperino,2022-03-30T20:08:31Z,187,aint phone addiction everybody mention texting friend unhealthy going serious relationship problem past week texting friend greatest method stress relief
aNvvOQMx0jY,What Happens To Your Brain When You Mindlessly Scroll?,@tannersmith8415,2022-03-30T20:42:35Z,295,maybe feel use phone differently describes phone addiction often text notification spend looking post insta tik tok feel comparing others spend lot phone follow account hobby keep updated formula bmx powerlifting meme etc mostly spend informative video feel learning idk maybe cope phone addiction feel corrupting mental health social medium destructive constructive depending use
aNvvOQMx0jY,What Happens To Your Brain When You Mindlessly Scroll?,@rachelmckitterick,2022-04-21T21:06:23Z,15,accurate addiction real avoid social medium except better
aNvvOQMx0jY,What Happens To Your Brain When You Mindlessly Scroll?,@paxielle,2022-03-30T22:33:19Z,6,talk phonetablet addiction toddler affect development
aNvvOQMx0jY,What Happens To Your Brain When You Mindlessly Scroll?,@liloreoinya,2022-03-30T22:01:03Z,12,amazing wife tell detached super fired reason would recommend
aNvvOQMx0jY,What Happens To Your Brain When You Mindlessly Scroll?,@monika_misti,2022-04-03T09:20:57Z,146,listen absolutely love linked scholarly article description grateful work unique style passing knowledge
aNvvOQMx0jY,What Happens To Your Brain When You Mindlessly Scroll?,@P.vs.T,2022-10-29T13:08:10Z,2,mindlessly scrolling saw hit rock
aNvvOQMx0jY,What Happens To Your Brain When You Mindlessly Scroll?,@JohnSmith-es2fh,2022-03-30T21:06:00Z,24,imagine problematic symptom drug withdrawal havent used phone
aNvvOQMx0jY,What Happens To Your Brain When You Mindlessly Scroll?,@AbhinK-ut8gh,2026-04-05T13:37:01Z,1,reduce volume completely reduce overthinking help alot
aNvvOQMx0jY,What Happens To Your Brain When You Mindlessly Scroll?,@tuhin94,2023-11-04T10:34:02Z,4,funny issue resolved simply touching grass video highly insightful keep work learn
aNvvOQMx0jY,What Happens To Your Brain When You Mindlessly Scroll?,@OnboardG1,2022-09-26T21:26:21Z,86,issue doomscrolling classic reassurance seeking behaviour anxiety trying cut difficult last year cauldron uncertainty fear delivered real phone started leaving behind going place helped
aNvvOQMx0jY,What Happens To Your Brain When You Mindlessly Scroll?,@theakchannels,2022-04-03T22:02:50Z,9,fact topic covered youtuber usually cover addiction myth ecstasy highly addictive drug make believe topic important discussed
aNvvOQMx0jY,What Happens To Your Brain When You Mindlessly Scroll?,@kwltra,2022-04-15T19:22:40Z,6,fear missing biggest obstacle quitting social medium teen trying quit everyday tho fall
aNvvOQMx0jY,What Happens To Your Brain When You Mindlessly Scroll?,@faithforgrace,2022-04-26T04:10:46Z,7,changed social medium usage start year must life changed picked running creating video extra life
aNvvOQMx0jY,What Happens To Your Brain When You Mindlessly Scroll?,@Georgiepistols,2024-01-26T05:21:35Z,2,gone month social let tell wonder
aNvvOQMx0jY,What Happens To Your Brain When You Mindlessly Scroll?,@MrBelles104,2022-03-31T23:00:18Z,546,since checking phone low cost effort cause decide check love piece advice thomas frank give log social medium apps every close want check app log increase effort needed help check phone necessary
aNvvOQMx0jY,What Happens To Your Brain When You Mindlessly Scroll?,@kitsuneyakisoba,2022-03-30T22:39:24Z,91,hard starting giving twitter tiktok social medium bright side weaned apps feel need compulsion check often used timer app want check trying replace social medium else hard eventually dang started paying fabulous yesterday app helping smart phone addiction scared using app well pretty far programmer wonder there design social medium apps doesnt use endless scrolling mean app company want cause theyll lose money healthier long run mentally physically
aNvvOQMx0jY,What Happens To Your Brain When You Mindlessly Scroll?,@cloud__,2022-03-31T03:08:02Z,4,since beginning pandemic thank deciding turn social medium notifs join tiktok cost helped less anxious present use phone regularly healthier amount win
aNvvOQMx0jY,What Happens To Your Brain When You Mindlessly Scroll?,@Jezibelle10,2022-03-30T22:09:17Z,29,anecdotal point view spot disagreement meta deleted apps phone turned notification social apps constantly went phone first week stopped grabbing exercising picked old hobby relationship better feel focused probably cut social mediaphone life feel better
aNvvOQMx0jY,What Happens To Your Brain When You Mindlessly Scroll?,@CaptJ603,2025-03-08T03:40:10Z,2,scrolling comment trying listen video…i effed
aNvvOQMx0jY,What Happens To Your Brain When You Mindlessly Scroll?,@ThePendulum-Prime,2022-03-30T20:21:04Z,5,phone somewhat ironic somewhat addicting probably dosnt help
aNvvOQMx0jY,What Happens To Your Brain When You Mindlessly Scroll?,@xemity2,2022-05-27T17:22:24Z,4,every find mindlessly scrolling short want else reading brain shut moment take bit quit supposed wanted
aNvvOQMx0jY,What Happens To Your Brain When You Mindlessly Scroll?,@Quadmonium,2022-04-05T01:31:58Z,9,asap phone asap thank phone app sponsoring app love checking phone using app hold accountable love informative
aNvvOQMx0jY,What Happens To Your Brain When You Mindlessly Scroll?,@tanbytogether0320,2024-02-15T12:47:41Z,2,recommended mindlessly scrolling tell alot relationship algorithm
aNvvOQMx0jY,What Happens To Your Brain When You Mindlessly Scroll?,@vivianmagnani4160,2022-04-15T01:55:06Z,9,beginning stage discribed insanely accurate exactly happened took break social medium summer
aNvvOQMx0jY,What Happens To Your Brain When You Mindlessly Scroll?,@leka1011slay,2022-04-04T11:25:41Z,118,overstimulation brain enemy attention span gave social medium big impact finally read book focus mode noticed left social medium want download anymore guess occupied random video hour day life easier happier
aNvvOQMx0jY,What Happens To Your Brain When You Mindlessly Scroll?,@bruh-yu5du,2022-03-31T09:21:21Z,14,trying rid addiction little little around maybe week ago uninstalled tiktok use spend hour mindlessly scrolling losing better instagram reel effect ill uninstall instagram spending less phone sure hardest
aNvvOQMx0jY,What Happens To Your Brain When You Mindlessly Scroll?,@wrestling_is_fake,2022-08-27T11:54:18Z,3,writes happens brain mindlessly scroll explains happens brain quitting phone
aNvvOQMx0jY,What Happens To Your Brain When You Mindlessly Scroll?,@nadialynn_OT,2022-04-19T21:21:32Z,69,glad across since covid started trying find reason attached phone knew problem eye opening psychological strategy platform use keep scrolling recently took break social medium substituted impulsiveness using news app seeing story opinion gave mental break needed break social medium allowed appreciate beautiful friendship others short allowed present human being meant interact create personal connection social medium opposite sometimes definitely recommend social medium break thanks
aNvvOQMx0jY,What Happens To Your Brain When You Mindlessly Scroll?,@oliviarichey7136,2022-04-26T21:01:18Z,10,final push addicted phone year starting today long without social medium
aNvvOQMx0jY,What Happens To Your Brain When You Mindlessly Scroll?,@BrazyMario,2022-04-10T15:16:01Z,12,capstone social medium spent phone lead anxiety depression interpersonal problem
aNvvOQMx0jY,What Happens To Your Brain When You Mindlessly Scroll?,@M0_1715,2022-04-01T13:14:14Z,4,use phone friend family disturb except parent sibling trust better comfortable spend family read book practice hobby often regret year ago
aNvvOQMx0jY,What Happens To Your Brain When You Mindlessly Scroll?,@Gabby_Creates_Stuff,2025-03-12T02:37:30Z,6,smart letting ppl important helpful dumb true🫂
aNvvOQMx0jY,What Happens To Your Brain When You Mindlessly Scroll?,@Rayne2890,2022-03-30T23:05:42Z,4,tried failed quit phone occasion past month needed try update soon
aNvvOQMx0jY,What Happens To Your Brain When You Mindlessly Scroll?,@user-qm8pe7ii4u,2022-04-02T04:28:45Z,7,month started quitting phone often deleted instagram tik tok twitter receive important college information self control spend difficult accept since quit social medium started read stuff daily expect improve routine focus life
aNvvOQMx0jY,What Happens To Your Brain When You Mindlessly Scroll?,@Hhansen05,2022-04-27T18:45:00Z,12,felt urge check phone realized felt kept hearing vibrate notification needed rewind time mind drifted away going need break thanks information
aNvvOQMx0jY,What Happens To Your Brain When You Mindlessly Scroll?,@Pinksterious,2022-04-11T07:00:06Z,16,long day feel different without social medium guess there turning lifestyle suit best wish best definitely
aNvvOQMx0jY,What Happens To Your Brain When You Mindlessly Scroll?,@maraijaweeks7506,2022-09-28T08:43:44Z,4,quit social medium tiktok use partner well surprised amazing exhausted first day brain constant stimulation reward shoved day every day could needed rest exhausted spent sleeping could tell needed
aNvvOQMx0jY,What Happens To Your Brain When You Mindlessly Scroll?,@AbyssGnasher,2022-03-30T21:14:49Z,5,need phone basic communication sadly example disabled epilepsy seizure would need call serious nobody around least call could help immediately quitting phone sound addiction based around social medium explained better documentary social dilemma would quit social medium phone could use social medium example
aNvvOQMx0jY,What Happens To Your Brain When You Mindlessly Scroll?,@turquoisemoon8453,2022-04-11T06:47:47Z,6,perfectly happy without social medium started using often recently need cut well funny feel phantom vibration phone vibrate mode broken long forgot feel
aNvvOQMx0jY,What Happens To Your Brain When You Mindlessly Scroll?,@SaurianStudios1207,2022-03-30T21:51:04Z,4,though use phonetablet regular basis quit social medium deleting snapchat used deactivated instagram account since learned negative social medium addiction mental health issue anxiety depression cause thankfully used long able quit became addicted confidently life better without social medium feel individual person upset lifestyle post instagram turn fake avoid unnecessary drama matter interested remained fairly productive real challenge however spend less phone tablet looking instead read learn cook exercise improve sleep since
aNvvOQMx0jY,What Happens To Your Brain When You Mindlessly Scroll?,@maren8597,2022-09-06T00:17:51Z,1,instagram tik tok social medium anymore mindlessly scroll though suggestions… thanks snapping guess
aNvvOQMx0jY,What Happens To Your Brain When You Mindlessly Scroll?,@sherine9033,2022-03-31T12:47:33Z,35,tempted time since covid revolves around phone away home college stay contact mom every related college phone bestie another city stay contact phone difficult rid phone stopped looking instagram since month ago lead look
aNvvOQMx0jY,What Happens To Your Brain When You Mindlessly Scroll?,@totallyrealperson-1,2022-11-17T16:22:37Z,3,developed carpel tunnel syndrome using phone described pop socketfinger grip solved problem phone addiction
aNvvOQMx0jY,What Happens To Your Brain When You Mindlessly Scroll?,@kyoko2541,2022-06-25T20:56:18Z,12,sick school mom take away phone wouldve school reason experienced sick day happier throughout day instead mindlessly scrolling day stayed phone whole day allowed phone found entertaining instead scrolling social medium hour
aNvvOQMx0jY,What Happens To Your Brain When You Mindlessly Scroll?,@saloni.sharma,2022-04-26T19:49:46Z,13,social medium sensory overload make anxious couldnt figure year earlier used scroll mindlessly anxious anxious picked offline hobby help use scarcely catch friend follow artist educational content better
aNvvOQMx0jY,What Happens To Your Brain When You Mindlessly Scroll?,@marykatesepp6305,2022-03-30T20:55:04Z,4,went basic phone week easier thought would easy else phone
aNvvOQMx0jY,What Happens To Your Brain When You Mindlessly Scroll?,@AlfredoAVA,2022-04-26T04:26:04Z,19,sure eyeopening pun intended conscious effort cut phone use noticed hindering attention span productivity late though funnily enough without phone feel stressed anxious huge feeling relief string cut peace
aNvvOQMx0jY,What Happens To Your Brain When You Mindlessly Scroll?,@michaelbedford2993,2024-08-20T16:08:49Z,1,completely entranced keep foot solid ground stay behind wheel godspeed
aNvvOQMx0jY,What Happens To Your Brain When You Mindlessly Scroll?,@geetugupta7244,2023-02-07T07:27:35Z,3,paying attention reel dudelike whats wrong generationlmao
aNvvOQMx0jY,What Happens To Your Brain When You Mindlessly Scroll?,@mariellenstathopoulos967,2022-03-31T19:30:31Z,5,working reducing social medium use month definitely personally zero use best try use sparingly easy sucked
aNvvOQMx0jY,What Happens To Your Brain When You Mindlessly Scroll?,@SinStruck666,2022-06-16T02:35:40Z,5,often forget check phone hour nature left social networking age ago psychologically damaging plus opinion probably phonedepression link exists guess side note scroll addict game addicted though set second language use language learning app make curious smartphone dumber use smarter way including randomly looking information curiosity amazes mankind went sending morse code dot communication world wide web less year yet sad part use porn cat video job humanity world information finger tip choose seriously want learn use instead doesnt dumber forget moment around personal note neck pain long cell phone yay genetics
aNvvOQMx0jY,What Happens To Your Brain When You Mindlessly Scroll?,@99bskr,2022-05-05T14:13:31Z,8,btw fabulous love break science fun
aNvvOQMx0jY,What Happens To Your Brain When You Mindlessly Scroll?,@Male_Parent,2022-04-03T04:18:17Z,26,happy teacher highschool anti phone class affect way habit form hard change definitely middle graph cognitive ability phone use use phone used class barely use work could expect notification hour friend asleep notification meaning linked vibration sound mean free dopamine formed habit recently short hour leaving bed need change habit
aNvvOQMx0jY,What Happens To Your Brain When You Mindlessly Scroll?,@MrVoid06,2022-04-13T10:48:33Z,15,absolutely agree love scientific explanation social medium degrading normal human functionality fantastic considering social environment today btw college science teacher recommended agree guy impressive
aNvvOQMx0jY,What Happens To Your Brain When You Mindlessly Scroll?,@clear_heavens,2023-11-06T20:16:33Z,0,phone broken phone week beginning strange end soooo peacefull rlly loved
aNvvOQMx0jY,What Happens To Your Brain When You Mindlessly Scroll?,@dominikbaricak9589,2023-01-08T02:30:53Z,15,using modern technology use tablet phone front eye realy long day use samsung note note completely switched paper digital note must completely changed life fantastic organization note thought improved drastically better mark school
aNvvOQMx0jY,What Happens To Your Brain When You Mindlessly Scroll?,@itskatea7880,2022-05-21T17:31:42Z,12,feel giving social medium would easier feel anxiety dono messaging eachother constantly less stress
aNvvOQMx0jY,What Happens To Your Brain When You Mindlessly Scroll?,@gijsvaniwaarden9523,2022-04-11T16:36:12Z,5,wrong want spend less scrolling etc phone switched notification snapchat instagram phone constantly night mode irritating sometimes use phone example school interacting friend hard probably totally mostly quit phone wanted
aNvvOQMx0jY,What Happens To Your Brain When You Mindlessly Scroll?,@andromeda7954,2022-04-07T22:06:59Z,4,agree disagree concept social medium agree fact easily contact family friend talk interesting online disagree fact social medium apps use sneaky way hooked app messing brain aspect others online better life feel reality life completely different near opposite life online try hurt others reason use social medium everyday past year although year ago social medium stuff completely different although progressive technologically find better place mentally
aNvvOQMx0jY,What Happens To Your Brain When You Mindlessly Scroll?,@oliviawa1000,2022-04-01T22:33:12Z,6,agree point wonder study measure intelligence seems incredibly hard quantify study regarding phone usage suicide rate able determine causation correlation possible personally likely social medium site contribute mental health problem could true teenager poor living situation predisposed depression use phone frequently distraction dopamine hit talked beginning way experience dopamine therefore reinforcing behavior
aNvvOQMx0jY,What Happens To Your Brain When You Mindlessly Scroll?,@Yanaverg,2023-09-30T12:00:41Z,2,use social medium except trying quit idea social medium apps seems incomprehensible talked irl big problem
aNvvOQMx0jY,What Happens To Your Brain When You Mindlessly Scroll?,@ShadowDrakken,2022-04-01T17:56:26Z,6,would love smart watch affect result entirely anecdotal notice since smartwatch check phone less likely delay responding immediate task faster less confusion
aNvvOQMx0jY,What Happens To Your Brain When You Mindlessly Scroll?,@elle_from_cawa-li9061,2022-03-31T00:55:24Z,53,curious would positive result replaced phone book etc interested replacement would compare prediction would quite giving notification specific individual predict excess differing negative impact moderation
aNvvOQMx0jY,What Happens To Your Brain When You Mindlessly Scroll?,@KlumpeliI,2022-03-31T09:15:07Z,12,helped remove entertainment apps phone necessary one stored folder less accessible help phone another room using phone less minute day goal less use call course use computer facebook instagram anymore eerily difficult first especially finger kept typing name website completely unknowingly motivated less screen irl
aNvvOQMx0jY,What Happens To Your Brain When You Mindlessly Scroll?,@tonimi137,2022-03-30T20:25:21Z,10,question study say kid likely depressed phone without could depression use phone coping mechanism course kid without depression need use correlation causation suffers severe anxiety depression use phone coping mechanism wary claim going phone improve attention span adhd extremely skeptical claim improve attention span
aNvvOQMx0jY,What Happens To Your Brain When You Mindlessly Scroll?,@chanwoo6824,2022-05-23T01:11:51Z,10,reason anxiety parting phone missing phone flashlight camera voice recorder note pad art album calendar calculator dictionary use every single day luxury place pretty frustrated source individually bottom line feel phone need make feel unprepared going empty purse
aNvvOQMx0jY,What Happens To Your Brain When You Mindlessly Scroll?,@LyNguyen-tj9tc,2022-06-07T06:39:46Z,8,decline using phone worked feel happier less anxious better sleep quality attention easily
aNvvOQMx0jY,What Happens To Your Brain When You Mindlessly Scroll?,@mangakaar186,2022-03-30T20:12:44Z,12,work education phone wan quit overwatching work education internet play big part well
aNvvOQMx0jY,What Happens To Your Brain When You Mindlessly Scroll?,@CED-hb5oq,2022-11-22T02:46:19Z,22,absolutely incredible learns reading youve presented study process gave ability pay proper attention become motivated
aNvvOQMx0jY,What Happens To Your Brain When You Mindlessly Scroll?,@m0thernature730,2022-03-30T21:13:16Z,5,forced month without phone friend tell grabbed box relatively shape kept friend warn feel first month third month miss online friend able occupy mind else understand went returned less medium personal connection phone learning less drivel
aNvvOQMx0jY,What Happens To Your Brain When You Mindlessly Scroll?,@kazutok7782,2023-04-14T07:24:53Z,0,starting day detox starting today ill update monday
aNvvOQMx0jY,What Happens To Your Brain When You Mindlessly Scroll?,@StratosAsa,2023-04-01T13:40:05Z,21,day smartphone feel soooo free calm
aNvvOQMx0jY,What Happens To Your Brain When You Mindlessly Scroll?,@AsapSCIENCE,2022-03-30T21:27:07Z,622,start building ideal daily routine first click link fabulous premium
aNvvOQMx0jY,What Happens To Your Brain When You Mindlessly Scroll?,@P51DFreak25,2023-08-24T20:29:37Z,3,prompt question use phone connect friend plan send email join meeting etc admit addiction would fix mediate factor
aNvvOQMx0jY,What Happens To Your Brain When You Mindlessly Scroll?,@jammies1431,2022-03-30T20:50:13Z,16,remember phantom vibration middle school presmartphone day hour without checking would vibrate wild
aNvvOQMx0jY,What Happens To Your Brain When You Mindlessly Scroll?,@urbanayre,2023-09-05T16:03:52Z,1,person using desktop take absolute win
aNvvOQMx0jY,What Happens To Your Brain When You Mindlessly Scroll?,@joni5379,2022-03-31T21:18:08Z,8,personally problem quitting social medium done multiple time month handle problem quit using phone different story though could imagine life without music able communicate friend family living far away
aNvvOQMx0jY,What Happens To Your Brain When You Mindlessly Scroll?,@alejandrovaldez1339,2022-03-30T20:25:40Z,6,phone quit social medium week social anxiety crazy expressive communication changed meaning expressive talk
aNvvOQMx0jY,What Happens To Your Brain When You Mindlessly Scroll?,@jlf6235,2022-03-31T03:42:43Z,31,loved following guy request kind game would interesting
aNvvOQMx0jY,What Happens To Your Brain When You Mindlessly Scroll?,@kg-Whatthehelliseventhat,2023-06-12T20:02:17Z,0,dopamine reset month ago highly recommend
aNvvOQMx0jY,What Happens To Your Brain When You Mindlessly Scroll?,@ChrisProuse,2022-03-30T20:25:53Z,22,well often backcountry canoe camp remote place grid couldnt connect wanted experience make easier quit day onwards absolutely blissful wish could experience feel give shot try avoid bug season waiting august learn who experienced start small venturing backcountry
aNvvOQMx0jY,What Happens To Your Brain When You Mindlessly Scroll?,@EiriniG,2022-03-30T20:25:43Z,18,experienced heavy fomo quitted instagram app every browse anxious ldr use quit apps together social medium healthier mental state opinion
aNvvOQMx0jY,What Happens To Your Brain When You Mindlessly Scroll?,@rockyember,2022-03-30T21:23:45Z,8,would enough convince put phone away day
aNvvOQMx0jY,What Happens To Your Brain When You Mindlessly Scroll?,@DavidinNYC,2022-04-03T05:33:41Z,4,let real without smart phone
aNvvOQMx0jY,What Happens To Your Brain When You Mindlessly Scroll?,@mwbgaming28,2023-04-24T10:23:42Z,3,phone problem social medium apps smartphone tool gun knife caretc use tool determines harmful others effect described deleting social medium apps turning data including wifi
aNvvOQMx0jY,What Happens To Your Brain When You Mindlessly Scroll?,@KayionisHigherSelf,2022-03-30T20:01:44Z,4,appreciate video informative helpful school play video
aNvvOQMx0jY,What Happens To Your Brain When You Mindlessly Scroll?,@warriorqueen7622,2024-09-16T04:34:44Z,1,love attitude wish learning taught guy
aNvvOQMx0jY,What Happens To Your Brain When You Mindlessly Scroll?,@TheStonersCommittee,2022-12-08T18:41:38Z,1,crazy far chief keef influence reached man thotties 😂😂😂😂
aNvvOQMx0jY,What Happens To Your Brain When You Mindlessly Scroll?,@felizr_com,2024-03-01T04:45:52Z,0,thanks addicted year hope help second gone gone
aNvvOQMx0jY,What Happens To Your Brain When You Mindlessly Scroll?,@liuhnaaa01,2025-05-21T16:52:09Z,1,turned notification sound vibration phone year ago phantom sound sooo real since tho learned lessen phone usage turning off… helped
aNvvOQMx0jY,What Happens To Your Brain When You Mindlessly Scroll?,@johnnyp3839,2024-01-05T16:53:06Z,0,social medium google voice play part keep constantly talking desire mate traveling money house shopping etceven search receive ad article recommendation consume creates spiral rabbit hole effect phone listening conversation
aNvvOQMx0jY,What Happens To Your Brain When You Mindlessly Scroll?,@bbygrlpt2,2023-05-28T18:47:33Z,1,deleted social medium felt sooo better general sleep feelin better etc twitter check show tho interact stressful lookin feed random violent explicit video make sick stomach sometimes wonder mess teenager mind
aNvvOQMx0jY,What Happens To Your Brain When You Mindlessly Scroll?,@tbap.3,2024-11-11T11:00:49Z,2,sound mental health guess could break phone break deal
aNvvOQMx0jY,What Happens To Your Brain When You Mindlessly Scroll?,@palestar828,2024-08-04T05:08:35Z,1,love sponsored app load phone mindlessly scrolling
aNvvOQMx0jY,What Happens To Your Brain When You Mindlessly Scroll?,@arvonoon,2024-01-19T00:26:35Z,1,harder try quit phonesocial medium quit vaping
aNvvOQMx0jY,What Happens To Your Brain When You Mindlessly Scroll?,@miriams.4341,2023-04-15T05:11:39Z,2,struggle study phone pretty tabular rasa touch phone similar level helpfulness practicality read letter would presumably less anxious depressed stopped reading world every morning open paper would however next election kind difficult clue going phone stay forgetful person countryside would complete catastrophe recipe phone shopping list birthday appointment completely disproportionate audiobook library hell current knitting pattern choir rehearsal tonight group chat support friend country despite pretty busy internet make financially justifiable problem phone set tabular rasa constantly notification switch notification important stuff rest quietly coalesce list ready check use phone impractical shifting responsibility attractive simplicity usually reflect reality moderation conscious choice come usage honest oneself key throwing piece tech across room exactly set
aNvvOQMx0jY,What Happens To Your Brain When You Mindlessly Scroll?,@Ilovefroyo1,2024-04-20T03:59:59Z,1,parent work computer day night
aNvvOQMx0jY,What Happens To Your Brain When You Mindlessly Scroll?,@Nate-it3tw,2023-02-26T01:45:55Z,1,quit social medium snapchat comunícate
aNvvOQMx0jY,What Happens To Your Brain When You Mindlessly Scroll?,@Life_of_Matthew,2025-01-02T00:37:21Z,1,young stop mindlessly scrolling bored natural human
aNvvOQMx0jY,What Happens To Your Brain When You Mindlessly Scroll?,@amymason1,2023-01-11T01:38:24Z,0,month ago quit phone need call deleted social medium apps month best done need soon
aNvvOQMx0jY,What Happens To Your Brain When You Mindlessly Scroll?,@superpotterjackson,2023-12-01T19:37:29Z,1,collage last year staff phone free event whoever wanted could give phone sunday thursday decided participate locked phone office ended leaving week forgot ask want
aNvvOQMx0jY,What Happens To Your Brain When You Mindlessly Scroll?,@maringarcia4701,2023-08-10T16:25:35Z,1,deleted tik tokmy main form social medium day ago feel patient partner
aNvvOQMx0jY,What Happens To Your Brain When You Mindlessly Scroll?,@perowlar615,2023-10-29T11:03:21Z,1,point happy parent arent phone turn
aNvvOQMx0jY,What Happens To Your Brain When You Mindlessly Scroll?,@sharonndunge1933,2023-09-06T12:49:33Z,2,weird sound started social medium noticed passive scrolling kind affected attention span especially twitter insanely worse week take break head functioning properly
aNvvOQMx0jY,What Happens To Your Brain When You Mindlessly Scroll?,@wongpentelglobal,2023-06-06T19:39:22Z,0,funny anxious notif heavy platform
aNvvOQMx0jY,What Happens To Your Brain When You Mindlessly Scroll?,@janfranco9773,2022-10-07T03:50:48Z,0,exquisitely executed… kept hooked beginning end
aNvvOQMx0jY,What Happens To Your Brain When You Mindlessly Scroll?,@CharleyBars1,2023-04-17T00:00:16Z,1,crazy across vid mindless scrolling
aNvvOQMx0jY,What Happens To Your Brain When You Mindlessly Scroll?,@gabegonzalez2252,2023-06-05T08:27:16Z,1,dude hilarious content phone addicted generation live
aNvvOQMx0jY,What Happens To Your Brain When You Mindlessly Scroll?,@SaraJungPsychology,2026-05-03T06:04:40Z,0,phantom vibration broke brain little nervous system grieving dopamine loop
aNvvOQMx0jY,What Happens To Your Brain When You Mindlessly Scroll?,@TheDouVu,2023-06-30T00:09:04Z,1,hour phone feel phantom vibration
aNvvOQMx0jY,What Happens To Your Brain When You Mindlessly Scroll?,@ĐộcCưCầuAn,2022-11-29T20:32:02Z,1,interesting youtubers video phone social medium addiction check description follow instagram tik tok etc…
aNvvOQMx0jY,What Happens To Your Brain When You Mindlessly Scroll?,@pinkette,2022-04-06T12:27:36Z,16,mouse addiction study substance addictive rodent else cage likely addicted substance rodent cage rodent interesting toy play phone stretch cause suicidal phone perhaps hadnt found else life rewarding enough keep phone likely increase suicidal feeling correlation confused causation
aNvvOQMx0jY,What Happens To Your Brain When You Mindlessly Scroll?,@Xavierpng,2022-04-26T05:26:48Z,353,social interaction plain boredom used entertained phone bored quickly need stimulus
aNvvOQMx0jY,What Happens To Your Brain When You Mindlessly Scroll?,@kayceemorgan1614,2022-11-29T20:26:32Z,1,personality video incredible content alone personality make thank
aNvvOQMx0jY,What Happens To Your Brain When You Mindlessly Scroll?,@arichan89,2022-08-12T07:16:25Z,1,video long love sceinece love personality thank
aNvvOQMx0jY,What Happens To Your Brain When You Mindlessly Scroll?,@karenpkarenp7759,2022-10-16T18:58:24Z,0,worked shut phone heard word appreciate help
aNvvOQMx0jY,What Happens To Your Brain When You Mindlessly Scroll?,@Pigruli,2025-03-21T17:54:03Z,1,deleted instagram yesterday idea sleep scary
aNvvOQMx0jY,What Happens To Your Brain When You Mindlessly Scroll?,@Makaibros,2023-11-04T04:30:26Z,0,genuinely consistently using tiktok else outrageous
aNvvOQMx0jY,What Happens To Your Brain When You Mindlessly Scroll?,@thingonathinginathing,2024-02-15T01:45:20Z,1,mindlessly scrolling comment forgetting dude last minute
aNvvOQMx0jY,What Happens To Your Brain When You Mindlessly Scroll?,@hannahlynae2081,2023-04-17T01:12:16Z,0,amazing thank you❤❤ love vibe
aNvvOQMx0jY,What Happens To Your Brain When You Mindlessly Scroll?,@lashes0409,2023-01-07T06:44:22Z,0,havent guy long college last almost happy guy
aNvvOQMx0jY,What Happens To Your Brain When You Mindlessly Scroll?,@SolarBoyAaron,2026-01-07T00:01:46Z,1,amount comment admitting attention span outright surprising slightest
aNvvOQMx0jY,What Happens To Your Brain When You Mindlessly Scroll?,@xcom_rx7241,2024-09-26T19:09:37Z,1,used phone morning midnight hour felt half hour
aNvvOQMx0jY,What Happens To Your Brain When You Mindlessly Scroll?,@KDawg09,2025-01-13T22:50:34Z,0,better content creator trying teach phone
aNvvOQMx0jY,What Happens To Your Brain When You Mindlessly Scroll?,@FirFromNorth,2022-09-27T12:47:03Z,0,hahah humor point mixed together solid information moah👌 love personality
aNvvOQMx0jY,What Happens To Your Brain When You Mindlessly Scroll?,@dellaslsbl,2025-06-05T07:00:40Z,0,halo look animation use assignment thankyou
aNvvOQMx0jY,What Happens To Your Brain When You Mindlessly Scroll?,@SonaKepidyan,2026-03-01T17:17:24Z,0,realized mindless scrolling affect personally often open social medium minute lose track without noticing idea brain get used constant stimulation sense especially sometimes struggle focus studying agree scrolling become unhealthy habit careful reflect daily routine consider using phone intentionally instead automatically reaching
aNvvOQMx0jY,What Happens To Your Brain When You Mindlessly Scroll?,@sweetarts445,2022-09-27T18:16:28Z,1,screen average per day hour part though listen video podcasts work office job gave social medium screen almost hour per day avg… spending almost hour per day social medium maddening
aNvvOQMx0jY,What Happens To Your Brain When You Mindlessly Scroll?,@supermonkeybros2410,2024-11-05T02:27:46Z,0,short attention span long short wheres skibidi fanum tax skibidi gyatt rizzz
aNvvOQMx0jY,What Happens To Your Brain When You Mindlessly Scroll?,@vilesh8543,2023-12-02T09:44:21Z,0,amazing truth✌️cortisol dopamine society hooked anticipating rewards🏆 fast paced interval inviting anxiety trap🤔
aNvvOQMx0jY,What Happens To Your Brain When You Mindlessly Scroll?,@Sustainable-v1z,2024-07-02T00:43:57Z,0,guy funny talk quitting phone
aNvvOQMx0jY,What Happens To Your Brain When You Mindlessly Scroll?,@renildachannel9999,2023-04-18T13:25:20Z,0,thank nice reminder usyoure totally true
aNvvOQMx0jY,What Happens To Your Brain When You Mindlessly Scroll?,@DeJaVuNous,2023-10-22T18:09:39Z,0,enjoyed humor style illustration failed quitting social changed gear login day spend minute log delete app helped start anyways trying quit insta facebook better path chronically lonely felt long phone feel social medium worsens experience
aNvvOQMx0jY,What Happens To Your Brain When You Mindlessly Scroll?,@nikolaykonakchiev5401,2023-01-14T11:14:31Z,0,incredibly freaking helpful kind realize concentration sleep issue giving hubby addicted phone kind main issue today world constantly aroused constantly concentrated phone text message etc truly make feel less concentrated anxious doesnt guy sure he straight sure know cool video sure guy unimaginably funny little bit creamy creepy
aNvvOQMx0jY,What Happens To Your Brain When You Mindlessly Scroll?,@tomcat244,2023-02-10T06:16:30Z,1,quit man tried somehow nearly impossible
aNvvOQMx0jY,What Happens To Your Brain When You Mindlessly Scroll?,@Lo_Spensy,2024-07-08T13:41:13Z,0,show friend stop ask install instagram tiktokthanks
aNvvOQMx0jY,What Happens To Your Brain When You Mindlessly Scroll?,@shauryyaya,2023-07-27T16:01:14Z,0,teacher show whole class smart board nice experience
aNvvOQMx0jY,What Happens To Your Brain When You Mindlessly Scroll?,@nohatarek6153,2023-05-17T17:33:19Z,0,amazing make sense using social medium harmful decrease mental health person using whenever sit check phone every minute talk make feel pity person using though educational video although comment section video sometimes trivial
aNvvOQMx0jY,What Happens To Your Brain When You Mindlessly Scroll?,@workinprogress6282,2023-01-23T03:38:16Z,0,insightful information relatable new subscriber
aNvvOQMx0jY,What Happens To Your Brain When You Mindlessly Scroll?,@xo_xoria713,2022-08-30T16:16:51Z,1,mindlessly scrolling thr nvm ill put
aNvvOQMx0jY,What Happens To Your Brain When You Mindlessly Scroll?,@ThisIsTori_,2023-04-17T00:06:23Z,1,phone consistently silent vibrate silent unsaved number straight voicemail notification tiktok email etc turned use insta little help overstimulated setting coworkers blocked
aNvvOQMx0jY,What Happens To Your Brain When You Mindlessly Scroll?,@KissOfEnvy,2024-04-13T20:10:26Z,1,gen alpha gon interesting grow
aNvvOQMx0jY,What Happens To Your Brain When You Mindlessly Scroll?,@supersosiska,2023-04-21T20:16:35Z,1,another proof keep phone silent drawer work
aNvvOQMx0jY,What Happens To Your Brain When You Mindlessly Scroll?,@lukerobinson2422,2022-10-19T17:37:27Z,1,quit technology addiction going boot camp
aNvvOQMx0jY,What Happens To Your Brain When You Mindlessly Scroll?,@indecisive-fan,2022-10-20T03:20:08Z,0,definitely hate find reaching phone checking notification shuffling music bored curious though depression teen statistic wondering teen spent phone social network enrichening environment would benefit mental health phone less phone positive environment interaction life otherwise friend lean less ideal home life could contributing mental state addition falling technology escape
aNvvOQMx0jY,What Happens To Your Brain When You Mindlessly Scroll?,@cholwesimambwe785,2023-04-16T17:16:04Z,0,completely true iknow phone taken away last week
aNvvOQMx0jY,What Happens To Your Brain When You Mindlessly Scroll?,@keerthanas4144,2022-11-29T12:55:56Z,0,vid relief cuz thought addicted phone using phone take photo nature text long distant friend addicted vid game played frickin feel playing anymore
aNvvOQMx0jY,What Happens To Your Brain When You Mindlessly Scroll?,@inlovewithhumans,2023-05-02T20:13:13Z,0,phone newspaper useless fake useless content must relearn work passion skill life truely wonderful simply social medium displaying work keep love stay touch nature god god bless
aNvvOQMx0jY,What Happens To Your Brain When You Mindlessly Scroll?,@paromita_ghosh,2023-02-06T20:17:43Z,0,shit experienced phantom vibrating thought buzzing seems an depth
aNvvOQMx0jY,What Happens To Your Brain When You Mindlessly Scroll?,@bw8935,2026-01-20T14:22:43Z,0,thanks information better person reducing phone use make real person place better excessive phone use result slow mental decline
aNvvOQMx0jY,What Happens To Your Brain When You Mindlessly Scroll?,@Lilly_2813,2023-01-03T15:51:22Z,2,fun fact found mindlessly scrolling
aNvvOQMx0jY,What Happens To Your Brain When You Mindlessly Scroll?,@Stormkwiet,2024-03-18T09:19:38Z,0,video phone found video… ummm notification page 😮😮😅😅😅😅😂❤❤
aNvvOQMx0jY,What Happens To Your Brain When You Mindlessly Scroll?,@Dumbstuffwatcher,2023-07-06T03:06:20Z,0,found distracted mark exactly talk attention span purpoze
uw7kllUlI_g,Stop Brain Rot. Stop Scrolling.,@devmandal5620,2024-09-29T12:58:46Z,552,scrolling become habit without looking loop end consumes valuable day day victim disease sure try best reduce screen social medium platform
uw7kllUlI_g,Stop Brain Rot. Stop Scrolling.,@k81245,2024-09-30T06:11:35Z,270,absolutely spot scrolling reel drastically dropped productivity
uw7kllUlI_g,Stop Brain Rot. Stop Scrolling.,@offcould6258,2024-11-03T13:42:21Z,4,scrolling instagram background let count
uw7kllUlI_g,Stop Brain Rot. Stop Scrolling.,@danieltross,2025-04-01T18:29:30Z,7,opened subconsciously saw told limbic system commented closed
uw7kllUlI_g,Stop Brain Rot. Stop Scrolling.,@shubhamshirodkar310,2024-09-29T12:57:21Z,469,please sir next onsubconscious mind
uw7kllUlI_g,Stop Brain Rot. Stop Scrolling.,@rippersclangaming667,2024-09-30T17:16:23Z,8,noticed flaw social medium year using instagram
uw7kllUlI_g,Stop Brain Rot. Stop Scrolling.,@CultureSanskriti3877,2024-10-23T03:22:30Z,4,year scrolling damaged brain attention span dead short content platform tiktok reel short brain limit social medium usage
uw7kllUlI_g,Stop Brain Rot. Stop Scrolling.,@butterballs_7,2024-11-17T05:50:20Z,17,addicted social medium needed hear especially since admitted addicted social medium overall care hisher texti care comment mind care tiny point egoistic whore adamant admitting consumed wretched partially useful vastly wasteful app cycle please drop ego high horse cuz aint thank
uw7kllUlI_g,Stop Brain Rot. Stop Scrolling.,@yogendrabajpai6750,2024-09-29T16:09:09Z,104,siddharth please topic need indepth analysis bring white board please long min please talk depth brain area affect done content want backkk
uw7kllUlI_g,Stop Brain Rot. Stop Scrolling.,@evah09,2024-10-14T05:37:25Z,10,scrolling comment due brain rot😭 crazyy
uw7kllUlI_g,Stop Brain Rot. Stop Scrolling.,@Talhaahmed009,2026-04-03T05:16:19Z,2,stopped short started standard video short algorithm based waste hour within life without
uw7kllUlI_g,Stop Brain Rot. Stop Scrolling.,@kushalgupta2041,2024-10-20T18:53:57Z,8,coincidentally minute break appeared started
uw7kllUlI_g,Stop Brain Rot. Stop Scrolling.,@Schrodingerkabilla,2024-10-04T18:19:41Z,39,love algorithm shown sids phone😂😂
uw7kllUlI_g,Stop Brain Rot. Stop Scrolling.,@suyashbutani930,2025-08-15T13:25:46Z,0,curiosity creativity compartment connection pfc training
uw7kllUlI_g,Stop Brain Rot. Stop Scrolling.,@SilentBoy.804,2024-10-03T02:04:41Z,5,sir learning english interesting informative 💕💕💕 love sir 🇵🇰🇵🇰💕💕🇮🇳🇮🇳
uw7kllUlI_g,Stop Brain Rot. Stop Scrolling.,@anamikachowdhury9359,2024-10-23T06:01:16Z,5,whole video hooked scene elder wand albus dumbledores
uw7kllUlI_g,Stop Brain Rot. Stop Scrolling.,@krishnaveniachary5196,2024-09-30T07:52:12Z,44,brain rot example zombie scrolling compulsive gaming doom scrolling negative info social medium addiction harm dopamine loop limbic loop caught relaxing scrolling hour take energy curiosity creativity using information compartment boundary real connection real prefrontal cortex training
uw7kllUlI_g,Stop Brain Rot. Stop Scrolling.,@NevilleGoddardFiles,2025-03-05T02:28:20Z,2,love scrolling rest—i thought unwinding realize mentally exhausted
uw7kllUlI_g,Stop Brain Rot. Stop Scrolling.,@depikarajput77,2024-09-29T15:26:54Z,4,thank doctor helping mindless scrolling💭💗
uw7kllUlI_g,Stop Brain Rot. Stop Scrolling.,@dbe.e4606,2024-09-29T17:04:26Z,15,pleasantly surprised harry potter wand
uw7kllUlI_g,Stop Brain Rot. Stop Scrolling.,@dj7671-axc,2024-09-30T02:56:08Z,33,nobody notice coolest elder wand thanks sid educating doomscrolling become significant problem
uw7kllUlI_g,Stop Brain Rot. Stop Scrolling.,@avishkarpawar1442,2024-09-30T18:17:24Z,6,doctor please maladaptive day dreaming
uw7kllUlI_g,Stop Brain Rot. Stop Scrolling.,@believer1703,2024-10-21T05:49:46Z,17,quality audio background make classy
uw7kllUlI_g,Stop Brain Rot. Stop Scrolling.,@AkshanshGusain,2024-09-30T01:27:58Z,59,please hindi want parent noticed spend free scrolling phone
uw7kllUlI_g,Stop Brain Rot. Stop Scrolling.,@Ittuuu269,2024-10-06T17:50:23Z,23,true observed since last year lyf challenging day started scrolling random short social mediai started feeling miserable sometimes extra frustrated control limit hisher action slave mind master life become peaceful🌼
uw7kllUlI_g,Stop Brain Rot. Stop Scrolling.,@doremonlover4477,2025-05-03T17:31:37Z,0,woowww sir elder want 😍harry potter fan
uw7kllUlI_g,Stop Brain Rot. Stop Scrolling.,@akshatnagar353,2024-10-03T13:05:36Z,16,experienced ton load work tight deadline guess bhai hr scroll kiya almost ended screwing project hour scrolling feeling groggy next hour ultimately wasting half day managed sit late night work realised rid instayt apps phone best gift given least aware using working
uw7kllUlI_g,Stop Brain Rot. Stop Scrolling.,@Poulumi4680,2024-10-01T21:06:38Z,1,dumbledore elder wand hand ❤❤❤❤❤ potterhead
uw7kllUlI_g,Stop Brain Rot. Stop Scrolling.,@LexPillay,2025-08-05T05:03:50Z,0,sid thank useful video grateful
uw7kllUlI_g,Stop Brain Rot. Stop Scrolling.,@sr17-h6f,2024-10-03T18:54:11Z,0,wise man using elder wand
uw7kllUlI_g,Stop Brain Rot. Stop Scrolling.,@androidtricks5901,2024-10-04T17:06:32Z,2,click link last click hope prefrontal cortex strengthening😂
uw7kllUlI_g,Stop Brain Rot. Stop Scrolling.,@minmini74,2024-10-03T09:11:58Z,6,funny found zombie scrolling guilty number need give 90 child life without social medium although social medium use need cut completely past year become addicted difference brain power
uw7kllUlI_g,Stop Brain Rot. Stop Scrolling.,@peterpraveen5921,2025-03-07T04:57:30Z,1,thanks helping million short interesting needof hour video thanks
uw7kllUlI_g,Stop Brain Rot. Stop Scrolling.,@suryateja4987,2025-05-21T18:53:20Z,0,powerful wand world dark lord stole dumbledores grave
uw7kllUlI_g,Stop Brain Rot. Stop Scrolling.,@rushi.3,2025-08-29T14:55:22Z,0,bohot bade aarop lagaye hai acharya 👏👏👏
uw7kllUlI_g,Stop Brain Rot. Stop Scrolling.,@pradeepasivanesan,2024-10-02T10:01:49Z,2,clear explanation short affecting dopamine level
uw7kllUlI_g,Stop Brain Rot. Stop Scrolling.,@Cold69Chad,2026-05-01T14:38:15Z,0,stopping doomscrolling day feel energetic
uw7kllUlI_g,Stop Brain Rot. Stop Scrolling.,@KN0N.A_x,2024-10-07T11:27:05Z,0,seeing vid social medium crazzy
uw7kllUlI_g,Stop Brain Rot. Stop Scrolling.,@ABISHEK_2K5,2025-05-19T06:00:11Z,0,searching brolls clip become brolls
uw7kllUlI_g,Stop Brain Rot. Stop Scrolling.,@Beaninstrument111,2025-03-30T07:12:15Z,0,background sound appealing sir helpful
uw7kllUlI_g,Stop Brain Rot. Stop Scrolling.,@Shree_v9,2024-10-04T08:28:47Z,13,earned subscriber huge difference started excessive use social medium consciously last year
uw7kllUlI_g,Stop Brain Rot. Stop Scrolling.,@nikhilnanal4384,2024-10-30T19:16:59Z,0,drsidwarrier interesting holding magic wand pointer
uw7kllUlI_g,Stop Brain Rot. Stop Scrolling.,@shishirdubey663,2024-10-03T15:03:08Z,1,sir please try long video well bcz teching explanation want deep knowledge well possible
uw7kllUlI_g,Stop Brain Rot. Stop Scrolling.,@aspirant103,2024-11-09T09:57:28Z,1,trust solution chup chaap phone mute karke kisi bag andar chipa uske alawa bhi solution reel nahi rukne wali
uw7kllUlI_g,Stop Brain Rot. Stop Scrolling.,@aakashbhujbal8699,2024-09-30T06:02:17Z,8,reading affect brain fiction non fiction reading
uw7kllUlI_g,Stop Brain Rot. Stop Scrolling.,@priyankanair5654,2024-10-10T06:36:13Z,0,wand 😍😍😍😍😍 useful video make realise life controlled brain
uw7kllUlI_g,Stop Brain Rot. Stop Scrolling.,@harshitasharma184,2024-10-03T07:40:11Z,12,request online buying specially huge wave beauty product fashion sale youth including fall trap buying stuff need connected finance well
uw7kllUlI_g,Stop Brain Rot. Stop Scrolling.,@keyurmulrajani2221,2024-09-30T05:30:56Z,0,jay siya ram thank sir
uw7kllUlI_g,Stop Brain Rot. Stop Scrolling.,@aldrinseanpereira140,2024-10-08T09:33:12Z,0,whoever hold elder wand attention sid
uw7kllUlI_g,Stop Brain Rot. Stop Scrolling.,@karanmaggo4461,2024-09-30T09:28:49Z,0,sid sir casually using elder wand pointer stuff sir
uw7kllUlI_g,Stop Brain Rot. Stop Scrolling.,@kkworldview,2024-10-04T16:58:41Z,1,using harry potter wand pointer nice thanks
uw7kllUlI_g,Stop Brain Rot. Stop Scrolling.,@Shizuka_ka_Pati,2024-10-06T19:31:27Z,2,feed guess subscribed cause explaining things❤️❤️❤️
uw7kllUlI_g,Stop Brain Rot. Stop Scrolling.,@sngmkr,2024-09-30T18:27:34Z,1,root cause less conscious decreasing curiosity month thankyou sir
uw7kllUlI_g,Stop Brain Rot. Stop Scrolling.,@btsa9061,2024-10-16T15:44:39Z,0,vegetable caught limbic loop better description😅
uw7kllUlI_g,Stop Brain Rot. Stop Scrolling.,@YashLikesFish,2024-09-29T18:44:16Z,2,exact wrote need search internet tomorrow list end topic try feel ridiculous amazing specifically feel tool fix life happen day day yooooo bro turn life upside
uw7kllUlI_g,Stop Brain Rot. Stop Scrolling.,@tiffgplu2590,2024-11-01T14:51:50Z,1,driving expressway look driver scrolling downhave honk respond sensibly driving
uw7kllUlI_g,Stop Brain Rot. Stop Scrolling.,@chaitrangirangari7044,2025-02-27T07:19:46Z,0,thank sir currently preparing neetpg video feed help divert attention less helpful video
uw7kllUlI_g,Stop Brain Rot. Stop Scrolling.,@kakashi_hatake1719,2024-10-04T06:05:12Z,1,bro using elder wand show dead serious
uw7kllUlI_g,Stop Brain Rot. Stop Scrolling.,@jaymanchekar2678,2024-12-03T04:25:11Z,0,oxford word year word brain rot
uw7kllUlI_g,Stop Brain Rot. Stop Scrolling.,@pitchypunk,2024-11-02T12:28:31Z,0,point gryffindor easter egg thumbnail voldemort grip elder wand
uw7kllUlI_g,Stop Brain Rot. Stop Scrolling.,@TanishaKarande-ut6ld,2024-09-29T12:59:16Z,1,doctor please improving neural connection brain
uw7kllUlI_g,Stop Brain Rot. Stop Scrolling.,@Arindommmm,2024-10-10T17:08:22Z,0,bro nailed content keep content
uw7kllUlI_g,Stop Brain Rot. Stop Scrolling.,@vishakhaarya4240,2024-10-20T19:00:32Z,3,facing doom scrolling diddy beyonce controversy
uw7kllUlI_g,Stop Brain Rot. Stop Scrolling.,@prasadmore9947,2024-09-30T13:56:29Z,0,generaly scrolling algorithm best thank ❤❤❤
uw7kllUlI_g,Stop Brain Rot. Stop Scrolling.,@sharathkumar1576,2024-10-04T10:19:31Z,1,doom scrolling find tinge hope positivity
uw7kllUlI_g,Stop Brain Rot. Stop Scrolling.,@indranisarkar7947,2024-11-03T06:42:24Z,0,helpful grow curiosity creativity help create learning gathering information environment video
uw7kllUlI_g,Stop Brain Rot. Stop Scrolling.,@sonambhutia642,2024-09-29T14:37:31Z,27,subscribed doctor put spending medium lead depression chemical change take place part brain
uw7kllUlI_g,Stop Brain Rot. Stop Scrolling.,@RohitPatil-vi8hi,2024-09-30T00:32:53Z,4,nice please yoga pranayama affect brain please confused scientific pseudoscience
uw7kllUlI_g,Stop Brain Rot. Stop Scrolling.,@subratad4952,2024-10-01T16:56:22Z,0,definitely listen elder wand hand
uw7kllUlI_g,Stop Brain Rot. Stop Scrolling.,@doremonlover4477,2025-05-03T17:35:28Z,0,practical apply first solution curiosity deleted history leave step home page blank use either searching content want subscribtion page
uw7kllUlI_g,Stop Brain Rot. Stop Scrolling.,@rukewatson9815,2025-10-16T07:53:30Z,0,request whoever want addiction scrolling plz try mind game app play game helpful train brain healthy rid addiction attempt
uw7kllUlI_g,Stop Brain Rot. Stop Scrolling.,@priyajoseph144,2024-10-01T18:05:02Z,0,thank going wondering whats wrong
uw7kllUlI_g,Stop Brain Rot. Stop Scrolling.,@Dr.Nitish,2024-09-30T15:12:54Z,0,thank sir plz tell practical knowledge neurology
uw7kllUlI_g,Stop Brain Rot. Stop Scrolling.,@saygeek3753,2024-09-30T15:04:25Z,1,thik docyoutube promote video😂 thank need hour social service
uw7kllUlI_g,Stop Brain Rot. Stop Scrolling.,@surprisingfacts355,2025-01-14T15:17:10Z,0,mai apka dekh kar bilkul fan hogya sir apka mai continuous scrolling shikar gya morning kar uthane baad non stop insta reel dekhna start deta per day hour sirf reel dekh kar waste rha aapka sahi mere feed agya hai thanks sir maine apne apko kiya hai abhi turant
uw7kllUlI_g,Stop Brain Rot. Stop Scrolling.,@dadaeditz3073,2024-10-01T04:15:55Z,0,point practical solution want audience thank
uw7kllUlI_g,Stop Brain Rot. Stop Scrolling.,@tropicalflowergardening8198,2024-10-03T07:54:17Z,0,explained perfectly link pfc training
uw7kllUlI_g,Stop Brain Rot. Stop Scrolling.,@ofcourseiuseunix,2024-10-01T16:22:48Z,3,found feed seeing actual neurologist giving information rather random influencer according survey etc
uw7kllUlI_g,Stop Brain Rot. Stop Scrolling.,@SudhaA-sh8mq,2025-08-31T17:03:20Z,1,spending social medium loop ill casually end scrolling hr tragedy
uw7kllUlI_g,Stop Brain Rot. Stop Scrolling.,@avinash7746,2024-10-02T10:48:11Z,0,sid content relevant lifetime sid pls upon psychology humor humour sign healthier brain brain standup comedian work fast humor subject want content upon proactive behavior train brain become become proactive life kindly please content upon waiting thanks advance
uw7kllUlI_g,Stop Brain Rot. Stop Scrolling.,@jaya570,2024-10-12T21:10:58Z,0,thank happy inspirational positive video
uw7kllUlI_g,Stop Brain Rot. Stop Scrolling.,@dnyaneshwarigyammewar5452,2024-10-01T12:38:49Z,1,thanks useful content tired daily used every open social medium apps spend long hour make feel tired lazy pay attention studies😢😭
uw7kllUlI_g,Stop Brain Rot. Stop Scrolling.,@dr.nipulmprajapati5330,2024-10-11T02:52:59Z,0,thanks sir help study rather phone addict
uw7kllUlI_g,Stop Brain Rot. Stop Scrolling.,@salonee20,2024-09-29T20:24:12Z,0,practical new trick across thanks sharing knowledge world
uw7kllUlI_g,Stop Brain Rot. Stop Scrolling.,@deeksha2294,2024-09-30T04:34:17Z,0,informative sirone request sir please changing belief system subconscious mind
uw7kllUlI_g,Stop Brain Rot. Stop Scrolling.,@Mani1990,2024-10-01T15:20:50Z,0,thanks providing solution end stay curious creative infact started loop instagram reel learning microsoft clipchamp launched udemy course week possible kindly elaborate improve creativity
uw7kllUlI_g,Stop Brain Rot. Stop Scrolling.,@rohitchoudhary2942,2024-10-22T09:16:23Z,0,please create binge eating habit eating without hunger due undefined craving
uw7kllUlI_g,Stop Brain Rot. Stop Scrolling.,@priyanshurawat5318,2024-09-30T07:11:24Z,1,thank explanation insightful practical approach appreciate
uw7kllUlI_g,Stop Brain Rot. Stop Scrolling.,@debojyotibaidya2203,2024-09-30T04:04:26Z,0,info aside thank using elder wand
uw7kllUlI_g,Stop Brain Rot. Stop Scrolling.,@Imrannaqi5453,2024-10-15T17:38:46Z,0,deleted insta escape brain rot first come feed video😮
uw7kllUlI_g,Stop Brain Rot. Stop Scrolling.,@indranilde3190,2024-09-29T16:32:17Z,0,excellent content well explained thank sharing information comprehensive manner🙂
uw7kllUlI_g,Stop Brain Rot. Stop Scrolling.,@UsamaKhan-xi3oe,2024-10-06T12:35:43Z,2,elder wand btw helped thank earned new subscriber
uw7kllUlI_g,Stop Brain Rot. Stop Scrolling.,@subinrajls,2024-10-04T18:49:14Z,0,insident scrolling suddenly suggest 😮😮😮
uw7kllUlI_g,Stop Brain Rot. Stop Scrolling.,@alishbashakir-fr7lt,2024-09-29T18:45:16Z,0,brother wanted moment neet aspirant
uw7kllUlI_g,Stop Brain Rot. Stop Scrolling.,@ffloveryt2695,2024-10-01T13:32:13Z,0,sir social medium attract brain
uw7kllUlI_g,Stop Brain Rot. Stop Scrolling.,@Mehubrobeforehoe,2024-10-23T17:03:38Z,0,sigma sigma wall who skibidiest
uw7kllUlI_g,Stop Brain Rot. Stop Scrolling.,@deerastic,2025-01-15T21:14:03Z,0,please adhd adult caused overusing social medium severe brain rot
uw7kllUlI_g,Stop Brain Rot. Stop Scrolling.,@bbxxxx,2025-02-02T10:12:33Z,0,scary instagram addiction effect sometimes envy world social medium hasnt yet inventedat least feeling thought real
uw7kllUlI_g,Stop Brain Rot. Stop Scrolling.,@dr.shinchan98,2024-10-25T06:20:09Z,0,sir cud plz explainatory illeffects masturbation addiction brain functionality
uw7kllUlI_g,Stop Brain Rot. Stop Scrolling.,@rajendra0728,2024-10-13T15:36:34Z,0,believe stop scrolling delete account creating atleast instagram
uw7kllUlI_g,Stop Brain Rot. Stop Scrolling.,@engrossed099,2024-11-18T09:21:07Z,0,mom internet relaxation help son homework
uw7kllUlI_g,Stop Brain Rot. Stop Scrolling.,@priyanshushekhar40,2024-10-06T08:05:18Z,0,thank youi let brain rot
uw7kllUlI_g,Stop Brain Rot. Stop Scrolling.,@theonlymaster9374,2024-09-30T00:59:34Z,0,clicking link pfc training gon click onto next tell sure silent test keep dopamine control ofcourse feel thus dopamine realised
uw7kllUlI_g,Stop Brain Rot. Stop Scrolling.,@axxxa25,2024-09-30T14:58:56Z,0,sir please maladaptive dreaming control
uw7kllUlI_g,Stop Brain Rot. Stop Scrolling.,@Aha5653ch,2025-03-31T04:12:55Z,1,virus smile tape forcing smile unhappy inside
uw7kllUlI_g,Stop Brain Rot. Stop Scrolling.,@bestclips8484,2024-09-30T16:01:08Z,5,suscribeddoctor alone work noticed talk talking person going talk person reply front meid normal
uw7kllUlI_g,Stop Brain Rot. Stop Scrolling.,@Common_Teacher__3,2024-12-31T08:06:43Z,0,experienced screening would escape would find best balance side
uw7kllUlI_g,Stop Brain Rot. Stop Scrolling.,@Muskanj215,2024-09-30T04:48:19Z,1,sir please law reversed effort reversed manifestation unknowingly manifest donts negative life
uw7kllUlI_g,Stop Brain Rot. Stop Scrolling.,@shashwatsharma4251,2024-10-03T13:51:54Z,1,sir pls stay productive whole day rigorous workout early morning
uw7kllUlI_g,Stop Brain Rot. Stop Scrolling.,@worldaround6520,2024-10-14T12:49:04Z,0,evolutionary role entertainment human able form culture due rapid disruption perhaps caused distributive technology internet human experiencing largescale identity crisis may explain spend scrolling internet another problem number create content small compared number consume clearly voice heard mine based video mark manson
uw7kllUlI_g,Stop Brain Rot. Stop Scrolling.,@Placement-m5h,2024-10-07T18:04:32Z,0,yes sir expirenced able remember straight 1min tell overcome social medium addiction reduce screen
uw7kllUlI_g,Stop Brain Rot. Stop Scrolling.,@sivasubramaniam7238,2024-10-06T06:22:02Z,0,new energy trying understanding whole dopamine loop pfc overcome addiction phone procrastination going let go
uw7kllUlI_g,Stop Brain Rot. Stop Scrolling.,@siddharthsane,2024-09-30T14:06:28Z,0,elder wand used pointer dumbeldore turning grave
uw7kllUlI_g,Stop Brain Rot. Stop Scrolling.,@Amitlohar406,2024-10-02T16:27:48Z,0,applies kid job scroll entertainment minute important rest jainji
uw7kllUlI_g,Stop Brain Rot. Stop Scrolling.,@ZateAgency,2024-10-20T01:59:54Z,0,he intro andrew huberman intro
4esV4R3k1V8,Brain Rot and The Fight To Feel Sharp Again,@HS-ie8tj,2025-09-03T10:55:26Z,2639,year ago deleted social medium apps phone video home work read weekend wake early walk local park sit bench bird lake take thermos read life changed strongly recommend
4esV4R3k1V8,Brain Rot and The Fight To Feel Sharp Again,@jenniferkash4424,2025-09-08T19:31:20Z,585,heard quote stuck spend day spend life easy tell moment phone change next week next month next year life short go easily especially surrendered instant gratification
4esV4R3k1V8,Brain Rot and The Fight To Feel Sharp Again,@hb9hm,2025-08-24T06:32:10Z,1473,best sit idle phone music inward starng around curtain move looking kept around room feel outward experience focus towards around make realise observe rather scroll
4esV4R3k1V8,Brain Rot and The Fight To Feel Sharp Again,@footyball66,2025-08-24T14:55:17Z,179,brain rot nonsense online cause eye strain make feel brain fried end day done productive
4esV4R3k1V8,Brain Rot and The Fight To Feel Sharp Again,@Bob-l7m2g,2025-08-16T02:26:06Z,1664,sollution simple stop short form content looking content latptop harder scroll jsut piont long brain rot go away enjoy valuable long form content long form content slow teh piont put speed fast long long form anywhere near headache depressive state scrolling night day different try
4esV4R3k1V8,Brain Rot and The Fight To Feel Sharp Again,@hazelm3594,2025-08-18T02:03:11Z,770,big intentional attention listening music listen music walk going class library studying unless either helping concentrate mostly classicalnonlyrical music focusing music feel there tendency listen music free free moment constant background noise separate thought mean enjoy music less purposeful activity becomes meaningful make moment meaningful well using full attention
4esV4R3k1V8,Brain Rot and The Fight To Feel Sharp Again,@SirHargreeves,2025-08-20T21:41:44Z,242,walk hour day thought allows intellectual rabbit hole without distraction
4esV4R3k1V8,Brain Rot and The Fight To Feel Sharp Again,@rachelhopkins8373,2025-08-18T20:15:32Z,814,told coworker yesterday feel less funny sharp wit rotting away brain fast enough anymore
4esV4R3k1V8,Brain Rot and The Fight To Feel Sharp Again,@pjzza777,2025-08-26T15:57:07Z,52,physical hobby art craft helped head phone
4esV4R3k1V8,Brain Rot and The Fight To Feel Sharp Again,@stevecarter8810,2025-08-20T06:24:30Z,469,genx surprise deep behaviour modification go foundation world phone attached wall dm scroll expected night place wait showed meant regularly period thirty minute information sound brain surroundings work whose brain seemingly hard wired interrupt every second eye opener
4esV4R3k1V8,Brain Rot and The Fight To Feel Sharp Again,@nat.s.c,2025-08-22T13:47:47Z,232,finally taken step buy nokia flip phone music tiktok game insta conclusion control sad admit dopamine detoxed thousand time deleted apps distracted thousand time put screen limit put phone gray mode tried listen music walk cave feel dopamine addiction smartphone drug addict working pharmacy sure tell download apps steal drug point bound
4esV4R3k1V8,Brain Rot and The Fight To Feel Sharp Again,@adelaise_17,2025-08-16T15:36:48Z,244,god couldnt put feeling word miss feeling smart miss feeling sharp feeling brain put jar full fog slime take clean thank ❤️‍🩹
4esV4R3k1V8,Brain Rot and The Fight To Feel Sharp Again,@roninrobbin,2025-08-27T19:57:07Z,55,glad speaking topic realising true damage device
4esV4R3k1V8,Brain Rot and The Fight To Feel Sharp Again,@milkbread5036,2025-08-27T20:23:52Z,96,speed eye widening time speed scrolling pinterest dear
4esV4R3k1V8,Brain Rot and The Fight To Feel Sharp Again,@Dooshduhloosh,2025-08-22T17:51:23Z,140,add would benefit brain muscle must trained part body use lose brain called synaptic pruning spring cleaning neural pathway exercising certain pathway body longer waste energy maintaining neural network prune harder energy intensive develop new pathway maintain old one challenge frequently difficult text issue require critical etc let caught idle day endless information use strength push uncomfortable read hard book use learn research effectively analyze source bias etc
4esV4R3k1V8,Brain Rot and The Fight To Feel Sharp Again,@shwaylt,2025-08-16T16:51:59Z,218,found truly active consumption medium helping differentiate mindless content worthwhile stuff physical note best actively mentally engaging content show consuming
4esV4R3k1V8,Brain Rot and The Fight To Feel Sharp Again,@DanielW-m9d,2025-11-20T15:05:54Z,4,sudden rise content megaproduced edited refreshing
4esV4R3k1V8,Brain Rot and The Fight To Feel Sharp Again,@janvanneste9593,2025-08-26T09:52:23Z,22,music super dynamic editing person camera handwritten note thank struggled stay front phone without else curse short pleasure moment spontaneous journey thought idea intentionality must apply thanks subscriber
4esV4R3k1V8,Brain Rot and The Fight To Feel Sharp Again,@letiziamassimino1767,2025-08-19T16:03:14Z,41,lately feel impact mindless scrolling mental health stuck loop feel numb sort bubble resonate idea brain meant victim stimulation every day social medium often feel robs possibility appreciate life
4esV4R3k1V8,Brain Rot and The Fight To Feel Sharp Again,@CartieBlanché,2025-08-21T12:45:11Z,16,productive write book learn play new instrument new language key keep mind active muscle brain need training
4esV4R3k1V8,Brain Rot and The Fight To Feel Sharp Again,@naseeba_8,2025-08-19T01:41:32Z,114,saw domscrolling instead sleeping decided download sleep morning
4esV4R3k1V8,Brain Rot and The Fight To Feel Sharp Again,@Luna_aetheria333,2025-08-17T13:20:22Z,233,talking friend venting struggle phone addiction shocked mean understand reaction found envy look tiktok social medium long video shocked bewildered especially feel accomplished watch remember used feel working addiction gave thankful tbh
4esV4R3k1V8,Brain Rot and The Fight To Feel Sharp Again,@antoninatitkow8905,2025-08-16T09:17:03Z,188,intentional attention starting analog photo albumscrapbook album mostly photo put receipt card etc well love taking picture travelling party love pick one love curate little collection found posting instagram give anxiety sucked app immediately instead creating analog version friend visit take look picture
4esV4R3k1V8,Brain Rot and The Fight To Feel Sharp Again,@chikawika,2025-08-16T07:35:12Z,54,feel revived pulled loop love amazingly phrase educate platform truly inspiring
4esV4R3k1V8,Brain Rot and The Fight To Feel Sharp Again,@erfa2695,2025-08-22T14:17:51Z,22,thanks effectively solved short attention span problem imagining regretful gutted feel deathbed realize thousand hour wasted doomscrolling could spent new experience enjoy reading writing worked charm intentional day
4esV4R3k1V8,Brain Rot and The Fight To Feel Sharp Again,@jacklincoln2437,2025-08-30T11:26:15Z,27,might macabre leave phone home walk around local cemetery help bring reality
4esV4R3k1V8,Brain Rot and The Fight To Feel Sharp Again,@pronouncedzara,2025-08-16T04:16:56Z,36,read substacks mentioned provided wellrounded experience message thank bringing significant issue feel losing may able attention span ability connect latent esoteric redundant point meditation without goal mind seeing pass subconscious conscious reality vital tool creative path especially writing lost patience needed vital selfreflection
4esV4R3k1V8,Brain Rot and The Fight To Feel Sharp Again,@hb9hm,2025-08-24T06:41:51Z,54,reel short completely turned world upside addictive feel loop pull uninstall instagram try long form content hit short struggle least
4esV4R3k1V8,Brain Rot and The Fight To Feel Sharp Again,@aldo5658,2026-01-12T16:17:10Z,0,beautiful enjoyed truly aha moment
4esV4R3k1V8,Brain Rot and The Fight To Feel Sharp Again,@candlebebe,2025-08-29T14:25:35Z,55,recovering year low depressed receiving adhd diagnosis wanted reclaim scattered attention work rest life especially digital era worked initially recognizing building life without foundation order understand foundation could needed noise reduce possible deleted social medium started bored sleep earlier task without stimulation incredibly difficult first wonderment felt need identify manner labeling picked gardening brought presence well yoga redownloaded social recently work done diminish significantly done taking break respect tool find interact addict adhd live struggling pretty badly recommend forcing stimulation going die going live must respect attention currency valuable precious gift
4esV4R3k1V8,Brain Rot and The Fight To Feel Sharp Again,@samhithakasibhatta8551,2025-08-19T04:27:05Z,35,noticed sunlight peeping tree explain glad there word fact inspired poem wrote include komorbi term here poem glitter gold hear glitter could first tooth baby smile toddler sister face discovering glitter could wrinkled skin grandma flower garden dewy morning glitter could star moonless night little streetlamp lightyears away glitter could teardrop end eye simply vanishing point fear grief glitter gold need
4esV4R3k1V8,Brain Rot and The Fight To Feel Sharp Again,@christopherroy6540,2026-02-02T16:30:13Z,0,thank vindicate thought learned well
4esV4R3k1V8,Brain Rot and The Fight To Feel Sharp Again,@whimsy_willa,2025-08-18T00:47:31Z,44,mentioned perfect day excited favorite movie movie frame whole attention struggle focusing attention sake productivity sake present experiencing life
4esV4R3k1V8,Brain Rot and The Fight To Feel Sharp Again,@DrumToTheBassWoop,2025-08-22T08:24:00Z,19,another tip concentrate want learn going ignore feed help
4esV4R3k1V8,Brain Rot and The Fight To Feel Sharp Again,@shoganflamemasta3975,2025-08-24T19:54:30Z,10,idea attention surprisingly older buddhism general idea feed mind affect consciousness therefore immediate reality strict internet screen wonder would today world genuinely believe hard era spirituality concept hinduism proposes difficult era humanity bigger chance individual transcendence enlightenment idea easier fall conformity life peaceful harmonious era spiritual mettle constantly tested put needed pause scrolling thanks
4esV4R3k1V8,Brain Rot and The Fight To Feel Sharp Again,@zertificao,2026-01-01T21:27:29Z,0,today decided saved ago give chance real discovery reducing amount spend front screen included new year resolution measure attention fluctuates sitting book delving content another activity highly recommend intellectual washing dish allows concentrate control mind use state mind organise thought daily task simple repetitive jajajajajaja
4esV4R3k1V8,Brain Rot and The Fight To Feel Sharp Again,@thaReaL.ALpHa-N-OMeGA,2026-03-03T22:24:20Z,0,move heart said… keeping awareness heart space allows focus intention easier find ebb flow thought receive clear know… luck
4esV4R3k1V8,Brain Rot and The Fight To Feel Sharp Again,@Bholanath637,2025-08-22T16:30:40Z,0,impressed wow… manifest unseen luna river hit different clicked seeing shift everywhere worth every bit hype
4esV4R3k1V8,Brain Rot and The Fight To Feel Sharp Again,@starmanalex29,2026-05-18T23:35:35Z,0,sat wrote note commonplace book paused wanted write depth point thoughtful listening written note besides project school quite long despite loving write felt perfect intentional sit project evening silly may seem love josephine keep work
4esV4R3k1V8,Brain Rot and The Fight To Feel Sharp Again,@DanielW-m9d,2025-11-20T15:16:31Z,0,beautiful woman classy well spoken high ethic moral
4esV4R3k1V8,Brain Rot and The Fight To Feel Sharp Again,@Fkrksw,2025-12-23T23:52:48Z,0,simone weil hero life insight extremely interesting huge impact france woman hipped enough amazing
4esV4R3k1V8,Brain Rot and The Fight To Feel Sharp Again,@Ultimate_red_rice,2025-08-18T19:08:23Z,11,started writing since noticed well attention human experience currency helped rekindled light daily spark life
4esV4R3k1V8,Brain Rot and The Fight To Feel Sharp Again,@qMartink,2026-01-05T20:48:11Z,0,spoken longer ago year thank needed message
4esV4R3k1V8,Brain Rot and The Fight To Feel Sharp Again,@havefunbesafe,2025-08-20T22:05:45Z,10,miss day kid damn cell phone computer day
4esV4R3k1V8,Brain Rot and The Fight To Feel Sharp Again,@SARTAJ9897,2025-11-13T12:10:48Z,0,checked hour ago dropped new wild since early day video gave calm feeling needed recently reading manifest divine elena river kind reminded energy put peaceful trusting vibe thank share
4esV4R3k1V8,Brain Rot and The Fight To Feel Sharp Again,@baylonhernandez,2026-04-15T05:40:22Z,0,love artist music ambient music make allows sit observe tree cloud bird sound totally present listen cry time maybe else try alaskan tape lyric beautiful sound
4esV4R3k1V8,Brain Rot and The Fight To Feel Sharp Again,@timothysmirnov,2025-12-13T18:42:23Z,0,analogy plant spend plant paying full attention
4esV4R3k1V8,Brain Rot and The Fight To Feel Sharp Again,@Quartermaster3000,2026-02-04T14:36:32Z,1,guilted turning playback speed feel slow motion psychological torture thanks aware
4esV4R3k1V8,Brain Rot and The Fight To Feel Sharp Again,@Roi_Sternin,2025-12-11T12:29:12Z,0,exactly needed please phd teach education rare nowadays check academic box rarely learn develop kind need agree murakami beauty debating intellectual
4esV4R3k1V8,Brain Rot and The Fight To Feel Sharp Again,@Sw4ggB055,2026-02-15T13:37:49Z,0,trying sitting discomfort instead resorting old addictive habit pretty severe anxiety brain hate missing infinite dopamine worth intentional trying day
4esV4R3k1V8,Brain Rot and The Fight To Feel Sharp Again,@kashishmendiratta5191,2025-08-24T17:57:11Z,4,yoga helped growing india practice part life intentional become shifted germany adult yogic practice breathing difficult moment shifted life completely done intentionally done present body handstand learnt stay present calm intentional world upside
4esV4R3k1V8,Brain Rot and The Fight To Feel Sharp Again,@CanterburyTail,2025-08-16T15:04:41Z,7,josephine remarkable close iain mcgilchrists hemisphere hypothesis without maybe aware strongly recommend master emissary book consider best read transformed life there would landed without read brought japanese thinker daoist thread moving weil scovel shinn daoist concept fit weil approach attention namely uncarved block wuwei essentially west view unstarted project metaphorically empty canvas east unstarted project uncarved block uncarved block unlimited potential work progress release unlimited potential towards point potential converted actuality work done subtraction longer addition wuwei idea action inaction quite different possibly equivalent weil mean detachment easy requires effort maintain detaching tap space scovel shinn think superconscious mind artist moving potentiality uncarved block towards concrete continually detach superconscious mode along thought productivity antithetical beautiful art extend block metaphor involving blank canvas main point careful stuck conscious mind mode monkey mind mode tragically linked doomscrolling
4esV4R3k1V8,Brain Rot and The Fight To Feel Sharp Again,@kingston4313,2026-04-29T13:15:08Z,0,recall young around given book look distinct drawing style 1950s comic amazing blew mind colour art work looked archie animation show book form
4esV4R3k1V8,Brain Rot and The Fight To Feel Sharp Again,@Eol-w8h6l,2025-09-27T20:51:52Z,0,perfect day criterion collection bluray
4esV4R3k1V8,Brain Rot and The Fight To Feel Sharp Again,@jenslennartsson,2025-12-16T08:59:19Z,0,felt easy focused able listen talked first minute thank need fast paced hyper edited content
4esV4R3k1V8,Brain Rot and The Fight To Feel Sharp Again,@samf.s.7731,2025-08-21T19:21:21Z,6,either exercise play requires sharp reflex tested method work
4esV4R3k1V8,Brain Rot and The Fight To Feel Sharp Again,@Synthstrucplexfyimmunosystemci,2025-08-21T15:30:34Z,6,sigh… truly relate find reading speed listening new paper arxiv video trying catch absorb possible yet matter fast sometimes feel slip finger wasted far moment thank sharing perspective—it meaningful reminder attention precious insight encourage intentional place slow truly engage matter rather simply rushing comforting others navigating tension curiosity information finite nature
4esV4R3k1V8,Brain Rot and The Fight To Feel Sharp Again,@KadirPeker,2025-08-23T19:51:38Z,3,internet broke day recently painful home need
4esV4R3k1V8,Brain Rot and The Fight To Feel Sharp Again,@isha5429,2025-10-09T05:56:01Z,2,love perfect day whenever turmoil feel distracted movie little forest movie
4esV4R3k1V8,Brain Rot and The Fight To Feel Sharp Again,@TheWorldAwake,2025-08-22T04:26:13Z,60,took year fix problem worked delete social medium stop catching latest stuff latest hashtags latest viral post sensationalism stop engaging group discussion social medium echo chamber generally confrontational due social medium use start writing novel start journal day keto coffee dopamine whack switch decaf walk busy place culturally vibrant street lift dumbbell magnesium tudca lion mane extract dark chocolate
4esV4R3k1V8,Brain Rot and The Fight To Feel Sharp Again,@CuriousScribbles,2025-12-26T13:02:08Z,0,become analog intentional use digital tool medium deleted social medium apps felt better become huge fan bujo practice daily attest value openminded receptive different frequency allow different experience led enjoyed life take care stay path
4esV4R3k1V8,Brain Rot and The Fight To Feel Sharp Again,@sallycorless6714,2026-01-13T09:20:48Z,2,deleted social medium week ago realised would ruin career focus education ruining mental health far instead painting paint number reading going gym going work work master volunteering show playing game ps5 journalling
4esV4R3k1V8,Brain Rot and The Fight To Feel Sharp Again,@shubhxbh,2025-11-10T10:34:06Z,5,case struggle keeping track brain rot reclaiming attention brain rot oxford word year describes mental fog unintentional digital consumption fundamentally place attention experiencing brain rot symptom content speed feeling rested unmotivated struggling deep conversation difficulty engaging meaningful slow practice reading constant craving content without satisfaction forgetting easily wisdom clarity simone weil attention vital habit avoid controlled external force joy learning act outcome florence scovel shinn conscious attention imprint subconscious shaping life mind conscious logic subconscious power superconscious intuitionhigher calling etymology nerd algorithm kill coincidence limiting creativity human connection narrowing information exposure path mental sharpness ask question answer fixed answer limit learning prevent new discovery open new experience attention dictate experience possible intentional digital use utilize internet purposefully limit mindless doomscrolling practical step reclaim attention walk without phone read book cook mindfully exercise embrace childlike wonder exploring discovering film perfect day recommended portrayal intentional presence especially japanese word komorebi light filtering tree symbolizing attention minute beauty
4esV4R3k1V8,Brain Rot and The Fight To Feel Sharp Again,@kashyappatel3458,2025-08-15T19:23:30Z,23,couple thought learn value journey childhood chasing outcome hammered schooling system chase grade medal career prestige etc turn slow thoughtful living fully present type lifestyle make extreme outlier becomes difficult would lead becoming social outcast truth end living intentional manner write book shinn found society mental programming perhaps lucky certain life event lead path read book generated correct insight natural instinct life illusory race run fast cultivating robust philosophical base live requires overcome body biological drive massive head start term influence psyche severe change society required banning social medium universal income etc allowed free consciously design life
4esV4R3k1V8,Brain Rot and The Fight To Feel Sharp Again,@avocadojuice1307,2026-01-10T19:18:24Z,0,true equate hung ppl would labeled outcast included emos punk nerd gamers skater druggies name stuck group senior year end march whole life changed crazy decision every opportunity led meeting went school knew passing found cool girl ill call head student council prom queen friend choir kid 4th highest grade year awesome person life long friend would imagined friend year thankful life balance eachother well open stepping outside comfort zone around better least open option
4esV4R3k1V8,Brain Rot and The Fight To Feel Sharp Again,@i7lexa,2025-08-22T21:43:14Z,4,huge talked eat drive attention elsewhere stop eating taste shouldve feel havent eaten yet stuffed hungry student nutrition frequently talked group talk pay attention food chew slowly enjoy
4esV4R3k1V8,Brain Rot and The Fight To Feel Sharp Again,@Izbagg,2025-08-23T05:32:42Z,4,feel step look outside framing self help solving root problem passive focused look others chat especially elderly person likely agree try understand look outside accept life messy painful beautiful experience worry taking note sculpting personal ideology process interacting world present information receiving receiving
4esV4R3k1V8,Brain Rot and The Fight To Feel Sharp Again,@Mihaila-7892,2025-08-19T08:00:22Z,22,since young loooved movie movie enjoy anymore patience finish urge speed move forward 20sec sec
4esV4R3k1V8,Brain Rot and The Fight To Feel Sharp Again,@sallymcmullin,2025-11-05T18:00:35Z,0,lovely discovered florence scovel shinn 20 50 game life changed life list wonderful hear name heard else follow mention page place thank
4esV4R3k1V8,Brain Rot and The Fight To Feel Sharp Again,@hydrohedinvictus8697,2025-08-21T18:01:36Z,2,brain muscle use lose losing mean weaker work
4esV4R3k1V8,Brain Rot and The Fight To Feel Sharp Again,@freddieb2217,2025-12-29T00:07:49Z,0,finish eager usually awe well articulate beautiful inspired start writing sub stack share view point knowledge subject keep amazing work bigger difference
4esV4R3k1V8,Brain Rot and The Fight To Feel Sharp Again,@djgarcia3956,2026-01-06T01:16:03Z,0,find similar phase burning scrolling listening music needing stimulate lean discipline cut useless scrolling simone weil view attention led try embody quote attention highest purest form generosity
4esV4R3k1V8,Brain Rot and The Fight To Feel Sharp Again,@MAC-Avila,2025-12-05T13:31:54Z,0,thank ben consooming essay nonstop higher speed sorry far maybe comprehension retention improving
4esV4R3k1V8,Brain Rot and The Fight To Feel Sharp Again,@goodboifloki6211,2025-08-16T12:18:53Z,6,small choose avoid scrolling short going main page selecting maybe end bunch short row going main page picking interest instead fully doomscrolling another use brave app phone able turn screen listen video let treat audiobookpodcast source less attention grabbing
4esV4R3k1V8,Brain Rot and The Fight To Feel Sharp Again,@AuraAraucariaceae,2025-08-26T21:28:41Z,0,congrats josephine starts… affecting life subbed
4esV4R3k1V8,Brain Rot and The Fight To Feel Sharp Again,@RonnaLayne,2025-12-25T18:10:12Z,0,first listened impressed script written may used help video tell script obviously adjusted youtuber consuming slop unintentionally tell difference
4esV4R3k1V8,Brain Rot and The Fight To Feel Sharp Again,@jetixsetradio,2025-08-19T08:49:22Z,2,according say book absolute truth end absolute truth liz riccaro igpx
4esV4R3k1V8,Brain Rot and The Fight To Feel Sharp Again,@danielazarate6718,2025-11-03T17:41:21Z,1,feeling stressed feeling scroll tiktok realize indeed need super break life definitely change stop using social medium dumb purpose thank
4esV4R3k1V8,Brain Rot and The Fight To Feel Sharp Again,@friendlyreminder3125,2026-01-05T21:55:29Z,0,trying reduce phone social medium week feel difference problem feel super tired try outside often short walk alone around block help lift mood thanks
4esV4R3k1V8,Brain Rot and The Fight To Feel Sharp Again,@SirHargreeves,2025-08-20T21:36:02Z,15,lament introduction short feel bit rot setting although generally normal self
4esV4R3k1V8,Brain Rot and The Fight To Feel Sharp Again,@djtronik,2025-08-18T04:57:54Z,14,ago year seeing anymore rediscovered old interest turned hobby fully negleted year thought old interested anymore wrong problem relearn proper focus simple hardest
4esV4R3k1V8,Brain Rot and The Fight To Feel Sharp Again,@laurathesun,2025-11-04T00:07:31Z,0,phrase hit different sound eloquent
4esV4R3k1V8,Brain Rot and The Fight To Feel Sharp Again,@foamsoap41,2025-11-03T20:14:36Z,0,thank second recommendation week murakami book take sign pick
4esV4R3k1V8,Brain Rot and The Fight To Feel Sharp Again,@asdhufgh4yu37sdhsdfhh6,2026-02-08T16:05:27Z,0,want sharp smart possible productive cope weight come constant awareness hell end cycle going forth phase extreme productivity intellect studying learning whatever break spend couple day sober sitting around found helpful stop guilt wrong enjoy stupid sometimes less guilt around better less constantly less less stuck awful cycle
4esV4R3k1V8,Brain Rot and The Fight To Feel Sharp Again,@UberHummus,2025-08-23T15:19:01Z,4,learned similar valuable lesson philosophical depth responsible entire house growing plant nobody else responsible interestingly enough specific point attention well entire point reminds reread frankenstein man boast sensibility superior apparent brute render necessary being impulse confined hunger thirst desire might nearly free moved every wind blow chance word scene word may convey lil woman wrote frankenstein year ago favorite novel since first read high school student day read anymore
4esV4R3k1V8,Brain Rot and The Fight To Feel Sharp Again,@MC-hu9sp,2025-11-24T01:51:13Z,0,loved appreciate effort put loved perfect day reason feel talked film felt quiet look complex ptsd hirayama structured isolated routine read subtle real trauma response built around control predictability family show overwhelming hard balance connection selfprotection thought movie showed subtle way cptsd shape life highlighting beauty simple everyday moment nuanced film feel emotional struggle center often get overlooked wanted share thought thank beautiful
4esV4R3k1V8,Brain Rot and The Fight To Feel Sharp Again,@ferretfae,2026-02-08T16:45:41Z,0,realized suffering endless video feel bored decided start reading book excited enraptured immediately yapped mom difference
4esV4R3k1V8,Brain Rot and The Fight To Feel Sharp Again,@claracremades4608,2025-11-10T22:38:58Z,0,woman find mindful paint gut feeling intuition help focus thought head otherwise notice mind
4esV4R3k1V8,Brain Rot and The Fight To Feel Sharp Again,@Ri_5475,2025-08-28T01:01:16Z,0,perfect day watchlist finally give
4esV4R3k1V8,Brain Rot and The Fight To Feel Sharp Again,@rafaelchacon9389,2025-08-26T21:29:55Z,3,practice might useful recovering attention mindful hearing music used listening music exercising studying going school working damaged ability listen depth found trying avoid using music background noise dedicate listen appreciate music might useful regain attention music enjoyable beautiful
4esV4R3k1V8,Brain Rot and The Fight To Feel Sharp Again,@ForeverAnimalBear,2026-01-24T10:32:35Z,0,closed social medias deleted signed active anymore journaling every day diary—about life bother change mindset gave away plushies changing proud year
4esV4R3k1V8,Brain Rot and The Fight To Feel Sharp Again,@Sarah-dw8zz,2025-10-24T08:32:43Z,0,articulate thought thank determined give full attention scrolling comment checking phone increased speed allowed sit every idea put forward thank thank sad min distraction baseline
4esV4R3k1V8,Brain Rot and The Fight To Feel Sharp Again,@Sabrinaaa36,2025-08-23T20:12:04Z,0,love etymology nerd make short
4esV4R3k1V8,Brain Rot and The Fight To Feel Sharp Again,@johnm.castillo3163,2025-08-26T18:41:12Z,5,social medium virtual version hot cheetos bodymindsoul
4esV4R3k1V8,Brain Rot and The Fight To Feel Sharp Again,@Serendipity3579,2025-08-17T21:09:34Z,6,crazy reckon adult rotting brain away bring cognitive impact tech conversation folk look youve head started mindfully consume year ago rid smartphone rid social medium bar linkedin work feel feel immeasurably better
4esV4R3k1V8,Brain Rot and The Fight To Feel Sharp Again,@alanmckenna5608,2025-09-15T13:06:07Z,0,might try change life today
4esV4R3k1V8,Brain Rot and The Fight To Feel Sharp Again,@silv.tjyvliten-w6l,2026-04-18T12:17:10Z,0,human knowledge fingertip dumb sofia isella
4esV4R3k1V8,Brain Rot and The Fight To Feel Sharp Again,@olipop_devourer.,2025-10-28T22:10:41Z,0,last summer pulled journal basement wrote thought reflection summer changed mindset completely found joy simple mentioned reflection sitting thought
4esV4R3k1V8,Brain Rot and The Fight To Feel Sharp Again,@redgrave9847,2025-09-11T22:17:04Z,0,thank speaking going thru exact topic addressing presence
4esV4R3k1V8,Brain Rot and The Fight To Feel Sharp Again,@Ghosttuber23,2025-08-29T21:59:39Z,0,true meshed whole fast pace result driven world either noone convince stress worry love money nature
4esV4R3k1V8,Brain Rot and The Fight To Feel Sharp Again,@kunexpected,2025-08-23T18:32:46Z,1,algorithm killing coincidence escape bubble order find different algorithm everywhere searching new unpredictable idea require effort
4esV4R3k1V8,Brain Rot and The Fight To Feel Sharp Again,@Telagioth2,2025-08-27T17:55:39Z,2,described feeling telling past year feel shit memory difficult pay attention hard focus instant gratification quickly angry heal change
4esV4R3k1V8,Brain Rot and The Fight To Feel Sharp Again,@angelicaledezma4010,2025-09-24T18:47:40Z,0,want thank sincerely feel shed light word long opened mind missing life
4esV4R3k1V8,Brain Rot and The Fight To Feel Sharp Again,@connor6691,2025-12-18T16:27:18Z,0,etymology nerd say reason love autism take face value love dig deeper deeper subject
4esV4R3k1V8,Brain Rot and The Fight To Feel Sharp Again,@korviscapetrova5269,2025-08-25T00:44:10Z,1,glad sharing handwritten note another typed set surprised uncommon handwriting become
4esV4R3k1V8,Brain Rot and The Fight To Feel Sharp Again,@DanielloFratello,2025-09-02T05:20:56Z,0,beautifully well put together beautiful comment thanks sharing alone feel losing active life mainly due social medium
4esV4R3k1V8,Brain Rot and The Fight To Feel Sharp Again,@Jazznicole,2025-09-02T17:53:18Z,3,put 15x speed first point
4esV4R3k1V8,Brain Rot and The Fight To Feel Sharp Again,@Solidude4,2025-08-25T12:33:45Z,0,irony immediately liking fully agree almost immediately closing long lord help
4esV4R3k1V8,Brain Rot and The Fight To Feel Sharp Again,@ShivamGupta-qh8go,2025-12-01T18:49:42Z,0,eyeopening though sometimes read sake take keep feel drained week
4esV4R3k1V8,Brain Rot and The Fight To Feel Sharp Again,@sbproductions99,2025-08-25T12:14:26Z,0,practicing stillness finding way reimprove focus finding ability reenjoy natural simple pleasure focus mine last year enjoyed keep
4esV4R3k1V8,Brain Rot and The Fight To Feel Sharp Again,@eyyMinda,2025-09-24T22:15:02Z,0,surprised natural eye contact rather forced stare camera make engaging
4esV4R3k1V8,Brain Rot and The Fight To Feel Sharp Again,@shaniaturk6627,2025-08-17T11:52:25Z,2,try use intention exercising keeping health check prayer staying connected family friend
4esV4R3k1V8,Brain Rot and The Fight To Feel Sharp Again,@zombiesun44,2025-11-11T05:33:21Z,0,realized brainrot gotten used phone yoga flow holding pose done startled lately attended group meditation class lock phone away minute taking breathes fresh winter air cleansing mind
4esV4R3k1V8,Brain Rot and The Fight To Feel Sharp Again,@aliyakanat,2025-08-26T12:34:44Z,0,intentionality conscious authoring life directing innate flow yield actual result love thank
4esV4R3k1V8,Brain Rot and The Fight To Feel Sharp Again,@Murilo-d1r,2025-08-21T14:06:57Z,3,use internet since man fully currently week without social medium strange silence mind doubting judging perfect trying figure want life
4esV4R3k1V8,Brain Rot and The Fight To Feel Sharp Again,@Djowl6,2025-08-28T21:10:50Z,0,amazing thoughtful content delivered calm soothing tone keep work learning japanese thought new niche word どうもありがとう
4esV4R3k1V8,Brain Rot and The Fight To Feel Sharp Again,@looplooplooplooploop,2025-08-22T12:47:05Z,0,thank needed fact new playlist called regularly remind
4esV4R3k1V8,Brain Rot and The Fight To Feel Sharp Again,@mminurso,2025-11-11T01:01:45Z,0,recently started curating playlist various moment energy adding vaguely similar song together mean taking note bpm vocal finding exact order want burning onto album art tracklist feel personality developing eye spend cd reading book
4esV4R3k1V8,Brain Rot and The Fight To Feel Sharp Again,@funnymicepacman4457,2025-08-22T03:01:15Z,0,lovely vid long form focus ❤❤❤
4esV4R3k1V8,Brain Rot and The Fight To Feel Sharp Again,@mohammadwalid1055,2025-12-23T10:29:17Z,0,gosh angel mehow beautiful yoy
4esV4R3k1V8,Brain Rot and The Fight To Feel Sharp Again,@raven_Apex,2025-08-25T02:53:20Z,0,enjoyed inclusion simone weil shes reason idea attention brings life continuous participation keep alive resonates deeply help virtual entity apps social medium trend consumer good demon metaphorical sense need eat stay alive try hypnotize keep feeding
4esV4R3k1V8,Brain Rot and The Fight To Feel Sharp Again,@333m-z3g,2025-08-30T06:24:25Z,0,august deleted tiktok care app month reel gotten reading book fiction philosophy interesting annotating taking note enjoying longform content fixing attention span slowly gone reading article various publication essay following curiosity place start reading enjoying long form content definitely delete apps reel video week youll live without stuff
4esV4R3k1V8,Brain Rot and The Fight To Feel Sharp Again,@rojinayahh,2025-08-28T17:41:09Z,0,love reading etymology nerd sub book tooo
4esV4R3k1V8,Brain Rot and The Fight To Feel Sharp Again,@merbst,2025-08-21T12:27:04Z,0,share passion learning intrinsic motive curiosity
4esV4R3k1V8,Brain Rot and The Fight To Feel Sharp Again,@mxrl_413,2025-09-11T14:09:23Z,1,josephine discovered long ago reason analogue journal etc btw depth resonance personal growth feel address ubiquitous forboding issue brainrot war invaluable attention span used spend day scrolling incessantly tiktok insta reel short rare occasion however apps tiktok proven assaulting attention span cognition moment deleted knew ill worked well enough year since last brainrot related bout felt strong urge since grew mentality level knew valueble stake purely fomo topic another subsequently began reading alot book ranging genre became touch literature world found peace growth wisdom opposed fastpaced visualbased content draining former day picked journaling writing recently poetry grew confident speech word idea intention aswell faced alot sped content online occasional shortsreels feel control aware action repercussion health generally steer away feel sign brainrot lack meaning enjoy daytoday activies walking skygazing gratitude prayer food mutual connection whenever added derived joy short life feel life slowly becoming meaningful tailored specifically thank joesphine feel connected
4esV4R3k1V8,Brain Rot and The Fight To Feel Sharp Again,@wethevillain,2026-05-16T03:43:28Z,0,whats scarier future generation grow digitalized world might difficult understand detoxed mind feel let alone crave feeling feel sharp
4esV4R3k1V8,Brain Rot and The Fight To Feel Sharp Again,@audiobook_freak,2025-09-13T20:04:07Z,0,felt long though long iphone struggled boredom impulse control since childhood whatever stupid reason stupid little phone pocket pull emergency blessing better drug going however sure incorporate non screen related hobby sure moment every day dumb as influencers one encouraged try hobby first place dumb felt worse since entertaining via phone rather mindless gaming mindless clubbing activity
4esV4R3k1V8,Brain Rot and The Fight To Feel Sharp Again,@screwmatik,2025-12-30T19:59:46Z,0,feel could interviewed next clancy space podcast listening seems focus 10 choose easy dopamine try away start become neither
4esV4R3k1V8,Brain Rot and The Fight To Feel Sharp Again,@zetoflips,2025-08-25T03:49:15Z,0,recommend patience pick skateboarding amount focus needed time becomes euphoric matter space available four wheel feel journey setting goal course workout intense🛹🛹🛹🛹🛹🛹🛹🛹🛹
4esV4R3k1V8,Brain Rot and The Fight To Feel Sharp Again,@ThatGuyWierd,2025-08-22T08:30:43Z,0,part super conscious mind reminded heard age ago used listen alan watt younger trying find meaning life whatever similar point least perhaps quoting else focusattentionawareness spot light awareness narrow view choose focus occasionally feelexperience floodlight consciousness moment flow lightness sharpness coveted noticed experience whole life feeling spotlight less floodlight past couple year sure
4esV4R3k1V8,Brain Rot and The Fight To Feel Sharp Again,@JojoTully,2026-02-13T23:09:41Z,0,brain rot hate rot well far easier addicted internet
4esV4R3k1V8,Brain Rot and The Fight To Feel Sharp Again,@delia9620,2025-08-24T13:36:21Z,0,month ago spread calm energy warmth thank feeling distracted moment present brain rot remarkable
4esV4R3k1V8,Brain Rot and The Fight To Feel Sharp Again,@PrabhpreetDua,2025-08-26T20:53:07Z,1,pace video hard pay attention speaking entire twenty minute especially
4esV4R3k1V8,Brain Rot and The Fight To Feel Sharp Again,@dylancorrea733,2025-08-24T16:17:21Z,0,hobby fixed especially difficult one photography nice helped use technology purpose wood working overall furniture god phone hour take brain matter
4esV4R3k1V8,Brain Rot and The Fight To Feel Sharp Again,@ahem8013,2025-09-04T20:10:51Z,0,lack close friendsfamily regularly deep conversation part feeling
4esV4R3k1V8,Brain Rot and The Fight To Feel Sharp Again,@roryofkramer,2025-11-22T17:07:34Z,0,completely agree answer learn hurdle sure without thwack mindless content designed yeet useless rabbit hole attention general sense wellbeing harvested billionaire help
4esV4R3k1V8,Brain Rot and The Fight To Feel Sharp Again,@nandikaxlife,2025-09-04T10:23:23Z,0,thank nice ppl trying fall brainrot trap listening music using instagram couple day enjoying feel depressed else experience using social medium music avoid negative thought processing
4esV4R3k1V8,Brain Rot and The Fight To Feel Sharp Again,@MSHNKTRL,2025-10-26T18:48:47Z,0,shivelight english word light filter tree
4esV4R3k1V8,Brain Rot and The Fight To Feel Sharp Again,@alyssas9032,2025-08-21T14:23:18Z,1,love noticed social medium negatively impacting mental health college year ago deleted instagram snapchat used pinterest found hardly miss yet sometimes notice craving absorb content struggle screen addiction time actively trying build daily routine habit feel sharp curious
4esV4R3k1V8,Brain Rot and The Fight To Feel Sharp Again,@mas90s,2025-11-19T16:55:03Z,0,struggle meaning general living mindful live expand helpful least livable degree thank love sharing appwebsite collect material
4esV4R3k1V8,Brain Rot and The Fight To Feel Sharp Again,@ConanDuke,2026-04-04T18:05:55Z,0,thamuss judgment practised writing would cease exercise memory would become forgetful
4esV4R3k1V8,Brain Rot and The Fight To Feel Sharp Again,@elabelabambam,2025-10-08T13:14:22Z,0,enjoy directing full attention colouringi take absorb image whether complex simple colour one ill use take filling space gently colour outside line
4esV4R3k1V8,Brain Rot and The Fight To Feel Sharp Again,@brynnplant,2025-08-18T14:55:52Z,6,buddhism couple year ago breakup philosophy text practice center around idea presentness focus meditation buddhism allows experience present grounded several point reminded there idea inherently possess whats referred buddha mind awareness completely open clear experience weighed anxiety craving distraction point buddhist practice therefore experience state awareness consistently life
4esV4R3k1V8,Brain Rot and The Fight To Feel Sharp Again,@hanbot14,2025-11-08T01:48:28Z,0,experienced unique similarity birthday whatnot periodically tiktok section nice little anchor world outside fyp
4esV4R3k1V8,Brain Rot and The Fight To Feel Sharp Again,@SheekFeel-Ay,2026-01-23T14:33:23Z,0,definitely feel different early teen smartphonesborn respect perceive longer spend moment deep thought minute pas feel longer day happen quickly
4esV4R3k1V8,Brain Rot and The Fight To Feel Sharp Again,@semolinalibra,2025-10-15T15:03:18Z,0,read along line nowadays anime anime watcher book written fan fiction reader absolutely weave idea less attention different lesser known literature art homogenous similar product lead consume regurgitate
4esV4R3k1V8,Brain Rot and The Fight To Feel Sharp Again,@garybrowser6885,2025-08-15T21:15:01Z,7,excellent super research often look visualise give extra incentive procrastinate randomising controllable going different town researching immediately heard nurturing inner child
4esV4R3k1V8,Brain Rot and The Fight To Feel Sharp Again,@Mona_rchy,2025-08-23T03:00:01Z,0,english term sunlight filtered tree dappled light
4esV4R3k1V8,Brain Rot and The Fight To Feel Sharp Again,@JPcommunicates,2026-01-16T18:19:25Z,0,brain rottens doesnt use use doesnt matter
4esV4R3k1V8,Brain Rot and The Fight To Feel Sharp Again,@sleeplessjunk1e,2025-08-16T20:15:56Z,1,might seem obvious nonetheless reading fan fiction annotating quote dialogue little summary scene find interesting hand improved attention span actual comprehension story substance rereading fic million word long though actively taking note istg missing detail first read length put whole focus take sit written engage full extent deeper level insight within recognize pattern missed chance notice easier start putting practice undivided attention swear check phone time used hour fly highly recommend
4esV4R3k1V8,Brain Rot and The Fight To Feel Sharp Again,@karbarysy,2025-09-03T07:38:19Z,1,note haruki murakami talk talk writing perfect day fund word komorebi light seeps tree resonated throughly enjoyed looking forward seeing idea
4esV4R3k1V8,Brain Rot and The Fight To Feel Sharp Again,@joshuatealeaves,2025-08-22T17:56:34Z,0,björk radiohead thumbnail overthinker artist intelligent beautiful million type woman
4esV4R3k1V8,Brain Rot and The Fight To Feel Sharp Again,@vampiraleah,2025-09-03T12:27:56Z,0,small done helped greatly stop reading section typing ease anxiety bunch need scroll hit valuable satiating information realized search connection instead irl opening edit started ask need commentary overly concerned video instead forming conclusion
4esV4R3k1V8,Brain Rot and The Fight To Feel Sharp Again,@HelloMintMind,2025-12-15T15:34:50Z,0,celebrating subscriber thank chronically overstimulated insatiable need comfort focused creating needed break 3day meditation challenge dopamine detox cleanse mind noise recalibrate silence purge cultural conditioning constant productivity strengthen concentration broken multitasking incessant distraction together release habit depend external stimulation replace longer attention span regulated nervous system satisfaction life
4esV4R3k1V8,Brain Rot and The Fight To Feel Sharp Again,@julesnymo,2025-10-13T02:03:25Z,0,huge part issue capitalism latest stage maximizing profit pushing fast overproduction commodity sell consumer keep eating fast faster social medium form easily found nearly every aspect life important take bodily autonomy mind navigate slowly let enjoy bird flying float lake read book chat friend dinner hour forth agitate around imagine better world profit driven pushing climate crisis collapse fight
4esV4R3k1V8,Brain Rot and The Fight To Feel Sharp Again,@urlocalposer,2025-09-11T22:26:28Z,1,would loooove started podcast talking topics🦢
4esV4R3k1V8,Brain Rot and The Fight To Feel Sharp Again,@mirabelairs,2025-08-26T01:45:02Z,0,reading struggle listening music listening frequency might help calming sound rain thunderstorm fireplace noticed listening frequency make feel calm free equivalent listening music recommend solfeggio healing frequency
4esV4R3k1V8,Brain Rot and The Fight To Feel Sharp Again,@Tigerrr_studiess,2025-10-20T06:39:11Z,0,removed tiktok pandemic losing attention span reel mindful limit consumption take break
4esV4R3k1V8,Brain Rot and The Fight To Feel Sharp Again,@ameliabuns,2025-12-29T18:13:05Z,0,glad thought specially creativity uniqueness issue everybody becoming npc problem day feel using brain capacity without social medium etc replaced social medium call scientific brain rot try understand random science concept head hurt optic confusing try meditate bit remember force need baking eating trash executive dysfunction doesnt let cook expensive heck eat
4esV4R3k1V8,Brain Rot and The Fight To Feel Sharp Again,@David-xd6hi,2025-08-21T00:16:32Z,0,love perfect day scene sister ending scene cry rarely cry
4esV4R3k1V8,Brain Rot and The Fight To Feel Sharp Again,@wiishawl,2025-09-07T06:43:49Z,0,ironically proved attention span ruined needed four sitting finish 25minute
4esV4R3k1V8,Brain Rot and The Fight To Feel Sharp Again,@PrateekSaini,2025-09-16T14:45:07Z,0,speed mentioned symptom stopped away
4esV4R3k1V8,Brain Rot and The Fight To Feel Sharp Again,@hopedoperope,2025-12-17T10:06:56Z,0,come living distracting choose distraction distraction nonetheless
4esV4R3k1V8,Brain Rot and The Fight To Feel Sharp Again,@EasyLemur4500,2025-08-18T02:56:11Z,2,feeling brain fog might tiktok
4esV4R3k1V8,Brain Rot and The Fight To Feel Sharp Again,@justgarebear,2026-01-13T02:06:16Z,0,idk explore dream wonder anymore
4esV4R3k1V8,Brain Rot and The Fight To Feel Sharp Again,@actor-observer,2025-10-20T20:51:25Z,1,performative intellect form brain rot
4esV4R3k1V8,Brain Rot and The Fight To Feel Sharp Again,@AliothSpectranet,2025-08-28T20:06:03Z,0,point around idea stifling creativity llm arent exactly best human current state outside whole outsourcing thonks
4esV4R3k1V8,Brain Rot and The Fight To Feel Sharp Again,@cat.p.,2025-09-23T12:56:10Z,0,wtching playing random game phone listening music trying write essay
4esV4R3k1V8,Brain Rot and The Fight To Feel Sharp Again,@rainpatZ,2025-08-15T22:29:54Z,2,lovely inspiring find joy learningreading
4esV4R3k1V8,Brain Rot and The Fight To Feel Sharp Again,@tsmokrani,2025-08-23T18:30:56Z,0,love take note read etc checking asap please
4esV4R3k1V8,Brain Rot and The Fight To Feel Sharp Again,@bunberrier,2025-08-23T15:26:34Z,0,mom 1960s 1970s knew turn outside
4esV4R3k1V8,Brain Rot and The Fight To Feel Sharp Again,@Maxops500,2025-10-24T16:02:05Z,0,phd student degree far away friend family another country struggling term shortcoming led extended period depression loneliness feel phone curse
4esV4R3k1V8,Brain Rot and The Fight To Feel Sharp Again,@dylangimpelj8932,2025-12-08T17:45:38Z,0,suggestion end could expressed context socializing connecting others cooking friendsfamily intentionally greeting stranger walk brain rot solved individualist approach since desire social motivates use isolating synthetic version social medium
4esV4R3k1V8,Brain Rot and The Fight To Feel Sharp Again,@kriti3591,2025-08-21T10:08:56Z,1,perfect day amazing would recommend
4esV4R3k1V8,Brain Rot and The Fight To Feel Sharp Again,@PixelWaveChannelP,2025-11-13T00:45:33Z,0,bro sound haunting entire internet
4esV4R3k1V8,Brain Rot and The Fight To Feel Sharp Again,@liisss6727,2025-10-20T19:08:39Z,0,scrolling changing apps split screen feature👄
4esV4R3k1V8,Brain Rot and The Fight To Feel Sharp Again,@jacobrommel3112,2026-01-06T13:32:36Z,0,life refreshing attractive lady enamored
4esV4R3k1V8,Brain Rot and The Fight To Feel Sharp Again,@smallpeople172,2025-08-23T00:19:41Z,0,today learned speed regular speed…
4esV4R3k1V8,Brain Rot and The Fight To Feel Sharp Again,@StuckOnEarthForNow,2025-12-04T16:52:12Z,0,personal experience try understanding almost pb space recent find geometry causality show mind want find
4esV4R3k1V8,Brain Rot and The Fight To Feel Sharp Again,@claborantig,2025-09-01T23:42:55Z,0,consider murakami sexist agree perfect day absolute masterpiece movie touched specific relatable
4esV4R3k1V8,Brain Rot and The Fight To Feel Sharp Again,@BarhamHamaKarim-l9m,2025-11-03T11:02:16Z,0,simply put iti enjoyed learned wondering youtubes algorithm want reclaim attentionlol thanks josephine
4esV4R3k1V8,Brain Rot and The Fight To Feel Sharp Again,@stelamello02,2025-08-23T12:11:44Z,0,deleting tiktok instagram best choice spend phone feel fomo anymore rarely compare wishing prettier skinnier smarter
4esV4R3k1V8,Brain Rot and The Fight To Feel Sharp Again,@lorcancooke2301,2025-12-22T10:57:47Z,0,felt called listen speed listening brought 125x least trying loved tho intention
4esV4R3k1V8,Brain Rot and The Fight To Feel Sharp Again,@mustachiowanderer,2025-08-26T00:09:05Z,0,instagram life better since withdrawal retrain attention motivation realize separated
4esV4R3k1V8,Brain Rot and The Fight To Feel Sharp Again,@caseycoker1051,2025-08-20T14:40:03Z,1,trying learn way intentional spend choosing read learn free video phone eats working reducing thoughtful video least
4esV4R3k1V8,Brain Rot and The Fight To Feel Sharp Again,@sionetonga3801,2025-08-28T01:13:45Z,1,listed symptom immediately adjusted behaviour shut tap using random using another tap write assignment full screen video would entice click realised mind started imagining content brain rotted need help
4esV4R3k1V8,Brain Rot and The Fight To Feel Sharp Again,@maltulwin-fj9tf,2025-08-27T11:04:08Z,0,chat gpt type brain rot listened new steve bartlett podcast using susceptible dementia
4esV4R3k1V8,Brain Rot and The Fight To Feel Sharp Again,@00cozy00,2025-09-28T12:38:38Z,0,though paying attention advertisement popped every five minute believed environment lived today job sad
4esV4R3k1V8,Brain Rot and The Fight To Feel Sharp Again,@vbridgesruiz-phd,2025-08-21T21:01:19Z,0,nurture idea become whether depends factor often outside control solution nurture idea finally get door trying victor bridge
4esV4R3k1V8,Brain Rot and The Fight To Feel Sharp Again,@TheLastAxeman,2025-08-25T11:30:03Z,0,well addressed issue surprising may answer current contemporary iteration problem within older wisdom influx shallow content cover knowledge academia philosophy achieved find resolution trouble industrial complex sell modern solution problem created long way created author previous decade sometimes age mind ruined due brainrot process attention span ruined due poor living condition exhausting poorly paid job depression come pair ehhh
4esV4R3k1V8,Brain Rot and The Fight To Feel Sharp Again,@TheChunky2011,2025-08-30T15:40:59Z,0,survived 7mins sure rest insightful
4esV4R3k1V8,Brain Rot and The Fight To Feel Sharp Again,@dollbytes,2025-08-20T06:25:02Z,0,inspiring intention cut falling trap letting technology consume almost feel act rebellion aware designed keep consumer hooked whole point scare comforting place return evening excited grow xoxo curious application used jot photo diagram
4esV4R3k1V8,Brain Rot and The Fight To Feel Sharp Again,@letterto_han,2026-05-02T20:35:39Z,0,lovely pose question may stumble upon establish maintain meaningful connection outside social medium took plunge deleted social medium account friend stoped reaching seems person use social medium form low effort contact
4esV4R3k1V8,Brain Rot and The Fight To Feel Sharp Again,@DbeeSapphire,2025-08-30T00:30:03Z,0,please research ask chat gpt effect leg exercise brian study difference first hand squat dead lift specifically difference better memory recall worse surprising
4esV4R3k1V8,Brain Rot and The Fight To Feel Sharp Again,@Lucy-dk9ej,2025-08-16T22:20:24Z,1,brilliant thinker truly initial reluctance speed told needed may ask notebookjotter use create summary seems cool maybe create compilation book would love learn thanks
4esV4R3k1V8,Brain Rot and The Fight To Feel Sharp Again,@OliviaChan-1,2025-10-29T07:33:42Z,0,research komorebi may wrong word express paying attention minor detail word sunlight leaking leaf considered fancy cutesy word though feeling missed point english native language japanese aint either little unrelated japanese language bunch word 木漏れ日 word random stuff 捨て台詞 sutezerifu meaning goodbye phrase cool language ton random crap
4esV4R3k1V8,Brain Rot and The Fight To Feel Sharp Again,@singhonjourneyyy,2025-12-26T21:13:39Z,0,content eye contact camera little bit
4esV4R3k1V8,Brain Rot and The Fight To Feel Sharp Again,@InfiniteLightAura,2025-12-24T18:20:31Z,0,incredibly grateful choose sit morning listen pay attention background gem brought shift consuming content used try note possible sitting attentive thank
4esV4R3k1V8,Brain Rot and The Fight To Feel Sharp Again,@denirodarkqwerty,2025-08-30T04:25:12Z,0,mistook person followed year surprised accent
KiwIqjcgSQw,Self Education: Your Best Defense Against Brain Rot,@ThoughtCouture,2025-08-21T21:02:23Z,461,forget check snag free reading plan curious…what would study could study taught past please share class
KiwIqjcgSQw,Self Education: Your Best Defense Against Brain Rot,@khams3990,2025-08-25T14:16:22Z,8053,navy chief told stop learning start dying
KiwIqjcgSQw,Self Education: Your Best Defense Against Brain Rot,@1Gr8Editrix,2025-08-24T18:04:18Z,13211,adhd spent year trying strengthen brain nonfiction mental exercise since social medium focus discipline gone hell want brain
KiwIqjcgSQw,Self Education: Your Best Defense Against Brain Rot,@MiniJar8,2025-11-07T22:35:42Z,795,used silently judge dad buying dummy book thought silly might onto something… dummy open learning beginner mindset invaluable
KiwIqjcgSQw,Self Education: Your Best Defense Against Brain Rot,@ninadiceee,2025-10-20T02:20:30Z,3075,read interaction going take year pas anyways lowkey mentality learn new
KiwIqjcgSQw,Self Education: Your Best Defense Against Brain Rot,@carolg6598,2025-08-29T01:48:50Z,3951,sound kind scrolling brain rot replaced real hobby discouraged starting new hobby online creating perfect explanation painting cosplaying gardening
KiwIqjcgSQw,Self Education: Your Best Defense Against Brain Rot,@allychappy,2025-11-05T09:36:29Z,990,local librarian find goto book topic find university course look reading list often available online may find online lecture series online run university coursera edx etc
KiwIqjcgSQw,Self Education: Your Best Defense Against Brain Rot,@timbuktu8069,2025-09-03T15:00:59Z,1608,addict found help ask learn main point matter plan put practice learned new fry egg kitchen try help break chain doomscrolling
KiwIqjcgSQw,Self Education: Your Best Defense Against Brain Rot,@meatforge,2025-08-29T13:07:27Z,4874,shiny object syndrome difficult knowledge mile wide inch deep
KiwIqjcgSQw,Self Education: Your Best Defense Against Brain Rot,@myriamm.9960,2025-09-26T12:48:31Z,1235,despite living era access information unprecedented become dumber
KiwIqjcgSQw,Self Education: Your Best Defense Against Brain Rot,@theresadutcher4750,2025-08-24T15:53:49Z,2471,brainrot interrupt definition brainrot feel masterful
KiwIqjcgSQw,Self Education: Your Best Defense Against Brain Rot,@Mathemphetamine00,2026-02-08T19:28:23Z,31,reteaching math elementary high school struggled keep understand able fully grasp basic turn able keep school past fraction currently fraction must starting understand going
KiwIqjcgSQw,Self Education: Your Best Defense Against Brain Rot,@anirban7493,2025-09-01T07:02:11Z,2313,biggest flex completing bachelor electrical engineering taught physic appeared exam landed direct phd astrophysics
KiwIqjcgSQw,Self Education: Your Best Defense Against Brain Rot,@maxw4974,2025-09-09T15:30:33Z,1239,mom used read book used ask reading would excited tell book past year noticed ask doesnt say hasnt phone sad lose hobby part personality
KiwIqjcgSQw,Self Education: Your Best Defense Against Brain Rot,@probablyjustamagpie5357,2025-11-04T18:32:58Z,45,forced take semester school health reason able learns brain screen roof goal start teaching physic chemistry give boost start degree
KiwIqjcgSQw,Self Education: Your Best Defense Against Brain Rot,@rye1371,2025-08-29T07:23:43Z,992,feel social medium ruined creativity used daydream realize daydream sitting car listening music
KiwIqjcgSQw,Self Education: Your Best Defense Against Brain Rot,@satisuyana,2025-08-26T15:55:56Z,2869,learned bake earn living online bakery wedding cake learned soap candle sell learn earn money thanks inspiration
KiwIqjcgSQw,Self Education: Your Best Defense Against Brain Rot,@bluecrocodilus6594,2026-02-11T13:25:29Z,6,doom scrolling took place love learning worked burnout created hole doom scrolling filled abusive workplace changed fighting
KiwIqjcgSQw,Self Education: Your Best Defense Against Brain Rot,@LuizGustavoGutierrezFerreira,2025-08-24T15:59:07Z,1330,woke pandemic quarantine used spend day playing videogames wondering useless stuff today biology undergraduate student proud trying learning new hope feel delight constant learning day
KiwIqjcgSQw,Self Education: Your Best Defense Against Brain Rot,@Tigertame4,2025-08-29T11:32:44Z,1012,dad ultimate self learner born grew joined marine spent year vast library kind subject astronomy etymology history etc could discus physic string theory long life partly due curiosity
KiwIqjcgSQw,Self Education: Your Best Defense Against Brain Rot,@_george_jorge2067,2025-12-14T20:36:55Z,23,year old stopped studying reading since remember speak language university degree biomedical science decided continue study english language literature dream native language greek obsessed reading learning drug addiction love weird nerd consider interest boring waste care world full mystery information process acquiring knowledge wonderful journey social medium mostly use educational video tiktok going delete plenty left discover world
KiwIqjcgSQw,Self Education: Your Best Defense Against Brain Rot,@elijaprice,2025-08-27T10:05:54Z,631,magnificent twitter facebook tiktok break addiction read write embroider bake drive fly nurture lady nice voice incidentally
KiwIqjcgSQw,Self Education: Your Best Defense Against Brain Rot,@jmbsoutho,2025-09-09T15:27:36Z,550,used accept remembering people name became teacher exercise muscle remembering student name suddenly better took working particular brain skill
KiwIqjcgSQw,Self Education: Your Best Defense Against Brain Rot,@selamFromHasan,2025-10-08T18:50:22Z,223,framework select topic curate resource book expert community teach learn reflect learned weakstrong point
KiwIqjcgSQw,Self Education: Your Best Defense Against Brain Rot,@stevenrandall9851,2025-09-05T22:32:06Z,284,became paralyzed first since childhood explore convinced breaking neck blessing discovered paralyzed regained function regained mine
KiwIqjcgSQw,Self Education: Your Best Defense Against Brain Rot,@ey67,2026-02-27T00:55:38Z,2,going internet stop brain rot internet cause brain rot thanks
KiwIqjcgSQw,Self Education: Your Best Defense Against Brain Rot,@SBSF04,2025-08-22T04:59:19Z,978,girllll reading mind yesterday need brain feel original idea
KiwIqjcgSQw,Self Education: Your Best Defense Against Brain Rot,@chelseamarshalldesign,2025-08-29T16:25:26Z,216,kid busied special interest writing story drawing comic stopmotion sculpting jewelry composing music directing movie friend clothes hardest teaching piano long thought able play hand simultaneously adult miss energy resource free took granted kid teaching
KiwIqjcgSQw,Self Education: Your Best Defense Against Brain Rot,@zonznowing,2025-12-20T10:52:55Z,4,need commander army war total human brain degeneracy unfold next year
KiwIqjcgSQw,Self Education: Your Best Defense Against Brain Rot,@longashl,2025-08-25T13:18:29Z,223,feel brain rotting start reading feel human deleted tik tok instagram long form requires attention bit longer bottom line start creating stop consuming
KiwIqjcgSQw,Self Education: Your Best Defense Against Brain Rot,@absolutelycitron1580,2025-08-23T15:43:08Z,600,joining mutual aid group book club urban gardening organization rural environmental conservation organization least year caring seeking pleasure else considered enlightening tiktok manifested perfectly asimov quote intellectualism least come american anti intellectualism
KiwIqjcgSQw,Self Education: Your Best Defense Against Brain Rot,@JimmyCartersPeanutFarm,2026-01-03T18:43:17Z,1,yet peer reviewed longitudinal study whether social medium llm decrease brain activity feel called best practice research
KiwIqjcgSQw,Self Education: Your Best Defense Against Brain Rot,@timbuktu8069,2025-08-24T03:30:09Z,384,solution shiny object syndrome multiple project different enough break pattern finished would
KiwIqjcgSQw,Self Education: Your Best Defense Against Brain Rot,@crunchymilkentmt6351,2025-09-06T17:08:17Z,79,social study history teacher told easier control less educated agree 9th grader understood importance statement today stay school learn unbiased source read god sake beauty creating absorbing dying day gone day government full control whether old yet young guy study high school want resistance
KiwIqjcgSQw,Self Education: Your Best Defense Against Brain Rot,@tamararaljevic,2026-01-09T19:50:42Z,10,high school level knowledge could talk life study
KiwIqjcgSQw,Self Education: Your Best Defense Against Brain Rot,@DreameroftheDark,2025-09-13T20:23:29Z,258,passive consumption draw attention away activity would demand line hit realized crocheted amount minute passively minute taking public transit focusing crochet exact amount yarn stitch etc difference minute put piece video attention economy irony
KiwIqjcgSQw,Self Education: Your Best Defense Against Brain Rot,@briidoesthings,2025-08-25T13:22:55Z,206,top selfeducation brain health simply learning genuinely enjoy 10000x fun fulfilling tiktok could hope vid
KiwIqjcgSQw,Self Education: Your Best Defense Against Brain Rot,@DiscountedTime1,2026-05-11T20:26:18Z,1,started reading book last month realized self education make realize social medium doesnt contribute
KiwIqjcgSQw,Self Education: Your Best Defense Against Brain Rot,@Nick_elodeon_,2025-10-28T18:53:24Z,210,wake call twoish week ago bought frankenstein dracula found past page without feeling either missing wasting took day reflect trying pick old hobby puzzle reading well new one cooking plain house crazy backwards without realizing
KiwIqjcgSQw,Self Education: Your Best Defense Against Brain Rot,@cadiusthegreat4530,2025-10-22T13:25:00Z,131,self education feel self sabotage college tell need break education doomscroll order rest recharge reality learning passionate rejuvenating put effort studying class testing feel wasting precious energy ready graduate native plant identification foraging going first topic self study
KiwIqjcgSQw,Self Education: Your Best Defense Against Brain Rot,@danielnoriega2029,2026-03-27T15:29:47Z,3,social medium damage lately best nomad experiential education
KiwIqjcgSQw,Self Education: Your Best Defense Against Brain Rot,@ShelbyBurgar-z9i,2025-08-31T14:04:17Z,81,reading strong suit social medium ahold reading heard somewhere sure generation access knowledge material generation imagine could decided learn grow actively every single day
KiwIqjcgSQw,Self Education: Your Best Defense Against Brain Rot,@GiulianaBruna,2025-08-25T15:23:30Z,120,would learning job positive pressure productive demotivating
KiwIqjcgSQw,Self Education: Your Best Defense Against Brain Rot,@ShreyaRao,2025-12-22T17:25:50Z,1,finally show brainrot instead telling jogging every morning
KiwIqjcgSQw,Self Education: Your Best Defense Against Brain Rot,@RainbowsAreNotReal,2025-08-24T15:24:17Z,358,gen start self learning wanting learn read read chapter book found basic block text struggle due low score motivated learn phone pretty decent reader currently reading acotar pick different reading favorite
KiwIqjcgSQw,Self Education: Your Best Defense Against Brain Rot,@totallynameless8888,2025-09-11T17:15:57Z,13,started implimenting new rule use social medium wait minute first craving
KiwIqjcgSQw,Self Education: Your Best Defense Against Brain Rot,@ZiyanKhan-p7z,2025-08-28T12:56:23Z,869,swear every woman need read silent feminine power lana cressel attract men attract desire underrated overlooked
KiwIqjcgSQw,Self Education: Your Best Defense Against Brain Rot,@wluisscalvo1640,2025-11-12T15:15:14Z,11,currently year old parent young child please give electronic device phone ipad
KiwIqjcgSQw,Self Education: Your Best Defense Against Brain Rot,@bridgetjones8339,2025-08-27T12:13:57Z,93,shocked find leaving high school large percentage crack book continued learning throughout life imagine year old continue learn new hobby new thoroughly enjoy imagine life would opened book high school floor glad hope encourages others want learn new
KiwIqjcgSQw,Self Education: Your Best Defense Against Brain Rot,@Phoenixword,2026-05-19T10:14:03Z,1,offense best defense wise man later figured doesnt exist completely feeling familiar
KiwIqjcgSQw,Self Education: Your Best Defense Against Brain Rot,@tripytaka9462,2025-09-25T09:45:46Z,48,nice post ring true experience relating post begin late 80 grandad told day stop learning day nail coffin shut obviously stop learning die start dying stop learning born adhd brain fit school found worked tell young important learn learn learn teach learn find information call tripple learn rest easy since school completed job specific certification mcse microsoft certified system engineer completed diploma completed master business system analysis mbusan stop learning
KiwIqjcgSQw,Self Education: Your Best Defense Against Brain Rot,@horuslupercalaurelian1569,2026-02-11T13:03:45Z,1,sorry finish later date going read animal farm
KiwIqjcgSQw,Self Education: Your Best Defense Against Brain Rot,@lisleigfried4660,2025-09-07T14:39:53Z,9,point sorely missing idleness true idleness doomscrolling replacing active strongly sapping idle truly detached activity human nature supplied mean constantly productive neither meant pursue constant productivity mind meant waste absurd notion unlimited power brainrot replaces rest mind need constant stimulation stress small enough remain unfelt believe essential reason done train stressed rest imagine lifting heavy gym perpetually rep light weight youll able train hard conversely suggestion work train heavy enough naturally forced rest youll exhausted proper intellectual activity response important realize overstimulated world times— often— deliberately idle
KiwIqjcgSQw,Self Education: Your Best Defense Against Brain Rot,@Raygun2022,2025-08-21T21:05:51Z,100,taking away screen helped immensely
KiwIqjcgSQw,Self Education: Your Best Defense Against Brain Rot,@VenturaDominique,2025-12-07T09:40:47Z,1,microphone pinned knitting needle act rebellion❤
KiwIqjcgSQw,Self Education: Your Best Defense Against Brain Rot,@CDeeMondays,2025-08-26T16:45:49Z,28,feel loss creativity inability cook new exciting writing idea red alert
KiwIqjcgSQw,Self Education: Your Best Defense Against Brain Rot,@sprezzatura8755,2025-09-08T12:49:53Z,10,quitting college decided create curriculum graduation date beautiful cursive handwriting lefty
KiwIqjcgSQw,Self Education: Your Best Defense Against Brain Rot,@neuralcorruption,2025-12-07T22:22:24Z,2,january started learning another language month later find memory improved faster general recall normal work related loving language chose learn study several day week
KiwIqjcgSQw,Self Education: Your Best Defense Against Brain Rot,@kitzello,2026-01-06T01:56:33Z,1,commenting hold accountable going brain 🫡‼️
KiwIqjcgSQw,Self Education: Your Best Defense Against Brain Rot,@TheMNBlackBear,2025-09-12T23:44:15Z,23,born selftaught martial art herbalism knifemaking leathercrafting guitar harmonica bicycle mechanic gardening computer science linux rule writing selftaught mean learn satisfied free beat going college pedigree stupidity pretending smart
KiwIqjcgSQw,Self Education: Your Best Defense Against Brain Rot,@quinnmills6495,2025-12-10T22:46:46Z,1,taught basic bookbinding skill simple journal hand
KiwIqjcgSQw,Self Education: Your Best Defense Against Brain Rot,@romanmorales3325,2025-08-28T06:27:44Z,42,true used calculus minute couldnt multiply number mind immediately started put weight brain treat muscle use weakens
KiwIqjcgSQw,Self Education: Your Best Defense Against Brain Rot,@belledecaucase,2025-09-20T15:38:08Z,6,dictionary could add definition brain rot doomscrolling act swiping finger across screen another feeling satisfied upon long term basis viewer engage healthy lifeenhancing activity exercise creativity management money talent skill
KiwIqjcgSQw,Self Education: Your Best Defense Against Brain Rot,@Xpertman213,2025-09-22T23:45:46Z,55,work overnight grocery store audiobooks focus mindnumbing labour best discovery best part engaging nonfiction topic following breadcrumb book recommends others etc
KiwIqjcgSQw,Self Education: Your Best Defense Against Brain Rot,@alsoeis3231,2025-09-12T17:02:53Z,21,started crocheting month ago finished knitting blanket basic crochet wanted learned knit crocheting knitting day since started truly became therapy love learning new stitch new pattern focusing whole brain lot mistake wonky scarf impressive scarf
KiwIqjcgSQw,Self Education: Your Best Defense Against Brain Rot,@t3331157,2026-01-09T12:11:18Z,2,salve latin ancient greek teacher thrilled hear taking valuing classical language keep
KiwIqjcgSQw,Self Education: Your Best Defense Against Brain Rot,@rashedulkabir6227,2025-08-24T09:16:22Z,105,solid advice gen next generations—they going using internet smartphones tech instead wasting mindless content
KiwIqjcgSQw,Self Education: Your Best Defense Against Brain Rot,@DandelionCrayons,2025-08-25T21:34:55Z,9,study college math working problem proof pace hour daily
KiwIqjcgSQw,Self Education: Your Best Defense Against Brain Rot,@bbyperla,2025-12-31T05:58:59Z,1,popping soon delete tiktok definitely sign
KiwIqjcgSQw,Self Education: Your Best Defense Against Brain Rot,@karlfey,2025-08-27T09:54:44Z,17,timely videoi conclusion lately war humanity started drawing decade neglect journal daily reading infinitely year stop learning use age excuse check end age embrace humanity walk away facebook reclaim life
KiwIqjcgSQw,Self Education: Your Best Defense Against Brain Rot,@IgaChicken,2025-09-02T18:59:36Z,19,caked brain cell new favorite thank maam dump today future world picked cheer
KiwIqjcgSQw,Self Education: Your Best Defense Against Brain Rot,@karthikarjun99_,2026-03-17T11:09:46Z,0,fully march needed mental masturbate suffering intellectual hoarding might help well thanks
KiwIqjcgSQw,Self Education: Your Best Defense Against Brain Rot,@mikerad1983,2025-08-25T11:54:59Z,19,best wisdom gleaned subject focus process result started drawing fundamental course year ago unglamorous work primitive shape plane ellipsis contour line etc sticking yielded incremental powerful result outshining decade informal drawing art learning community put find process love odds stick otherwise crazy person sit hour draw box line simple form worked find love enough crazy nut bolt adopt learning process daily habit result
KiwIqjcgSQw,Self Education: Your Best Defense Against Brain Rot,@bujobyfilo,2025-08-28T17:10:35Z,40,teacher important section give hope learned spanish live spain learned portuguese bit hindi create connection broaden horizon want feel time better scrolling short long term
KiwIqjcgSQw,Self Education: Your Best Defense Against Brain Rot,@jeffreyleonard7210,2026-01-31T16:07:40Z,0,small example play online scrabbletype game want money could pay keep ad away fair enough instead left ad play ignore stretch instead slowly accrue coin small amount physical fitness taking break game second trade coin ingame hint feel rush shortcut higher score help brain start feel soft mushy adaptive workaround add new word address book definition nearness hint tempting weakens wordmaking skill game example path brain rot vid thanks excellent suggestion autodidact
KiwIqjcgSQw,Self Education: Your Best Defense Against Brain Rot,@jamesmackey1238,2025-08-28T12:33:37Z,7,agree requires slow dedication fight brain rot
KiwIqjcgSQw,Self Education: Your Best Defense Against Brain Rot,@AlexsBrain-b3x,2025-08-24T17:08:33Z,53,must start open learning revolution education free open access college degree arent required show skill evidently arent sufficient entry level job anymore learn pace style tailored without measured cold system find fitting
KiwIqjcgSQw,Self Education: Your Best Defense Against Brain Rot,@GreedentNo5,2025-08-29T12:03:09Z,39,saving grace bit physician constantly learning burn turned reel unproductive hobby trying reclaim
KiwIqjcgSQw,Self Education: Your Best Defense Against Brain Rot,@Mr_Satorulol,2026-05-10T07:46:04Z,0,amazing era choosing selfeducation mindlessly scrolling social medium make difference love teach technique dive deep topic genuinely curious
KiwIqjcgSQw,Self Education: Your Best Defense Against Brain Rot,@NinetalesZ,2025-08-27T05:41:16Z,40,taught drawing painting watercolor though amateur level writing cursive there want learn thanks
KiwIqjcgSQw,Self Education: Your Best Defense Against Brain Rot,@BelleHarrington-s9l,2025-12-11T01:15:06Z,1,wan reduce spend social medium trying learn speak french crochet food scratch excited progress😋❤
KiwIqjcgSQw,Self Education: Your Best Defense Against Brain Rot,@EmnM2010,2025-08-30T05:20:24Z,83,helped high school turning study guide extremely silly stick figure comic strip teacher willing give credit could show understanding outside test question used comic teacher commission whole government class topic saw student struggling worked well learning fuuuuuun1 fun sure looking removing scholarly gravity replacing brevity aggressive silliness austere distant historical easier equally silly teenager relate understand easier remember happened matter least funny
KiwIqjcgSQw,Self Education: Your Best Defense Against Brain Rot,@katelyngreller,2025-08-21T21:17:00Z,32,consistent example internet best thank
KiwIqjcgSQw,Self Education: Your Best Defense Against Brain Rot,@peggymccright1220,2025-12-16T19:03:55Z,0,year old learning learning philosophy want learn science neuroscience specifically thanks step help tremendously
KiwIqjcgSQw,Self Education: Your Best Defense Against Brain Rot,@jmcgregor316,2025-10-06T10:34:24Z,8,exactly child animated excited learning life long learning answer
KiwIqjcgSQw,Self Education: Your Best Defense Against Brain Rot,@petrosstefanidis6396,2025-09-04T11:02:32Z,4,stick greek advice greek approve
KiwIqjcgSQw,Self Education: Your Best Defense Against Brain Rot,@cocoandthekitten,2025-12-18T06:34:16Z,1,love wrote war thumbnail cause feel brainrot glue fighting battle hard addicted social medium online game neglected requires specific approach take healthy habit reading book longinsightful podcast hobby etc battling take crown
KiwIqjcgSQw,Self Education: Your Best Defense Against Brain Rot,@sunstonerain5779,2025-08-24T12:00:01Z,34,current special interest catholic drama inspired movie conclave current book reading closet vatican power homosexuality hypocrisy frederic martel number time pissed pope francis passive aggressively talked shit homily without naming name hilarious using desire salacious gossip learn institution previously interest sure count self learning learning decade old salacious gossip author frequently use word need look farthengale robe triptych liberation theology catechism expiate expanding vocabulary
KiwIqjcgSQw,Self Education: Your Best Defense Against Brain Rot,@Marvinmartion,2025-08-28T13:17:53Z,63,poorly school yet loved learning read encyclopedia father subscription timelife book devoured educated several subject adult life meteorology history science professor tell could test college degree important knowledge live
KiwIqjcgSQw,Self Education: Your Best Defense Against Brain Rot,@puty45,2025-12-08T18:21:01Z,2,popped algorithm searched would lead longing feeling missing need learn motivation put interest forgot life tingle whole every question recently answered
KiwIqjcgSQw,Self Education: Your Best Defense Against Brain Rot,@jmsl_910,2025-08-21T21:44:52Z,79,encyclopedia place internet started worked enjoying topic wanted read bliss hot summer day
KiwIqjcgSQw,Self Education: Your Best Defense Against Brain Rot,@brostoevsky22,2025-08-24T14:25:36Z,159,self education consistently maintaining challenge currently study advanced russian tutor italki week hour saturday self learninghomework day order mental emotional energy task recently started waking early study bit work carving biggest challenge study help read russian classic original language bear mind bachelor degree russian language literature plus lived moscow learning lifestyle learning russian another since film read book idea challenge recently swedish classic film seventh seal mind blowing real film nota bene avoiding polyglot trap language learning key studied language varying degree find little daily use beyond medium consumption realized spanish french portuguese norwegian nice russian prized gem others bonus content thought maintaining language daunting shouldnt top priority
KiwIqjcgSQw,Self Education: Your Best Defense Against Brain Rot,@militantpacifist13,2026-05-03T20:30:15Z,1,use type social medium except currently teaching asl free enjoying science math video usually every day critically remain logical talking unless going deep meaningful conversation learn grow alone meet normies follow social trend instead
KiwIqjcgSQw,Self Education: Your Best Defense Against Brain Rot,@ITSWXYNE,2025-10-15T11:30:51Z,7,biggest flex use social medium anymore stream music online platform old school
KiwIqjcgSQw,Self Education: Your Best Defense Against Brain Rot,@hey-ey6bl,2025-08-28T14:06:32Z,4,want learn skincare art safe selftanning fun part come dressing makeup
KiwIqjcgSQw,Self Education: Your Best Defense Against Brain Rot,@douglasstrother6584,2025-08-26T05:21:00Z,5,tossed university utah state university look brain rot
KiwIqjcgSQw,Self Education: Your Best Defense Against Brain Rot,@bejoba3519,2026-01-23T22:11:05Z,3,admire desire learn brain rot decided become polymath polyglot feel would fun exciting wide range knowledge solve majority problem across every day life make runescape character wide branch skill capable solving complex problem hoping learn applied theoretical healthcare medical subject history marital art language music philosophy coding mathematics science etc name learn
KiwIqjcgSQw,Self Education: Your Best Defense Against Brain Rot,@ajh.4131,2025-09-02T14:55:21Z,30,started learning spanish college intermediate level graduated loved continued afterwards taking online tutoring session reading book video spanish conversing coworkers spanish refuse lose skill allowed connection goal day level native pretty darn close
KiwIqjcgSQw,Self Education: Your Best Defense Against Brain Rot,@CoushattaL,2025-08-26T17:46:45Z,24,hard productive trying learn depressed chronic illness trying
KiwIqjcgSQw,Self Education: Your Best Defense Against Brain Rot,@cute511teddy,2026-05-13T12:14:19Z,0,true memory started fading proud sharp memory
KiwIqjcgSQw,Self Education: Your Best Defense Against Brain Rot,@v4lentinaaaaa,2025-09-16T13:50:42Z,4,wait funny knitting started learning week felt would useful
KiwIqjcgSQw,Self Education: Your Best Defense Against Brain Rot,@alexmcquillan4915,2025-08-26T08:59:03Z,26,self study kept sane significant mental health issue past year meaning hospital residential facility staying formal education difficult teenager free dedicate self study truly reason gradually better mentally enjoying process learning helpful learn topic passionate happy given short term goal work towards learn concept finish chapter etc kept focused busy learning hobby place start university first couple week ill tangible goal passing course hope continue self studying hobby side supplement university work proud far grateful able dedicate self learning
KiwIqjcgSQw,Self Education: Your Best Defense Against Brain Rot,@LeonardXie-xyc,2026-01-20T07:32:21Z,0,selfeducating improve english level asian
KiwIqjcgSQw,Self Education: Your Best Defense Against Brain Rot,@alessandro-sr7ki,2025-08-29T12:06:35Z,11,best topic throw information explained common problem emerge trying learn new presenting solution work
KiwIqjcgSQw,Self Education: Your Best Defense Against Brain Rot,@EarthMedLover,2025-08-27T04:42:54Z,5,want start increasing brain activity feel copy online hobby originality want create brain grateful feel thank video🙏🙏
KiwIqjcgSQw,Self Education: Your Best Defense Against Brain Rot,@NilaMatters,2025-08-27T20:24:53Z,9,took interesting adventure first second looked virginia woolf thought peace air raid read essay pretty short definitely interesting reading realized quote fighting anywhere piece remembered ctrl either checked another pdf source essay sure wrong either asked chatgpt checked chatgpt hallucinated different exact quote citation essay include phrase finally admitting criticism exactly example want learn thank case reading curious real quote essay another fighting freedom without arm fight mind recognize frame direct quote interesting thought experiment lesson trusting anywhere genuinely thank loved
KiwIqjcgSQw,Self Education: Your Best Defense Against Brain Rot,@yaj_5002,2025-09-01T15:41:54Z,27,age analytics stats useless easy lie age creating google account mentioning kid using parent phone generally parent account
KiwIqjcgSQw,Self Education: Your Best Defense Against Brain Rot,@userhomecomingking,2025-12-20T05:11:05Z,1,spent year learning corsetry entirely dedicated portion process true passion enjoyment process interest shifted public almost felt engagement medium created higher expectation based work seeing work started working drive instead passion project chasing goal rather personally enjoyed fun design appreciate agree every lack learning desire learn instead desire structured topic speak absolutely wonderful
KiwIqjcgSQw,Self Education: Your Best Defense Against Brain Rot,@ronniesan9805,2025-08-26T00:17:04Z,5,started writing letter close friend love receive
KiwIqjcgSQw,Self Education: Your Best Defense Against Brain Rot,@Rathernott,2025-08-28T12:50:57Z,4,idea self learning could become new version doomscrolling terrifying glad pointed
KiwIqjcgSQw,Self Education: Your Best Defense Against Brain Rot,@Y13dea,2025-10-28T12:40:46Z,5,need scientist ratify obvious brain rot lower capacity focus without study understand complex idea word dumbs news reversible stop scrolling magically couple month find able whole without impatience read page row movie pleasure etc talking experience
KiwIqjcgSQw,Self Education: Your Best Defense Against Brain Rot,@Coffeekona6String,2025-08-28T20:56:03Z,6,started short form vids pandemic saw marked deterioration short term brain strength younger teach found cool sumerian cuneiform rock climbing sit desk hr day listen background month started studying spanish physic teach homeschooled teen tell difference feel better
KiwIqjcgSQw,Self Education: Your Best Defense Against Brain Rot,@Ocinneade345,2025-10-31T01:08:52Z,1,else consider write letter andor postcard would
KiwIqjcgSQw,Self Education: Your Best Defense Against Brain Rot,@drakewalters2618,2025-08-27T13:02:15Z,77,sat community college american government class monday listened kid talk receiving political news via social medium post need time little bro grasp brain rot done
KiwIqjcgSQw,Self Education: Your Best Defense Against Brain Rot,@scribblewoman,2025-08-29T06:02:57Z,7,early 90 taught crochet garment blanket etc went shop thrift store started couple dollar big instruction book 70 hook ball wool started studying buddhism reading lacking bit direction love scar model curate would step identify follow group join
KiwIqjcgSQw,Self Education: Your Best Defense Against Brain Rot,@k.issafrota5346,2025-11-17T18:31:10Z,0,self taught professional hobbyist thank realized learning hobby mine later year exactly point learning learn better guide methodical conscious step learning anotaded imediately sending friend tell admire dedication hobby start congrats
KiwIqjcgSQw,Self Education: Your Best Defense Against Brain Rot,@Jaderabbit3485,2025-08-27T14:14:07Z,4,year trying improve brain function working proud accomplishment remember wrote clearer keep losing phone need often
KiwIqjcgSQw,Self Education: Your Best Defense Against Brain Rot,@JP-ve7or,2025-08-25T15:25:02Z,6,learning japanese little little seemed impossible started year ago kept going learning fitness shape almost every gym class terrible consider self learning extent older want brain body function well long
KiwIqjcgSQw,Self Education: Your Best Defense Against Brain Rot,@JustJami74,2025-11-16T23:48:03Z,0,addition algorithm actively looking combat brain rot
KiwIqjcgSQw,Self Education: Your Best Defense Against Brain Rot,@nomad1517,2025-09-26T18:33:15Z,6,trying less mindful make easier control easier divided
KiwIqjcgSQw,Self Education: Your Best Defense Against Brain Rot,@ZarquonPrime,2025-08-28T00:30:10Z,59,cancelled facebook account ten year ago rarely use social medium introverted old man selfeducated formal education research topic interest improve motivate writer study latin interested ancient rome philosopher era
KiwIqjcgSQw,Self Education: Your Best Defense Against Brain Rot,@MorningCarnival,2026-01-11T06:03:51Z,0,learning jazz music guitar antidote
KiwIqjcgSQw,Self Education: Your Best Defense Against Brain Rot,@daniboy9198,2025-09-11T18:15:34Z,8,algorithm brought glad lifelong learner self education
KiwIqjcgSQw,Self Education: Your Best Defense Against Brain Rot,@Elle-rw3se,2025-08-31T15:26:17Z,79,struck cord inability drive without radio playing force every single day drive silence brain moment harder daily reminder brain rotting enough enough
KiwIqjcgSQw,Self Education: Your Best Defense Against Brain Rot,@SoraxSpace,2026-01-14T16:37:18Z,0,conversation absolutely need help better track thank
KiwIqjcgSQw,Self Education: Your Best Defense Against Brain Rot,@PJBgamer,2025-08-27T16:05:55Z,9,reason trying learn programming art easy especially programming game wan master fascinating
KiwIqjcgSQw,Self Education: Your Best Defense Against Brain Rot,@kuerky,2025-12-08T19:24:31Z,4,wanting longest best student high school god creative spent writing drawing creating story gone gotten increasingly addicted phone scrolling lost creativity zero motivation return story try write new draw idea feel little input anymore desire learn new start want general knowledge want feel smart knowledge unlocks creativity give talk about— funnier brittany broski example keep try motivate commit wanting cause terrified dementia
KiwIqjcgSQw,Self Education: Your Best Defense Against Brain Rot,@kimberleybruesch3876,2025-11-19T21:21:28Z,0,taught sew garden preserve food canning fermenting dehydrating among method taught speak spanish health exercise nutrition natural remedy taught breast feeding childbirth homeschooling design floor plan primary goal homeschooling four children—they grown now—has produce lifelong learner
KiwIqjcgSQw,Self Education: Your Best Defense Against Brain Rot,@PragaenBA,2025-08-24T22:56:35Z,28,study reading literature trying write well problem share thought
KiwIqjcgSQw,Self Education: Your Best Defense Against Brain Rot,@MacRoss44,2025-09-22T23:22:25Z,8,pattern reading nonfiction substanative fiction escapist fluff repeat need nonsense mental health reason let overtake brain
KiwIqjcgSQw,Self Education: Your Best Defense Against Brain Rot,@tarkantakil2067,2025-11-07T19:45:06Z,0,explained eloquently mindset last roughly year major improvement mental health learned play music since tail end phd math chop reading textbook topic interested enough topic keep donkey chasing carrot keep progressing topic cool others treat self education seriously well
KiwIqjcgSQw,Self Education: Your Best Defense Against Brain Rot,@madelinerose-m4q,2025-09-04T11:14:49Z,10,power curse offer amazing educational content could wish learn bombard brain rot short unskippable ad suggested video waste take mental energy stay track life online
KiwIqjcgSQw,Self Education: Your Best Defense Against Brain Rot,@meljordan220,2025-08-28T14:02:34Z,25,ton video read quite bit chicken learn glad chicken inspiration
KiwIqjcgSQw,Self Education: Your Best Defense Against Brain Rot,@fejo8552,2025-12-22T05:42:40Z,1,self learning italian picked text book library going
KiwIqjcgSQw,Self Education: Your Best Defense Against Brain Rot,@geo665,2025-08-24T18:39:25Z,31,avid learner researcher hoarder would consider useless knowledge especially language history literature various esoterica went sideways brain started atrophy lack interaction intelligent writing habit became almost nonexistent pandemic little else collected around mostly used book judge nearly find interesting began step away social medium find doomscrolling infuriated continued dumbingdown surplus population turn woefully overstuffed bookshelf immerse complete sentence coherent thought proper punctuation universe love
KiwIqjcgSQw,Self Education: Your Best Defense Against Brain Rot,@annieboookhall,2025-08-24T18:50:05Z,58,woman loved pandemic super podcasts science history linguistics folklore learned cook started origami art studied irish later picked symbolic logic desperately want follow finishing first book eventually went grad school translate latin hoping learn economic political theory applied variety textile crochet embroidery macrame soon want scottish gaelic
KiwIqjcgSQw,Self Education: Your Best Defense Against Brain Rot,@kathleen_price,2025-11-28T11:02:27Z,0,book magazine help throughout journey brain rot season hope surpass stage
KiwIqjcgSQw,Self Education: Your Best Defense Against Brain Rot,@mush2072,2025-09-11T10:00:38Z,5,tried creating little binder information specie penguin individual sticker stuff though special interest find focus god damn hard focus minute almost scary
KiwIqjcgSQw,Self Education: Your Best Defense Against Brain Rot,@ajandhare,2025-08-24T09:21:15Z,7,relevant used university year learn beer brewing woodworking coffee science
KiwIqjcgSQw,Self Education: Your Best Defense Against Brain Rot,@hansschachvonwittenau2820,2026-05-21T06:04:21Z,0,love obeying order make life easier colonel klink hogan hero
KiwIqjcgSQw,Self Education: Your Best Defense Against Brain Rot,@ANPaige,2025-08-25T23:20:52Z,22,decided start selflearning journal first want learn dewey decimal system heard realized idea work thanks inspiration learn new
KiwIqjcgSQw,Self Education: Your Best Defense Against Brain Rot,@jeremymarquart1065,2025-09-22T22:48:16Z,15,title thank autodidacticity self taught learner mark twain apt statement toward allow schooling education
KiwIqjcgSQw,Self Education: Your Best Defense Against Brain Rot,@Bens963,2026-05-12T08:52:32Z,0,best method found self learning book recipe book learning cooking math book learning math found better retention paper book greater drive stuck incredible world live learn
KiwIqjcgSQw,Self Education: Your Best Defense Against Brain Rot,@douglasstrother6584,2025-08-26T05:11:41Z,4,recently revisit old friend jackson classical electrodynamics reifs fundamental statistical thermal physic learn new stuff related current job assignment reading book aloud completely different experience silently slower deliberate speak hear applying sens possible learning make sense trip stuff decade later outside relentless grind school schedule
KiwIqjcgSQw,Self Education: Your Best Defense Against Brain Rot,@timothymerrylees7590,2025-09-09T15:38:05Z,4,christian theology apologetics feel learning worthwhile led experience bringing closer god church brought healing use bring wisdom healing others peak moment telling young nephew jesus died cross love fully believing
KiwIqjcgSQw,Self Education: Your Best Defense Against Brain Rot,@Nayz13,2025-11-19T01:15:34Z,1,learn piano take singing lesson run without headphone create art struggle put damn phone morning read book day forcing hate fighting brain want read loved book deleted instagram typing
KiwIqjcgSQw,Self Education: Your Best Defense Against Brain Rot,@SamBorgman,2025-08-26T07:33:04Z,4,boy major revelation keep hopping new exciting project realizing another form dopamine hit get done thanks helpful
KiwIqjcgSQw,Self Education: Your Best Defense Against Brain Rot,@Max-nk9xg,2025-09-12T09:02:45Z,11,funnily enough started studying spanish professional reason discovered needed beat new word meaning head build mental bridge english word etymology history word would look word spanish come establish connection english turn spanish straight latin old french remaining essentially arabic share surprisingly large amount word english want take away learning latin wish paid attention school studying maybe spanish could interest
KiwIqjcgSQw,Self Education: Your Best Defense Against Brain Rot,@Inarizushi_jpeg,2025-08-27T10:10:01Z,12,book polish polska gurom poland mountain 🇵🇱🇵🇱🇵🇱🇵🇱
KiwIqjcgSQw,Self Education: Your Best Defense Against Brain Rot,@AydenGraceMusic,2025-11-04T22:48:32Z,1,thanks recently become interested history soviet russia learn initial success local library book
KiwIqjcgSQw,Self Education: Your Best Defense Against Brain Rot,@smashlimeblogspot1,2025-08-26T06:28:55Z,4,love feel currently learning drawing typing music production piano playing spoken japanese reflect truly motivated continue learning answer realized immersing topic believed scar method sound exactly need organize learning learning bit piece day could work quite level mastery desire subject thank guidance
KiwIqjcgSQw,Self Education: Your Best Defense Against Brain Rot,@Lindorito,2025-11-17T00:55:38Z,2,currently hiking appalachian trail downloaded hour worth audio book listen hiking creativity felt abundant since child written outline write trilogy short novel writing lyric song missing instrument wanting painting trying improve handwriting whenever phone feel month hike mention trying read learn bored failing going long walk without music gotten point want listen book whole day hope best luck trying away addicting nature apps
KiwIqjcgSQw,Self Education: Your Best Defense Against Brain Rot,@mmm-on4zp,2025-11-20T02:10:19Z,4,music medicine brain rot started cruiser skating work swim pool cook eat well sleep well staying healthy need
KiwIqjcgSQw,Self Education: Your Best Defense Against Brain Rot,@SundayNightFringe,2026-02-17T04:11:27Z,0,took piano lesson high school led buy piano led learn tune piano led antique reed organ restoration learning french polishing case work excellent recently removed social medium phone find often worth effort check computer meaning instant gratification glad rid
KiwIqjcgSQw,Self Education: Your Best Defense Against Brain Rot,@elsh332,2025-08-25T21:55:27Z,5,started homeschooling last child lesson ground approach mentioned rather synomymous approach understanding super important skimming surface digging deep moving new son doesnt like art creating different lesson idea engaged reach certain outcome way enjoy teaching appreciate art look closely curate assess method material medium used different piece eventually artist audience might purpose artwork maybe mindset attempting express going save show son going thank
KiwIqjcgSQw,Self Education: Your Best Defense Against Brain Rot,@rh4009,2025-08-22T06:19:50Z,12,stopped learning new stuff perpetual student huge backlog topic perspective noticed accelerating decline ability acquaintance thought maybe experiencing illusion smarter surrounded idiot reasoned ego must inflated however number lifestyle change happened hard difficult extent changing circumstance account perceived gap intellect seeing perspective distinct possibility brainrot real epidemic educated electrical engineering study law formal logic governance archival science
KiwIqjcgSQw,Self Education: Your Best Defense Against Brain Rot,@gagechannal4812,2025-12-16T00:53:00Z,0,glad feel hoped social medium month cautious scrolling since swore intelligent invested life
KiwIqjcgSQw,Self Education: Your Best Defense Against Brain Rot,@jackiesliterarycorner,2025-08-21T23:25:39Z,7,learning philippine japan inspired read tudor plantagenet
KiwIqjcgSQw,Self Education: Your Best Defense Against Brain Rot,@keanucool6723,2025-08-28T12:29:26Z,5,best list wanted learn pick one achievable affordable first sense achievement picking difficult list believe easier tell youve managed learn subject
KiwIqjcgSQw,Self Education: Your Best Defense Against Brain Rot,@maryannemelenka9250,2026-05-09T14:40:14Z,0,read year high school diploma learned lot😊
KiwIqjcgSQw,Self Education: Your Best Defense Against Brain Rot,@hamster3mpire,2025-08-24T20:00:38Z,6,love self studying current obsession medieval bulgarian language aka old church slavonic west medieval history want understand language bulgarian history better want write story set early medieval time inspired cooking weaving loom playing lyre kaval herbal medicine pharmacist worry happiest ignore social medium spend alone copying text reading drawing writing
KiwIqjcgSQw,Self Education: Your Best Defense Against Brain Rot,@ttownreader,2025-08-21T23:09:30Z,11,completely agree easy test brain feel differently reading physical book listening audiobook brain happier physically reading retain listening audio book
KiwIqjcgSQw,Self Education: Your Best Defense Against Brain Rot,@Nobodyofimportance,2026-04-14T18:39:55Z,0,hello resonates noticed last year attention span dwindled knew shortform content main culprit recently started personal campaign regain focus reengage surroundings part involves physical notetaking—something lose year device usage wanted personal study adventure recently learned journaling style called commonplace book intrigue unaware essentially personal encyclopedia fact knowledge reference materials—quotes excerpt baking tip interesting encountered day go handinhand unplugging engaging reality escaping digital illusion wonderful
KiwIqjcgSQw,Self Education: Your Best Defense Against Brain Rot,@MattMilu,2025-08-22T02:05:47Z,8,would love teach braille maybe help teach day others big hobby take doom scroll instead
KiwIqjcgSQw,Self Education: Your Best Defense Against Brain Rot,@lordofgingers,2026-01-26T20:53:26Z,0,avenue brain rot prevention financial literacy accountant make sense learn in out valuable pretty small midsize business owner topic beyond personal interest cosmology philosophy psychology history comedy etc find solace born gave chance enjoy life preinternet vulnerable year cognitive development imagine born world experience
KiwIqjcgSQw,Self Education: Your Best Defense Against Brain Rot,@somedude411,2025-08-28T00:05:52Z,12,course imagine backlash society omnipresent tool disposal corporation corresponding magnitude would let happen would gladly power best interest interrupt study
KiwIqjcgSQw,Self Education: Your Best Defense Against Brain Rot,@MikeHoldenSales,2025-10-30T22:12:49Z,4,currently learning critical deep dive tolkien sure related😂
KiwIqjcgSQw,Self Education: Your Best Defense Against Brain Rot,@Error.Entity,2026-01-15T01:51:33Z,0,find ironic copycat chose replicate excellent articulated far better others counted
KiwIqjcgSQw,Self Education: Your Best Defense Against Brain Rot,@seignee,2025-08-24T05:20:35Z,4,rotted fully yesterday today help
KiwIqjcgSQw,Self Education: Your Best Defense Against Brain Rot,@KeepersOfTheCodex,2025-12-11T16:57:55Z,3,part struck dictionary calling brain rot supposed deterioration folklore feel happening real wild neuroscience shown opposite brain new neuron every single day little cell survive give meaningful hold onto attach whatever feed deep learning curiosity new skill… endless tiny hit stimulation ask feel antidote selfeducation productive choosing new connection grow building mind purpose instead letting algorithm assemble idea guide neurogenesis choose kind thinker become hopeful beautiful
KiwIqjcgSQw,Self Education: Your Best Defense Against Brain Rot,@sriram181,2025-09-10T03:42:51Z,4,since lockdown happened committed teaching various form skill diverse field past year fill pride rejected institutionalization exchange holistic journey academic ended attaining neurolinguistic programming qualification started teaching guitar started mixed martial art become national silver medalist delved world financial marketsdid self study research ended going college tho dropped chose major investment management aced exam flying grade keep studying philosphy psychology self learning absolutely far better linear institutional curriculum affiliation merely use institution suggestion networking
KiwIqjcgSQw,Self Education: Your Best Defense Against Brain Rot,@aussiegoosebumps,2026-05-13T06:25:40Z,0,learning couldnt understand younger photographic portraiture light control since loving
KiwIqjcgSQw,Self Education: Your Best Defense Against Brain Rot,@kavitaiyer9971,2025-08-24T18:01:27Z,9,would point criticism mentioned wanted learn classical english though latin however spanish italian close classical latin perhaps learning spoken formal spanish closer classical english going though dead language 1st opinion
KiwIqjcgSQw,Self Education: Your Best Defense Against Brain Rot,@carolynshields2100,2025-11-20T04:52:43Z,1,teaching slowly surely decorate apply fake nail taken long accumulate different machine need seeing ton money priority soo fun learning another knew cut hair started guinea pig deal haircut eventually better cut bfs hair trim beard recently finally taken step toward relearning math pas ged move sort education business class proud consider pretty big milestone seems difficult part journey trying ball rolling finally done excited loved instant follow3
KiwIqjcgSQw,Self Education: Your Best Defense Against Brain Rot,@Jessica-v5f8p,2025-08-24T12:47:20Z,11,first wanting learn new subject learn research though research source looking arent necessarily reliable source sometimes source reliable source reliable whole skill
KiwIqjcgSQw,Self Education: Your Best Defense Against Brain Rot,@PoeticComments,2025-11-14T15:04:10Z,0,recently decided fulfill goal childhood learning draw japanese guitar going write book want read book learn
KiwIqjcgSQw,Self Education: Your Best Defense Against Brain Rot,@lucyscaranda9790,2026-05-07T19:14:14Z,0,aware warned magpie syndrome new shiny easy promotion intelligence thanks crispen
KiwIqjcgSQw,Self Education: Your Best Defense Against Brain Rot,@Insert_character_here,2026-02-04T16:12:06Z,0,minor school though going school learning could give reason may struggling school may wrong matter end day need learn school working need teach thankyou learn teach instead doomscrolling
KiwIqjcgSQw,Self Education: Your Best Defense Against Brain Rot,@mattgoolsby,2026-05-21T02:27:12Z,0,mind need book sword need whetstone keep edge read tyrion lannister
KiwIqjcgSQw,Self Education: Your Best Defense Against Brain Rot,@homeschoolhome,2025-12-02T11:43:44Z,0,learning new homeschooling kid coolest relearn deep dive kid interest believer use lose keep inspiring
KiwIqjcgSQw,Self Education: Your Best Defense Against Brain Rot,@HelloMintMind,2026-04-08T15:13:54Z,1,celebrating subscriber today love self education naturally feel motivated read book 3month done year humanity quit corporate world work meditation apps start mindfulness collectively moving towards meaningful life wishing best luck
KiwIqjcgSQw,Self Education: Your Best Defense Against Brain Rot,@smkh2890,2026-01-09T11:17:52Z,0,read comment continuing self education keeping brain active since retired year teaching painting studying music reading especially filling book missed earlier study social medium use mainly book review science cooking technique porch pirate paint bomb sorry give
KiwIqjcgSQw,Self Education: Your Best Defense Against Brain Rot,@morscovium8881,2025-08-21T23:06:40Z,5,build amount information need tool material somewhat effective astounding
KiwIqjcgSQw,Self Education: Your Best Defense Against Brain Rot,@jproaster686,2025-12-24T16:49:34Z,0,minute case finish learned experienced significant boost cognitive body capacity ate whole food fasted exercised last month learned importance electrolyte proper brain function terribly important content spot
KiwIqjcgSQw,Self Education: Your Best Defense Against Brain Rot,@flakmingo,2026-01-10T00:25:56Z,1,let mind run free free
KiwIqjcgSQw,Self Education: Your Best Defense Against Brain Rot,@lazlo76,2025-11-03T22:46:19Z,0,realize remember first gaming experience texas instrument computer took floppy disc year old first taught use
KiwIqjcgSQw,Self Education: Your Best Defense Against Brain Rot,@TereMoto,2025-12-18T18:42:37Z,0,noticed spending less less book start recreate habit pleasure reading started simple fiction book habit moved nonfiction discovered substack taking philosophy coursebook club plato symposium want join jared hendersons book club philosophy technology definitely demanding challenging confident thank encouragement advice
KiwIqjcgSQw,Self Education: Your Best Defense Against Brain Rot,@hassansyed6087,2026-05-04T03:07:26Z,0,glad creator exist madam sea brainrot content men woman result men woman developed hatred feel natural feeling creation authentic idea voice behind subbed
KiwIqjcgSQw,Self Education: Your Best Defense Against Brain Rot,@chrisreaves6399,2025-11-13T23:33:41Z,0,caked brain cell might new favorite word
KiwIqjcgSQw,Self Education: Your Best Defense Against Brain Rot,@damiengreenhood7883,2025-11-25T23:53:07Z,2,may elementary learned write correctly penmanship learned cursive decided teach cursive act rebellion modernity archetype gen insecurity academically deficient want start writing general physical note used train llm zoomer fed able read either wish luck
KiwIqjcgSQw,Self Education: Your Best Defense Against Brain Rot,@tomlavelle8340,2026-05-07T13:14:14Z,0,social medium degrading intelligence energy
KiwIqjcgSQw,Self Education: Your Best Defense Against Brain Rot,@yurironoue5888,2025-12-09T07:57:39Z,1,want learn embroidery dressmaking sewing tailoring playing instrument violin èrhú sarasvati veena nadaswaram language assyrian northeastern neoaramaic coptic malayalam tamil armenian dutch danish farsi mazandarani ossetian sanskrit tulu
KiwIqjcgSQw,Self Education: Your Best Defense Against Brain Rot,@b4ts4life,2025-11-13T14:58:45Z,0,absolutely love less stimulating alot video voice soothing easy listen
KiwIqjcgSQw,Self Education: Your Best Defense Against Brain Rot,@davidmathis-xd6nf,2025-11-25T20:40:18Z,0,son learned guitar internet since retirement studying foreign language trying learn new skill
KiwIqjcgSQw,Self Education: Your Best Defense Against Brain Rot,@Mr.Salad_,2025-11-26T12:41:39Z,0,putting background went look else realize true wanted believe used read often since stopped quite feel less intelligent attention couldnt held thought could help new age term cooked stack book spent dollar read delete apps page
KiwIqjcgSQw,Self Education: Your Best Defense Against Brain Rot,@draugno7,2026-01-15T23:55:31Z,0,favorite hobby playing piano reclaimed past couple year sometimes play every day sometimes week plan stopping took reading fully stopped read far less school day sometimes compose write poetry draw cook often enough considered hobby hope side hustle healthy snackscakes stevia whole grain flour etc
KiwIqjcgSQw,Self Education: Your Best Defense Against Brain Rot,@jinezreal2197,2025-11-13T13:48:38Z,0,book feel conversation needed manifest divine elena river explains hit emotionally get take action perfect balance
KiwIqjcgSQw,Self Education: Your Best Defense Against Brain Rot,@notalysha,2025-11-28T18:38:31Z,0,realized actively learning rotting brain first step crossword puzzle vocabulary recall going learning language modeling top random sit show scroll social medium find satisfying anymore brain want learn open language apps sit front computer work project muscle develop maintain need exercise
KiwIqjcgSQw,Self Education: Your Best Defense Against Brain Rot,@Tink1909-w9b,2025-11-02T06:56:53Z,0,thank assumed selectively video teaching valuable lead brain rot couldnt wrong invested attention remember overwhelmed structured learning valuable brain help stay track identify loophole learn better love passion learning deeply resonate
KiwIqjcgSQw,Self Education: Your Best Defense Against Brain Rot,@AaronEdenCompanion,2025-12-12T16:41:23Z,0,let fight war together eye opening self learning used self learner learning start enough consumption day thank
KiwIqjcgSQw,Self Education: Your Best Defense Against Brain Rot,@dk-yamasaki766,2025-12-26T11:32:09Z,0,burnt software developer plan pursue art start learning couple month love every bit thank
KiwIqjcgSQw,Self Education: Your Best Defense Against Brain Rot,@cloudyskies5497,2025-11-20T21:42:12Z,0,love selfstudy finding internal motivation transformative able learn couldnt afford school oftentimes faster would learned paid course anyway far learned language upperintermediateloweradvanced level used online tutorial increase technical skill
KiwIqjcgSQw,Self Education: Your Best Defense Against Brain Rot,@pmuniversee,2025-11-07T20:31:16Z,0,learning lucid dream month eyeopening experience internet mystifying treat information hub pas
KiwIqjcgSQw,Self Education: Your Best Defense Against Brain Rot,@xiexie89,2025-11-15T03:17:36Z,0,thank acronym scar select curating apply reflect adhd brain find extremely helpful use acronym morning routine saver silence affirmation visualization exercise reading scribing complete morning routine may suggest writing note hand help stick memory better hope help
KiwIqjcgSQw,Self Education: Your Best Defense Against Brain Rot,@christopherkn917,2025-12-16T17:29:20Z,0,greeting beckoning uganda east africa
KiwIqjcgSQw,Self Education: Your Best Defense Against Brain Rot,@user-kh5bx7mg6i,2026-05-04T16:33:58Z,0,proud progress italian tho person supported want keep going
KiwIqjcgSQw,Self Education: Your Best Defense Against Brain Rot,@KillerCat56,2025-11-01T18:02:01Z,0,internet access first listen music english began englishlearning journey fluent language best couldve done dear lord there quality content english spanish experience
KiwIqjcgSQw,Self Education: Your Best Defense Against Brain Rot,@entertextfortitle,2025-11-03T21:02:14Z,0,crazy brought learning classic latin spanish first thought teaching brought self learning
KiwIqjcgSQw,Self Education: Your Best Defense Against Brain Rot,@BPDheiress,2025-11-01T22:51:50Z,0,exciting find minded self education book latin end summer use history philosophy ect ❤❤❤❤
KiwIqjcgSQw,Self Education: Your Best Defense Against Brain Rot,@StarDogChamp,2025-11-16T18:40:37Z,0,short introduction oxford series awesome literary theory first book whole library series
KiwIqjcgSQw,Self Education: Your Best Defense Against Brain Rot,@crazyjamez2360,2025-11-24T19:46:49Z,0,mention teach learn want instead forced certain make time fun learn cuz learns different way
KiwIqjcgSQw,Self Education: Your Best Defense Against Brain Rot,@ManateeTail123,2026-01-08T16:28:02Z,0,shiny object hobby tried year look clutter around room😆 crochet knitting tunisian crochet coloring embroidery cross stitch latch hook diamond painting rollerskating piano current learning goal touch typing spanish alto recorder day
KiwIqjcgSQw,Self Education: Your Best Defense Against Brain Rot,@grilledcheese1567,2026-01-14T13:34:30Z,1,mindblowing figuring anymore blindly follow trust propaganda medium put feel hourly basis
KiwIqjcgSQw,Self Education: Your Best Defense Against Brain Rot,@laulau416,2026-02-24T19:52:42Z,1,taught english first language spanish realized selfteaching middle school paid attention class teacher covid felt curious lyric every song loved english whole video translation though cringe listened asmr video character listener kind slowly began recognize word context clue began native speaker australian usa british whatnot learned idiom began understand every accent without needing subtitle without noticing became fluent went school take french class horrible hated memorize every little exception every letter would different sound together hate idea learning want try learn italian learned english maybe new hobby
KiwIqjcgSQw,Self Education: Your Best Defense Against Brain Rot,@KJUW65BB,2026-02-15T08:54:24Z,0,currently studying neuroanatomy german felt demotivated busy spent either work scrolling gave motivation continue learning thank
KiwIqjcgSQw,Self Education: Your Best Defense Against Brain Rot,@m0gul666,2025-12-20T19:20:57Z,2,love thanks problem hobby try learn scar method applying thanks
KiwIqjcgSQw,Self Education: Your Best Defense Against Brain Rot,@Youtube8Gaming8,2025-12-18T17:47:05Z,0,fresh air usual video short whew
KiwIqjcgSQw,Self Education: Your Best Defense Against Brain Rot,@ChloaAndSnowy,2026-01-05T22:57:47Z,0,opened new journal plan personnel curriculum wait study psychology
KiwIqjcgSQw,Self Education: Your Best Defense Against Brain Rot,@bathtub.connoisseur,2025-11-10T20:00:56Z,0,whole life attributed undiagnosed adhd racked student debt jumping program another big want learn component highly recommended
KiwIqjcgSQw,Self Education: Your Best Defense Against Brain Rot,@lifeenjoy.,2025-11-02T19:55:10Z,1,irony recommended reel doom scrolling
KiwIqjcgSQw,Self Education: Your Best Defense Against Brain Rot,@thirdplanet4471,2025-12-19T16:42:26Z,0,recently self learning book helped journey ultralearning learning learn learn einstein life wish especially struggling student kind knowledge
KiwIqjcgSQw,Self Education: Your Best Defense Against Brain Rot,@FsFs-u3l,2026-01-22T08:53:52Z,0,young lady best defence parent job
KiwIqjcgSQw,Self Education: Your Best Defense Against Brain Rot,@kingsleyblaise-royce2597,2025-12-08T07:26:47Z,0,randomly stumbled across this🔥🔥🔥yes let old fashioned habit rid modern vice supporting brain rot
KiwIqjcgSQw,Self Education: Your Best Defense Against Brain Rot,@michelleholden5180,2026-01-20T02:07:01Z,0,thank minute turning opening book facetiously god bless
KiwIqjcgSQw,Self Education: Your Best Defense Against Brain Rot,@patrickdavis9821,2025-12-11T22:44:36Z,0,love talk person love history video every day
KiwIqjcgSQw,Self Education: Your Best Defense Against Brain Rot,@loveyourplanetx6111,2026-02-11T21:59:01Z,0,psychology want become therapist waste year college going practice enjoy learning since kid
KiwIqjcgSQw,Self Education: Your Best Defense Against Brain Rot,@aukword6255,2025-11-30T05:50:56Z,1,changing career path engineering sale decade ago could feel dumber every day compensation picked technology hobby struggling understand replicate stateoftheart helped become morelesserdumbish
KiwIqjcgSQw,Self Education: Your Best Defense Against Brain Rot,@linhalation9285,2026-03-02T18:19:22Z,0,love shift towards self education stopping brain rot bit struggle learned live constant stimulus social medium long pretty difficult stop embrace selfeducation started long meditation session walk instead restore focus mind ability wander freely far havent big result creativity spike intend keep going feel sad fact mention topic genuinely ignite interest light spark eye find hard genuine learning feel chore sometimes blame high stimilu environment live shattered attention motivated want joy learning
KiwIqjcgSQw,Self Education: Your Best Defense Against Brain Rot,@OnMyWay.Project,2025-12-24T12:16:47Z,0,continue return whenever feel dull bored thanks sharing philosophy
KiwIqjcgSQw,Self Education: Your Best Defense Against Brain Rot,@MrBrownEMBA,2025-11-28T06:22:13Z,0,started teaching chess creative writing continuous learning stuff👍🏾
KiwIqjcgSQw,Self Education: Your Best Defense Against Brain Rot,@ASAP2.o,2026-02-27T18:05:26Z,0,gave new insight self education day ago rather scared stuck give endless loop teaching given confidence guidance thanks
KiwIqjcgSQw,Self Education: Your Best Defense Against Brain Rot,@TruePatriotGaming,2025-12-21T11:08:45Z,1,part shiney object syndrome noticed recently developing wanting read history specifically united state history history general holiday bought history book inspiration read hit knew read stick book else attenion span would set formula would read different book similar type subject different topic writing current cycle first book read constitution selected writing founding father next day read national geographic ultimate visual history world story humankind prehistory modern time read david hone book uncovering dinosaur behavior far system working enjoy reading learning may struggle issue recommend similar along conjungtion technique
KiwIqjcgSQw,Self Education: Your Best Defense Against Brain Rot,@GooseGoose-rg4vs,2025-11-10T23:22:05Z,0,ten read wing fire series inspired committed rest school year learning draw dragon took long slowly rotting away losing motivation want learn draw look scuffed first attempt hate better though miss whimsical happy want work
KiwIqjcgSQw,Self Education: Your Best Defense Against Brain Rot,@yvonnekoechig5119,2025-12-04T21:05:59Z,0,new subscriber teaching serbian past taught woodcarving addition new language learning tincture natural health journey
KiwIqjcgSQw,Self Education: Your Best Defense Against Brain Rot,@2tabbybros,2025-12-04T16:06:31Z,0,excellent put word stylish feeling decided journaling learning latin loved highschool havent touched since lingua latina shelf learning irish gaelic practice guitar going walkhike without headphone least week wood let mind untangle going set bare minimum discouraged picking guitar week least irish course bought start etc working healthcare struggling burnout depression resulted hobby falling away surprise felt feeling empty without engaging hobby sitting couch tvyt lowest effortpath least resistance restorative working hobby thank cool knitting outfit hand loved style essay else going similar strength fortitude alone
KiwIqjcgSQw,Self Education: Your Best Defense Against Brain Rot,@corradidanika-vv4il,2026-04-23T16:18:25Z,0,helped victim shiny object syndrome encouraged finally stick learning italian
KiwIqjcgSQw,Self Education: Your Best Defense Against Brain Rot,@jacksoneshbaugh,2025-11-15T16:14:36Z,0,undergraduate soon pursuing phd agree best way combat brain rot social medium brings dive research work feel invigorated way otherwise requires new way process literature field creative research favorite part academic work close second teaching
KiwIqjcgSQw,Self Education: Your Best Defense Against Brain Rot,@BY_Rinnie,2026-01-12T13:00:59Z,0,teen use phone purpose helped alot scroll reel anymore😀❤
KiwIqjcgSQw,Self Education: Your Best Defense Against Brain Rot,@roshanrahealer,2026-05-20T14:00:24Z,0,mentioned food science forensics degree aa dietetic technology criminal justice concentration forensics besides used bill military service medically retired refuse stagnate write dark fantasy book inspired life healing journey teach yoga online experiment art form cover formatting book wrote come five day help critique partner beta reader tend discount accomplishment learned selftaught knowledge help learn
KiwIqjcgSQw,Self Education: Your Best Defense Against Brain Rot,@sp0okyyyy123,2025-12-31T16:18:10Z,0,thank queen hated phone past month trying strip social medium recently begun independant studying perfect
KiwIqjcgSQw,Self Education: Your Best Defense Against Brain Rot,@karolinaska6836,2025-12-23T17:53:11Z,0,thoroughly enjoying self educating along child homeschool done deep dive parenting educational philosophy method philosophy spirituality neurodivergence recently patriarchy feminism head space interest practice yoga qigong mindful meditation bit drumming
KiwIqjcgSQw,Self Education: Your Best Defense Against Brain Rot,@chiaranellow,2026-01-29T20:52:07Z,0,wonderfully love learning new often try constant learning suffer internet addiction huuuuge reason keep want learn boring compared scrolling mindlessly suggest content reading saving video later playlist every single used write comment however since started helped reflect break another midfull whole experience appreciated tip sharing real system use
KiwIqjcgSQw,Self Education: Your Best Defense Against Brain Rot,@kylemaclachlan9209,2025-11-10T01:37:47Z,0,definitely need reading started computer science course harvard university fyi free course plethura free online course harvard would recommend paying certified proof education would explore writing year age finally learning hooked chess reading ecology soil type homesteading closer buying piece land maine self educating highly rewarding thanks
KiwIqjcgSQw,Self Education: Your Best Defense Against Brain Rot,@VTdarkangel,2025-12-22T16:00:07Z,0,interesting talking intuitively knew couldnt put word left social medium year ago noticed effect would ask couldnt give clear answer beyond instead ended mentioned
KiwIqjcgSQw,Self Education: Your Best Defense Against Brain Rot,@loganxmartucci,2025-11-16T09:14:21Z,0,college student studying environmental science philosophy favorite hobby learning biology chemistry etc philosophy towards degree future career teach life history read sophist lucius annaeus seneca
KiwIqjcgSQw,Self Education: Your Best Defense Against Brain Rot,@joelharb9088,2025-12-27T12:19:57Z,0,love vid concept learning kernewek language cornish southwest britain added sociopolitical benefit learning minority language amazing
KiwIqjcgSQw,Self Education: Your Best Defense Against Brain Rot,@mbobi8857,2025-12-10T19:06:47Z,0,started learning classical conversation curriculum six year ago protect brain rot
KiwIqjcgSQw,Self Education: Your Best Defense Against Brain Rot,@Ashleysrecoverycorner,2026-05-12T17:40:02Z,0,sooooo late boost mental emotional health spending focused earning ged entering college week later feeing split year old school selflearning online seminary course open access education program reading planning work learning biblical language next sound better brain work easier planning sticking schedule habit major key able successfully navigate
KiwIqjcgSQw,Self Education: Your Best Defense Against Brain Rot,@MalloryN_1,2025-12-09T20:41:35Z,0,cool anthropology clicked specifically method learn linguistic anthropology included linguistic resource nice surprise well
KiwIqjcgSQw,Self Education: Your Best Defense Against Brain Rot,@Libby-Sameaj,2025-11-03T00:16:49Z,0,father mother taught educate achieve goal formal education deaf took advice pas whoever wan hear advice
KiwIqjcgSQw,Self Education: Your Best Defense Against Brain Rot,@TheHoly_Bro,2025-12-04T13:04:59Z,0,currently teaching philosophy popped radar nowhere absolutely love though none friend interested
KiwIqjcgSQw,Self Education: Your Best Defense Against Brain Rot,@cthulhus_kettle,2025-11-13T13:57:53Z,0,english teacher nowadays official profession graphic design organised try fall shiny object pit talk hahah wanted case read going show student love teaching benefit learning per curious hope message reach well
KiwIqjcgSQw,Self Education: Your Best Defense Against Brain Rot,@claudiaconway6370,2025-10-30T21:09:37Z,0,fairly intensive year long course work brain working
KiwIqjcgSQw,Self Education: Your Best Defense Against Brain Rot,@haninadivine,2025-11-28T19:01:29Z,0,loved currently learning russian plan english teacher though hate english subject love literature language noticed disconnected reality real world situation soon start short video short tiktoks reel trying widen attention span video longer format enjoyed youve single handedly able motivate learning thank god bless
KiwIqjcgSQw,Self Education: Your Best Defense Against Brain Rot,@youssraansouri6450,2025-12-05T11:34:02Z,0,knitting watchiing learn month agoo
KiwIqjcgSQw,Self Education: Your Best Defense Against Brain Rot,@KtmgCTZA,2025-11-03T09:42:58Z,0,exactly needed adhd find hard disassociate distraction world social medium etc looking way convert doom scrolling meaningful
KiwIqjcgSQw,Self Education: Your Best Defense Against Brain Rot,@Merijev,2026-04-21T13:17:24Z,1,growing pain exact opposite brain rot comfortabe sure sign take either external motivation genuine interest able endure called pain
KiwIqjcgSQw,Self Education: Your Best Defense Against Brain Rot,@FourDabloonsForYou,2026-01-18T21:14:52Z,0,recently tell best advice give professionally try teach expect hand feed information may bit biased stem field plethora textbook resource available personally used language learning habit learning learning instrument advice would give others doom scroller beat falling onto old habit day study chess language read chapter operating system textbook networking textbook day fall old habit doom scroll hour straight biggest lie told progress linear youll day week sometimes youll fall happens try learn grow failure going happen important overall month maybe year seeing improvement believe wish take life focus phone
KiwIqjcgSQw,Self Education: Your Best Defense Against Brain Rot,@KarlBokelmann-o8s,2026-05-13T16:13:31Z,0,preinternet guy self taught guitar photography plenty printed resource stone age drafting design went school degree helpful night course look resume better head self taught writer adhd granddaughter art writing book head based work help
KiwIqjcgSQw,Self Education: Your Best Defense Against Brain Rot,@indubitable49,2025-11-22T20:44:48Z,0,experienced home cook though knife safety advice tuck fingertip holding cut blade knife knuckle avoid losing finger hope help
KiwIqjcgSQw,Self Education: Your Best Defense Against Brain Rot,@Alexbrandt27,2025-11-16T13:01:34Z,0,perfectly describes biggest change recent year used smoke weed every day work brain soup loved studying engineering school day couple year ago enough read morning night taking accounting class brain felt better
KiwIqjcgSQw,Self Education: Your Best Defense Against Brain Rot,@rickpearlstein6421,2025-11-19T19:07:30Z,0,gaming hour day game play mandolin guitar fiddle mandolin real proficiency working career change studying cyber security
KiwIqjcgSQw,Self Education: Your Best Defense Against Brain Rot,@hansschachvonwittenau2820,2026-02-12T23:24:37Z,0,teach man learn george bernard shaw
KiwIqjcgSQw,Self Education: Your Best Defense Against Brain Rot,@susanjanees1695,2025-11-18T07:16:18Z,0,suggestion select phase sure drawn library well stocked bookshop free place sense attracted powerful standing front category knowledge physically picking opportunity learn
KiwIqjcgSQw,Self Education: Your Best Defense Against Brain Rot,@JuliaCaballero-g4q,2025-12-30T21:18:53Z,0,part new shining object hitted learning topic love left boring thank
KiwIqjcgSQw,Self Education: Your Best Defense Against Brain Rot,@Samew0001,2025-11-14T03:02:19Z,0,started knitting recently going knit scarf kid family hand brain mood
KiwIqjcgSQw,Self Education: Your Best Defense Against Brain Rot,@TristinH_,2025-11-30T03:51:12Z,0,social medium truly rotting society sad feel anymore fight teaching thankyou
daOX828qFME,"Brainrot is real, and it's worse than you think",@unsolicitedadvice9198,2025-12-11T17:30:48Z,80,understand different perspective shape worldview save ground news unlimited access vantage plan link tried scripting little loosely left bit room improvisation let worked well link correction support patreon lovely person substack writing
daOX828qFME,"Brainrot is real, and it's worse than you think",@TheOldHippiebilly,2025-12-11T18:01:38Z,2364,went year without meeting flatearther last six year met eight age somethings terribly wrong
daOX828qFME,"Brainrot is real, and it's worse than you think",@HeikoWiebe,2025-12-11T18:49:09Z,650,confirm young unable minute movie ultimate leisure distraction bore death permanent overstimulation
daOX828qFME,"Brainrot is real, and it's worse than you think",@liz_bowie,2025-12-11T17:44:38Z,2007,careful joe look recent thumbnail video away total breakdown
daOX828qFME,"Brainrot is real, and it's worse than you think",@superwalnuts2855,2025-12-11T20:49:48Z,971,listening speed playing mahjong absorbed enough realize healthy noodle
daOX828qFME,"Brainrot is real, and it's worse than you think",@feelsguy1032,2025-12-13T13:56:23Z,139,anger fuel engagement posting ragebait popular social medium
daOX828qFME,"Brainrot is real, and it's worse than you think",@Katertot8895,2025-12-15T16:13:49Z,250,remembered english class school read iliad took long teacher spent diving deep plot history language spent long language enjoyed book read beowulf written similar sort language loved put effort iliad brain knew weird word phrase meant stop every line dissect could read fun satisfying spend learning hard point encounter easy excited kid nowadays felt sad
daOX828qFME,"Brainrot is real, and it's worse than you think",@acebase555,2025-12-12T22:04:42Z,238,convinced put aside close eye listen among realize annoying video periodically interrupted advertisement
daOX828qFME,"Brainrot is real, and it's worse than you think",@miranehir311,2025-12-13T08:17:39Z,1383,felt success simple either outwork excuse lose power behind curtain dave rumsfeld pushed show day motivation zero
daOX828qFME,"Brainrot is real, and it's worse than you think",@natthansenteni,2025-12-11T21:28:50Z,104,wan showing age little bit precisely generation young purely different era different perspective standpoint seem use internet modern consumption medium interchangeably estimate around year older witnessed rise social medium smartphones socializing year rather deeply rooted society part reason social medium short form content perpetual dopamine injection completely separate notion internet could argue former inevitable byproduct later definitely worth exploring would tend point social medium far internet talking degradation intellectual faculty would certainly reduce internet simply social medium criticism quite interesting perception difference year gap especially mouth value precision nuance
daOX828qFME,"Brainrot is real, and it's worse than you think",@discord_mlp_minecraft,2026-01-02T19:36:31Z,25,mentioned old study shocked young experiencing effect internet hour young teenager incredibly true friend mine decided test would touch internet hour failed miserably first hour peaceful morning warm breakfast sketch hour four sitting chair staring ceiling realizing fucked around period friend incredibly bored experiencing similiar thought eventually friend later met day quickly found struggling confused quite frankly embarrassed considered least brainrotted one within friend group fail miserably believe ill friend soon seriously would recommend companion later discus share thought apology poorly written away ranted
daOX828qFME,"Brainrot is real, and it's worse than you think",@Ömerturkmen90,2025-12-13T08:59:38Z,1190,tax office toronto arguing paperwork accountant guy year experience told straight poor income poor play wrong side system asked read power behind curtain dave rumsfeld read next weekend book finally explained meant tax punish worker reward owner
daOX828qFME,"Brainrot is real, and it's worse than you think",@Arie_before_gta6_is_crazy,2025-12-11T18:41:27Z,95,cat love talk hand swatting turning anyway conversation studying college tolerable thank
daOX828qFME,"Brainrot is real, and it's worse than you think",@mfd1j76,2025-12-11T17:48:10Z,261,scariest use internet affected instance school terrible habit dragging level worst person need change learning accessible focus inevitably reduce people ability concentrate well giving task require
daOX828qFME,"Brainrot is real, and it's worse than you think",@sdfsfmnsdkfsfdsfsldmfl,2025-12-11T18:08:56Z,152,several stopped using cocaine yet single human stopped digital content fair none sold body watcht tiktok
daOX828qFME,"Brainrot is real, and it's worse than you think",@anatolydyatlov963,2025-12-11T23:22:11Z,85,real public square access squarespace damn wouldve glorious segway
daOX828qFME,"Brainrot is real, and it's worse than you think",@richgriffinalb,2025-12-11T23:58:52Z,60,biggest issue corporation hire hundred psychologist find new way average addicted service
daOX828qFME,"Brainrot is real, and it's worse than you think",@EyelDöwitlader,2025-12-12T18:16:13Z,14,laid foundation internet social medium internet body algorithm infection
daOX828qFME,"Brainrot is real, and it's worse than you think",@GKCaius,2025-12-11T18:48:26Z,17,apreciate best friend pleasent conversation thanks
daOX828qFME,"Brainrot is real, and it's worse than you think",@cyberphunkism,2025-12-11T19:02:31Z,131,effect tangible started reading tolstoy dostoyevsky well steeped science portion life find palpably frustrating read paper completion finish chapter book without feeling need million doomscroll often doomscrolling genocide billionaire speed running late stage capitalism tell alone exacerbated anxiety practically fried nerve capacity sarcasm quick witty comeback internet slang exponentially improved
daOX828qFME,"Brainrot is real, and it's worse than you think",@bellatam_,2025-12-14T16:46:53Z,31,adhd need set experiment distracted reading every sentence feel
daOX828qFME,"Brainrot is real, and it's worse than you think",@stormyviolety,2025-12-11T17:39:47Z,106,joseph hope well needed let youve impacted life positively depression interest philosophy disappeared year brought love want set healthy sleep schedule exercise among positive genuinely thank appreciate
daOX828qFME,"Brainrot is real, and it's worse than you think",@janisir4529,2025-12-11T18:06:12Z,36,issue internet advertisement based monetization reward slop hold people attention genuinely advertising quite frankly illegal itd fix society woe matter incentive advertising arguably unethical
daOX828qFME,"Brainrot is real, and it's worse than you think",@GKCaius,2025-12-11T18:01:07Z,31,listen order train auditive english exam
daOX828qFME,"Brainrot is real, and it's worse than you think",@mortenfriispontoppidan2803,2025-12-12T09:14:14Z,16,recently discovered must admit consuming content listening video painting miniature going walk pacing home become favorite pastime thank fueling internet addiction
daOX828qFME,"Brainrot is real, and it's worse than you think",@dark_entries-i7m,2025-12-11T19:28:21Z,42,concerned detached absolute controlled solitude month either want public sphere entirely unable peace tranquility might prove enjoyable maybe lose touch reality social anxiety would skyrocket lose ability speak
daOX828qFME,"Brainrot is real, and it's worse than you think",@NB1xx5,2025-12-12T08:59:10Z,22,talking friend yesterday complaining decreasing attention span asked planned longer attention span would benefit
daOX828qFME,"Brainrot is real, and it's worse than you think",@FarmerClarence,2025-12-11T17:36:36Z,18,internet modifier give insight bonus come perception debuff rip🙏
daOX828qFME,"Brainrot is real, and it's worse than you think",@andrewh7868,2025-12-11T20:20:31Z,11,lewis called hell kingdom noise
daOX828qFME,"Brainrot is real, and it's worse than you think",@willieverusethis,2026-01-14T05:38:45Z,3,miss graduate school conversation stimulating discussing difficult book others struggling content
daOX828qFME,"Brainrot is real, and it's worse than you think",@amahakiros3894,2026-03-31T08:54:18Z,0,feel excited listen teaching despite limited understanding philosophy topic
daOX828qFME,"Brainrot is real, and it's worse than you think",@dustinweaver1066,2025-12-14T04:40:24Z,2,might accent may brightest mind video young philosopher love approach understanding entertaining different perspective job
daOX828qFME,"Brainrot is real, and it's worse than you think",@LE8T-LE8T,2025-12-25T08:33:57Z,1,setting minute alarm whilst reading probably best description adhd trying read book
daOX828qFME,"Brainrot is real, and it's worse than you think",@moustacheandnisi,2025-12-11T20:16:10Z,17,brought peace putting word feeling constant fear others might i´m alone feel less alone
daOX828qFME,"Brainrot is real, and it's worse than you think",@Hernandez_Peoples,2026-01-23T09:31:51Z,1,insert painting help remember today part timeline timeline
daOX828qFME,"Brainrot is real, and it's worse than you think",@DaBigArmyDude,2025-12-11T19:05:33Z,24,problem lack critical assumption start standard use measure truth epistemological ontological crisis merely aint goodly traditional source authority—scientific journal established medium similar institutions—have undermined credibility real question becomes standard truth rely point truth seems less objective measure matter authority choose accept beforehand
daOX828qFME,"Brainrot is real, and it's worse than you think",@hian,2025-12-13T19:24:58Z,5,simply put fear lead anger anger lead hate hate lead suffering
daOX828qFME,"Brainrot is real, and it's worse than you think",@edkanton,2025-12-12T23:14:27Z,6,glad year smart enough dumb contrary smart therefore totally dumb
daOX828qFME,"Brainrot is real, and it's worse than you think",@djkasj,2025-12-12T08:16:36Z,5,bookswithzara content creator keeping sane wish collab though smallunderrated talk bookstopics
daOX828qFME,"Brainrot is real, and it's worse than you think",@avipsaghosh1498,2025-12-11T17:32:00Z,5,last early dinosaur roamed earth waiting detailed topic current internet scene look exciting
daOX828qFME,"Brainrot is real, and it's worse than you think",@VBD_tts,2025-12-11T18:22:24Z,9,agreeing seeing put word care nice title called sabertooth tiger regarding han citation put
daOX828qFME,"Brainrot is real, and it's worse than you think",@MegaMrASD,2025-12-11T18:03:39Z,17,going world record attempt longest ground news
daOX828qFME,"Brainrot is real, and it's worse than you think",@fleabear1,2025-12-17T02:31:01Z,1,love lacan enters conversation main focus grad school critical theory focus lacan miss talking lacan important petite object held knot together without suffers psychosis find interesting hyper focus petit object possibly point losing ability fill lack talking need seek solitude away screen interesting seek lack fill lack sadly wish could share mentor ellie ragland died january
daOX828qFME,"Brainrot is real, and it's worse than you think",@Guzzi-Hero,2025-12-15T16:45:24Z,2,experience executive dysfunction part resolved read novel tried read unable engage within minute spoke small fragment stimulus make focusing longer task difficult going best read book
daOX828qFME,"Brainrot is real, and it's worse than you think",@Jules_lakeman,2025-12-29T09:28:00Z,2,study geopolitics asked write article current event strictly forbidden write character point journalist told give amount information smallest amount word reader disengage
daOX828qFME,"Brainrot is real, and it's worse than you think",@nahtreez,2025-12-12T04:03:04Z,3,fact joe move lamp every access door hilarious
daOX828qFME,"Brainrot is real, and it's worse than you think",@Lahmacunmatik,2025-12-12T03:17:37Z,0,nice modern real issue discussed selfhelp perspective philosophical topic aaide issue mentioned play role attention despite addition biological mechanism
daOX828qFME,"Brainrot is real, and it's worse than you think",@Gio-ym4uj,2025-12-11T17:52:50Z,25,pretty done internet using specific navigating unbearable taking account egregious horrible social platform option today using short spending reading writing playing single player game
daOX828qFME,"Brainrot is real, and it's worse than you think",@Neno-zb1ci,2025-12-18T09:11:13Z,1,idc abt topic vid preperation english exam cuz use complex vocabulary
daOX828qFME,"Brainrot is real, and it's worse than you think",@zacharyleduc5392,2025-12-11T21:10:24Z,4,real concern minute video feel common short introduce topic catch attention problem theyll look information minute instead 12h long short tweet minute akin word essay
daOX828qFME,"Brainrot is real, and it's worse than you think",@freeglee3482,2025-12-14T00:35:32Z,0,love content thanks perspective get lamp front door make
daOX828qFME,"Brainrot is real, and it's worse than you think",@krzysz5023,2025-12-15T01:03:24Z,1,mentioning sabertoothed tiger able admit live
daOX828qFME,"Brainrot is real, and it's worse than you think",@Carmenmzmz,2025-12-11T22:58:09Z,1,video breath fresh air short form content thanks joe
daOX828qFME,"Brainrot is real, and it's worse than you think",@karlamendez741,2025-12-12T14:00:34Z,3,started laughing hard cuz focus first skipped second short attention span
daOX828qFME,"Brainrot is real, and it's worse than you think",@pastorjustin419,2025-12-30T16:55:44Z,1,taken day kid work holiday sometimes drain started adding video want intentionally pay attention later later insane trouble finding fit processing entire super intentional limited make cut
daOX828qFME,"Brainrot is real, and it's worse than you think",@melisoudin1145,2026-01-16T16:57:46Z,0,listening talk pray stimulate playing game tab focus
daOX828qFME,"Brainrot is real, and it's worse than you think",@kurczaczak,2025-12-11T20:16:45Z,28,short form often correct form meeting could email email could slack message slack message could emoji reaction meeting could emoji reaction quite often smart blabbering blabbering endlessly core idea could explained concise form communication concise communication respect audience requiring less attention strictly necessary internet brought problem rarely discussed child pile old magazine read magazine extracting every single bit information interact information allows form deeper thought complex opinion nowadays though access endless information carefully curate feed consume meaningful information carefully manages attention there interesting stuff interaction let read 100th doesnt happen make nearly impossible interact medium way surfacelevel conclusion 100hour rpg game stier form artistic expression unfortunately aaa studio undergone significant enshittification indie studio budget create adventure game modern piece medium allows interaction described friend character told movie book character friendly spent hour real life across week listening dialogue town well walked pathway hundred time there plot twist character betrays protagonist personally feel betrayed saw spent day real life sure old day complete game usually turn uninstall return closest
daOX828qFME,"Brainrot is real, and it's worse than you think",@AdamVerci,2025-12-12T09:13:35Z,2,movie boring severe end anymore unfortunately become extremely normal felt feeling social medium ruined concentration talk feel realize
daOX828qFME,"Brainrot is real, and it's worse than you think",@PaperMage236,2025-12-12T00:15:32Z,41,hear history french cafés would debate politics philosophy enviousits rare find place today every cafe america staring laptop earbuds want talk real life anymore
daOX828qFME,"Brainrot is real, and it's worse than you think",@delian66,2025-12-14T10:46:19Z,0,thank clarity presentation putting word thought barely formed
daOX828qFME,"Brainrot is real, and it's worse than you think",@varunbhati1083,2026-01-01T05:32:32Z,11,disappointing borderline insane aspect internet observed often blame able keep phone though strive realizing beyond control determined factor individual reach feel guilty afterwards heard pick phone productive distracted start else spend hour scrolling completely unrelated task supposed completely honest attest well ironically incredibly difficult without distracted fact nearly 50minute ended almost adbreaks due nonpremium user hate particular else experience
daOX828qFME,"Brainrot is real, and it's worse than you think",@Siledas,2025-12-17T13:52:13Z,3,punchline probably need hear absorb central message likely respond absentmindedly grunting touch grass deep willingness need engage others faith first need willingness engage apparently capable
daOX828qFME,"Brainrot is real, and it's worse than you think",@robintachoir7984,2026-01-12T16:54:25Z,0,subscribed would subscribed sent script person critique well done miss day common practice
daOX828qFME,"Brainrot is real, and it's worse than you think",@MarikajNarrations,2025-12-11T18:37:09Z,8,topic impact short form content believe increase series type video topic split couple 30min 1hr video depending context
daOX828qFME,"Brainrot is real, and it's worse than you think",@armandot9137,2025-12-13T03:19:23Z,0,hey stop distraction must ahead curve
daOX828qFME,"Brainrot is real, and it's worse than you think",@douglasmotta5971,2025-12-13T10:34:21Z,3,find interesting easier read physical book read publication internet screen general might old
daOX828qFME,"Brainrot is real, and it's worse than you think",@ahmadjamalmughal47,2025-12-13T03:42:52Z,0,beautiful thank want meditate possibly rewatch soon
daOX828qFME,"Brainrot is real, and it's worse than you think",@theshadynorwegian6036,2025-12-11T20:35:33Z,4,stimulation love game arent enough anymore least compared low effort stimulation ratio viewing site use tik tok instagram reel occasionally short catch eye scrolling
daOX828qFME,"Brainrot is real, and it's worse than you think",@ale-e5w4s,2026-01-13T16:27:04Z,0,ciao italia sometimes algorithm work correctly thank showing caravaggio painting
daOX828qFME,"Brainrot is real, and it's worse than you think",@LanaDamra5,2025-12-11T18:27:06Z,3,care hard life past want live every opinion subject ask another person thought read saw somewhere remember lead person diffirent people thought opinion werent exposed amount content every day agei everyday keep night excuseany mistake english first language
daOX828qFME,"Brainrot is real, and it's worse than you think",@BladeBladeBlade,2025-12-12T19:23:10Z,0,topic love guy fill joy new
daOX828qFME,"Brainrot is real, and it's worse than you think",@Wolff1984,2025-12-14T13:00:03Z,3,additionally filter interpretation emotion become broader societal problem
daOX828qFME,"Brainrot is real, and it's worse than you think",@ComradeClippy,2025-12-11T22:52:04Z,0,thank video proud number wrapped year
daOX828qFME,"Brainrot is real, and it's worse than you think",@NiederDrifts,2025-12-25T09:51:35Z,0,whole feel thought finally put organized cideo seriously brilliantly glad feel frigin similar level make feel hopefully way
daOX828qFME,"Brainrot is real, and it's worse than you think",@astro._.crim3.punishm3nt,2025-12-11T17:31:02Z,11,aha thanks bringing brainrot especially short
daOX828qFME,"Brainrot is real, and it's worse than you think",@JenUnedited944,2025-12-12T23:36:56Z,0,video grasp attention reason feel wasted thank
daOX828qFME,"Brainrot is real, and it's worse than you think",@theraven6133,2025-12-11T22:03:19Z,3,turn short hide use know restrict usage short force pls help
daOX828qFME,"Brainrot is real, and it's worse than you think",@lauritstvrmose7395,2025-12-12T14:48:44Z,0,enlightening well spoken well done
daOX828qFME,"Brainrot is real, and it's worse than you think",@heenaya98,2025-12-11T18:08:30Z,4,topic gooooood hard focus year cuz immense amount info stocked brain feel heavy draining
daOX828qFME,"Brainrot is real, and it's worse than you think",@darrengagliardi1540,2025-12-12T00:22:50Z,4,understating problem refreshingly counter hyperbole online fact understating would young absolutely accomplishment full movie becoming norm internet twisted incentive goal addicting user factor undercutting focus concentration clearly primary factor mentioned another factor general mental health stem largely internetdevicesocial medium usage raise generation kid primarily device aimed creating addiction ruining ability focus ridiculously damaging effect
daOX828qFME,"Brainrot is real, and it's worse than you think",@jsrenatus4770,2026-05-15T23:47:34Z,0,severe adhd let add dialogue internet screen addiction battle experience fact brain come issue wanting quick dopamine burst fuel natural preset existence make engaging internet potent truthful insightful mentioned internet incentive shortform storytelling discussion recent debate conversing individual taken look claiming tried respect discussion wanted talking instead using bias give counter point done small bit research try understand wrote paragraph response responded reading heartbreaking experience willing engage debate general discussion someone response long might sound little silly truthful unfortunate effort talk reciprocate incentive part issue amount time give important day simple goodnatured look understanding worrying little concern read engage important matter could lead decline middleground solution social economic issue who master short attention span getgo thank helped internet possible poison little spoke eloquent
daOX828qFME,"Brainrot is real, and it's worse than you think",@johndoh795,2025-12-11T18:17:45Z,19,killing critical function public schooling internet merely obvious
daOX828qFME,"Brainrot is real, and it's worse than you think",@MechMK1,2026-01-24T22:54:22Z,1,best way combat consciously remove algorithmic feed use recommended videosposts page similar use curated list enjoy difficult discover new combat algorithmic manipulation effectively
daOX828qFME,"Brainrot is real, and it's worse than you think",@alive28697,2025-12-11T18:34:14Z,3,killing critical start internet although true internet helped dumb society way started dogma general key component belief system ranging political ideology theological framework including secularist one
daOX828qFME,"Brainrot is real, and it's worse than you think",@maxtorosian5559,2025-12-24T22:34:47Z,0,well done exact decrease reading focus outside judgement cared recently phone sky rocketed next win mind
daOX828qFME,"Brainrot is real, and it's worse than you think",@StraitjacketFitness,2025-12-11T17:36:12Z,46,absolute cognitive ability detroying effect short form content ytshorts tiktok terrifies
daOX828qFME,"Brainrot is real, and it's worse than you think",@TheClassicalPonderer,2025-12-18T16:28:20Z,0,trying articulate past year thank
daOX828qFME,"Brainrot is real, and it's worse than you think",@DarkerKitsune,2025-12-11T20:10:02Z,1,second since started couldnt pay attention without highway runner gameplay next
daOX828qFME,"Brainrot is real, and it's worse than you think",@blissopulence8319,2025-12-11T21:33:24Z,0,name love seems witty assume straightforward meaning well suit content produce
daOX828qFME,"Brainrot is real, and it's worse than you think",@nyakolynn4901,2025-12-13T10:32:44Z,0,sending script want critique awesome thank difference critique done
daOX828qFME,"Brainrot is real, and it's worse than you think",@wayfarerzen,2025-12-16T21:44:54Z,0,sometimes unsolicited advice exactly kind need totally fit bill overstimulated screen creature opening rather uncomfortable spot true
daOX828qFME,"Brainrot is real, and it's worse than you think",@jamesthemuchless,2025-12-15T22:04:39Z,0,appreciated love read love read difficult educational book except love anymore easily distracted failing manage digital medium use
daOX828qFME,"Brainrot is real, and it's worse than you think",@patricialeslie709,2025-12-18T08:38:10Z,0,enjoyed agree completely avoided internet try provoke feeling anger resentment fear rarely find recommended look medicine innovation bird animal music history discussion book movie avoid brain rot utilising self discipline sure control exposed let algorithm force feed detrimental mental physical well truly worry heading
daOX828qFME,"Brainrot is real, and it's worse than you think",@johannakunze3300,2025-12-17T09:50:59Z,0,point enchanting presentation would better using kind visualization structure anchor information
daOX828qFME,"Brainrot is real, and it's worse than you think",@Jajko493,2025-12-12T12:31:14Z,0,thank year developed habit listening podcasts video drawing cleaning pretty destructive attention span overall joy slowly weening strengthened resolve helped including background music given short form video deadset including sound effect background music sometimes different background track nice change ponder upon drawing
daOX828qFME,"Brainrot is real, and it's worse than you think",@tina.tedeschi,2025-12-14T14:39:50Z,0,salut interesting bring conversation important used engaging conversation blog tumblr post dm user instagram comment six five year ago started avoiding commenting post anime animation comic fashion language feminism social issue lowvalue reply insult humor mockery ghost account top instagram full ad recycled meme feel waste paused personal account minute ago opened youtube… suggested
daOX828qFME,"Brainrot is real, and it's worse than you think",@Thomaspatrickdouglas,2025-12-11T22:11:45Z,0,fried attention span remember top notch sweater
daOX828qFME,"Brainrot is real, and it's worse than you think",@handlenameheresomehow,2025-12-19T06:52:54Z,0,saw book cover thumb nail without bought book book look vein dopamine nation hollowed
daOX828qFME,"Brainrot is real, and it's worse than you think",@CanIBorrowYourShovel,2025-12-22T00:17:54Z,2,started medical school fall noticed dramatic difference working memory information retention learning picking book reading act devoting brain specifically task low sensory stimulation distraction minute start studying prime brain trying relax using phone game doesnt job starting book reading minute timer starting difficult focus task book challenging purely read pleasure prime brain add working memory found genuinely lost point severe treatment resistant adhd change sure read minute studying every day profound impact schooling thus far feel reading powerful tool may breaking cycle working memory focus loss impulsive reaction suffer phone
daOX828qFME,"Brainrot is real, and it's worse than you think",@Rishabh_Bahuguna,2025-12-15T17:33:28Z,0,curly fizzy hair look soo
daOX828qFME,"Brainrot is real, and it's worse than you think",@nickcarter5331,2025-12-11T21:25:47Z,0,hey joe love content would consider explaining detail videomaking process
daOX828qFME,"Brainrot is real, and it's worse than you think",@ilikeexxs,2025-12-12T07:47:24Z,1,careful joe hit home enough start sinking
daOX828qFME,"Brainrot is real, and it's worse than you think",@katia-kk1qq,2025-12-13T15:54:50Z,0,fait moment que jai regardé lune te vidéo cest sympa que implémente te opinion plus librement place présenté lidée dun philosophe connu
daOX828qFME,"Brainrot is real, and it's worse than you think",@pandabear631,2026-01-12T18:58:50Z,0,point would better spent regard improving entire situation asking question genius constructeddestruction intellect etc mean internet set design fear first second without feeling lost accused understand idea manipulated behind cause explained simply timely done brain rot design…but real question…loved video…❤never change seek improvement ahhh paradox
daOX828qFME,"Brainrot is real, and it's worse than you think",@TheronGJr,2025-12-11T20:18:10Z,0,aint listening happy sad happened
daOX828qFME,"Brainrot is real, and it's worse than you think",@Thepangola,2026-02-12T22:29:33Z,1,insane annoying amazing creator short instagram look reel might short could algorithm adjust easily
daOX828qFME,"Brainrot is real, and it's worse than you think",@DarkSithBarbie,2025-12-20T14:29:04Z,0,modicum positivity difficult recently started video thought name unsolicit dadvice vibing idea creator father frustrated educational decline country
daOX828qFME,"Brainrot is real, and it's worse than you think",@yves-laurentsalaun608,2026-01-24T15:48:52Z,2,problem critical lack empathy reading often help empathy others medium better show character introspection video
daOX828qFME,"Brainrot is real, and it's worse than you think",@bernardoblanchetramirez6032,2025-12-11T23:00:00Z,1,trent horn find pretty honest
daOX828qFME,"Brainrot is real, and it's worse than you think",@josephharwood3780,2025-12-12T10:11:57Z,1,focus helped reading improving book audio book effect
daOX828qFME,"Brainrot is real, and it's worse than you think",@rellybelly0247,2025-12-17T17:13:54Z,0,loved agree point hard meaningful conversation believe head worried find engaging social medium drama exhausting funny find enjoyable reading book though stuff social medium anger competitionand wan lose attention span want gain deep
daOX828qFME,"Brainrot is real, and it's worse than you think",@andrewkelley9405,2025-12-11T19:30:09Z,1,destructive crash yesterday full attention
daOX828qFME,"Brainrot is real, and it's worse than you think",@duke_of_ducks,2026-01-22T09:22:01Z,0,love topic effect technology usage saw addressed multiple time drk content biggest voice internet scientific community raise worry topic unfortunately technology point pervasive influence aspect hard deal pervasive hit part psyche first serious problem depletes dopamine store fast morning usage worse serious downstream effect dopamine necessary motivation behavioural reinforcement using social medium game activity release dopamine morning leave less motivated another big issue content emotion inducing tends show polarized viewpoint provides external input especially forming brain adolescence weak sense self borderline personality disorder flood esternal input live life estremely damaging especially driven away necessary introspective work lastly easy offload emotional regulation technology upset funny cat video game heated twitter argument distract unfortunately become less skilled addressing emotion tolerate boredom
daOX828qFME,"Brainrot is real, and it's worse than you think",@stawbrie,2025-12-11T22:36:48Z,1,listening speed eating dinner prove point
daOX828qFME,"Brainrot is real, and it's worse than you think",@jerrylumpkins1259,2025-12-11T18:36:22Z,0,enjoy presentation deal topic germane insight align well experience thank
daOX828qFME,"Brainrot is real, and it's worse than you think",@amyxcheek,2025-12-11T21:33:57Z,0,joe love going response agree earnestness become common practice
daOX828qFME,"Brainrot is real, and it's worse than you think",@Akatharie,2026-04-23T15:47:08Z,0,read book scottish granny anger tool controlled used wisely caution checked fact year later live advice suspect thought process strongly influenced female audhd mask since childhood
daOX828qFME,"Brainrot is real, and it's worse than you think",@victoriajankowski1197,2025-12-20T05:03:29Z,0,could blame holiday stuff telling longest later keep repeatedly almost whole week successfully listen point least
daOX828qFME,"Brainrot is real, and it's worse than you think",@SolB808,2025-12-15T10:22:47Z,0,wondering angry yesterday returning home usually feel free healthy leave home could home rather stare computer screenthis certainly rethink home activity thanks joe catch later head sanity
daOX828qFME,"Brainrot is real, and it's worse than you think",@fe4r577,2025-12-12T15:51:29Z,0,loved showed woring interaction past day topic optical illusion possibly tipe video keep eye contact noticed eye following around wich simultaneously cool concerning wan test going crazy besides amazing aways
daOX828qFME,"Brainrot is real, and it's worse than you think",@KariAnneAKA-God,2025-12-11T19:45:55Z,1,agree assessment need electronic space better first fix undermine effort educate irl loose cannon imo believe need utilize tech weed nasty listen song let alone longer sec little golden nugget information communicateeducate ethical
daOX828qFME,"Brainrot is real, and it's worse than you think",@SantinoDellera-g2i,2025-12-12T23:58:16Z,1,posibble list reference used recomended material love starting read lacan thinker ahead shame thinker take consideration
daOX828qFME,"Brainrot is real, and it's worse than you think",@Liddell2675,2025-12-11T19:07:47Z,0,definitely ability focus maintain attention single task eroding taken step slowly regain whether reading novel sitting cleaning environment admittedly taking opportunity listen essay serious satirical one gradually helped train attention listen information way connect small bit thank putting sharing thought quite food thought
daOX828qFME,"Brainrot is real, and it's worse than you think",@amauryguerrero3523,2025-12-24T10:46:38Z,0,…the lamp…the lamp stop listening stared lamp asking lamp front door realized beautiful illumination set…wherever…🤣🤣🤣🤣
daOX828qFME,"Brainrot is real, and it's worse than you think",@ribeirojulhia,2025-12-11T19:39:27Z,0,wish could conversation man respect
daOX828qFME,"Brainrot is real, and it's worse than you think",@rebelliousphoenix2152,2025-12-14T11:43:42Z,0,greeting russia😊 video using voice translator despite fact english incredibly glad interesting blogger planet❤
daOX828qFME,"Brainrot is real, and it's worse than you think",@VeritasLanda,2026-01-27T06:34:09Z,1,nobody mentioning fahrenheit bradbury predicted every single talking point impeccably shocked written year ago true whole load information
daOX828qFME,"Brainrot is real, and it's worse than you think",@kinesin_fan,2025-12-13T18:37:53Z,0,love major content creator known work philosophy covering hope useful come
daOX828qFME,"Brainrot is real, and it's worse than you think",@Fitzpatrick5380,2025-12-15T15:09:09Z,0,rewatch couldnt focus minute trying
daOX828qFME,"Brainrot is real, and it's worse than you think",@Cha0s_YT-ani,2025-12-12T11:29:27Z,0,howinteresting gon talk sooner later
daOX828qFME,"Brainrot is real, and it's worse than you think",@alecchase2537,2025-12-12T00:16:57Z,1,clicking away piss first second
daOX828qFME,"Brainrot is real, and it's worse than you think",@yves-laurentsalaun608,2026-01-24T16:04:05Z,0,walking practising yoga help better find clarity thought emotion manage emotion easily tolerate discomfort certain dose pain avoiding addiction suppress feeling young found boring contemplate landscape found soothing solitude general enables choose better friend less dependent company new friend deep conversation give joy
daOX828qFME,"Brainrot is real, and it's worse than you think",@luhnonato3,2026-01-22T12:00:02Z,1,online business realized long description usually useless read description product anymore crazy
daOX828qFME,"Brainrot is real, and it's worse than you think",@BrieTheRiceCat,2026-01-08T15:10:34Z,0,currently student overstimulation increasingly craving going far away mountain take long walk without worry next big might future may constant feeling perceived observed others prisoner michael foucault panopticon used wrong let hardly scholar though wish could read philosophy wish able future live somewhere farther away far mountain forget civilisation thank
daOX828qFME,"Brainrot is real, and it's worse than you think",@noahhyatt,2026-02-06T20:49:52Z,0,algorithmic master stroke irony six separate roll listening
daOX828qFME,"Brainrot is real, and it's worse than you think",@nico-gave-up,2025-12-12T18:30:43Z,0,thx usual word express agreement would mind including title art showcased cultural mental graveyardbrains mine future sing street yet trying annoy private anywhere mind mood
daOX828qFME,"Brainrot is real, and it's worse than you think",@StraitjacketFitness,2025-12-11T17:38:42Z,4,ill forget elementary school librarian told read
daOX828qFME,"Brainrot is real, and it's worse than you think",@Zerozerozerozero00,2026-04-07T04:35:42Z,0,expressive hand gesture giving tiger conducive positive engagement metric
daOX828qFME,"Brainrot is real, and it's worse than you think",@Puffinprospector,2025-12-15T20:56:49Z,1,there slop movie arent worth designed background noise scrolling
daOX828qFME,"Brainrot is real, and it's worse than you think",@吳聖云-u6p,2025-12-12T06:47:37Z,1,lost quality discussion quality solitude year hating somehow became used doomscrolling started working clearly feel direct correlation work stress craving junk information unfinished part work alone holiday truly solitude—i disciplined invisible pressure keep diving completely hobby day end looking fragmented highly stimulating content—like meme quasipornographic images—things consumed entirely leave residue
daOX828qFME,"Brainrot is real, and it's worse than you think",@ChristinaStarlight,2025-12-11T21:09:14Z,1,glass look awesome look different person joe superman
daOX828qFME,"Brainrot is real, and it's worse than you think",@blackurom1,2025-12-14T01:47:14Z,1,bring yellow effect caption 🙏🏻🙏🏻🙏🏻🙏🏻🙏🏻🙏🏻🙏🏻🙏🏻🙏🏻
daOX828qFME,"Brainrot is real, and it's worse than you think",@benvacco8997,2025-12-12T23:28:07Z,1,danger hyperstimulation filling every waking moment internet fill drive weekly game night fascinating
daOX828qFME,"Brainrot is real, and it's worse than you think",@Machavellian020,2025-12-18T03:46:23Z,0,movie part hit hard movie
daOX828qFME,"Brainrot is real, and it's worse than you think",@TC-cq7oc,2025-12-14T23:25:00Z,0,regarding going without internet without screen general need examination speaking library mostly ebooks music paper notebook use bulk note personal writing computer though least available offline work software development primary hobby software development different software power go lose access certainly form dependence physical psychological addiction computer internet become integral part used societal level payment mostly cashless buy food without using internet least indirectly
daOX828qFME,"Brainrot is real, and it's worse than you think",@manasjoshi8605,2025-12-14T10:36:49Z,0,please video osho perspective philosopher
daOX828qFME,"Brainrot is real, and it's worse than you think",@coreC..,2025-12-12T14:16:13Z,0,painting beautiful painting could generated
daOX828qFME,"Brainrot is real, and it's worse than you think",@toddhellemsthechimeralinguist,2026-01-05T15:33:55Z,0,rant wellfocused presenting rhetoric brings mind focus camera lens read quite grand appropriate analysis effect insufficiently substantial medium remind learned speak child developing language skill baby talk often talk normal speech dog cat guinea pig taken custody
daOX828qFME,"Brainrot is real, and it's worse than you think",@Pavlunk,2026-01-07T13:23:58Z,0,wan find anger study mentioned
daOX828qFME,"Brainrot is real, and it's worse than you think",@marko112kg,2025-12-12T07:00:55Z,0,digital finger mean digital digit😁
daOX828qFME,"Brainrot is real, and it's worse than you think",@TraverseDavies,2025-12-13T15:22:10Z,1,sitting computer working project needing background noise adhd internal voice brainrot caused click first list
daOX828qFME,"Brainrot is real, and it's worse than you think",@CircularSquare-h5c,2025-12-16T08:44:28Z,1,internet doesnt feel stupid make feel stupid
daOX828qFME,"Brainrot is real, and it's worse than you think",@marcusouelletus,2025-12-15T06:25:25Z,0,slow freaking clap needed reminder
daOX828qFME,"Brainrot is real, and it's worse than you think",@Johnpaulhyde,2025-12-13T14:55:52Z,0,man adhd suck medication better bit depressing realizing badly disorder set
daOX828qFME,"Brainrot is real, and it's worse than you think",@_bustion_1928,2025-12-12T00:47:40Z,2,similar knowledge knowledge weaponized hand profoundly evil smart simply evil look nice whatever logical manipulation necessary believe need find way adapt aggressive internet mean loop keeping
daOX828qFME,"Brainrot is real, and it's worse than you think",@Mali_C137,2025-12-12T07:23:36Z,0,wondering long hard fight battle whole world around caught short form content illusion understanding due brief insufficient knowledge give
daOX828qFME,"Brainrot is real, and it's worse than you think",@L.I.03_,2025-12-12T07:23:55Z,1,point attention adhd find frustrating take care attention span maybe put structure preserve idk sad
daOX828qFME,"Brainrot is real, and it's worse than you think",@GustavoTiavo,2025-12-15T02:54:56Z,1,recognised talked listened entire playing pokemon showdown different tab certain would refer cooked
daOX828qFME,"Brainrot is real, and it's worse than you think",@michaeljfigueroa,2025-12-13T12:11:03Z,1,look forward longer form content
daOX828qFME,"Brainrot is real, and it's worse than you think",@StephanieSanders-p4g,2025-12-11T18:50:31Z,0,joe perspective xennial born generation millennials characterized adapting internetdigital world young adulthood listened cassette tape rotary phone find strange raising young child beware danger internet non existent childhood rate topic bring awareness
daOX828qFME,"Brainrot is real, and it's worse than you think",@jonh2119,2025-12-18T12:59:35Z,0,core interrupted ad every second minute
daOX828qFME,"Brainrot is real, and it's worse than you think",@marko112kg,2025-12-12T09:35:28Z,0,first heard lacan mentioned without sniffle afretwords
daOX828qFME,"Brainrot is real, and it's worse than you think",@jerekeisala4906,2025-12-12T14:05:27Z,0,joe insist recommending manga berserk would enjoy
daOX828qFME,"Brainrot is real, and it's worse than you think",@maxheadrom3088,2026-03-30T10:51:57Z,0,heard news today boy brain rot real lancashire buy book day spend hour hour long glad hear mean popular america undeclared war problem
daOX828qFME,"Brainrot is real, and it's worse than you think",@fleggle,2026-02-17T13:18:54Z,0,shift work productivity generalist role often require context switching nature
daOX828qFME,"Brainrot is real, and it's worse than you think",@Sara-i6v9c,2025-12-16T23:56:21Z,0,hey joe word describe beautiful content please talk app chat chai silly addicted 3years please please please
daOX828qFME,"Brainrot is real, and it's worse than you think",@Snowicorn,2026-01-06T14:47:49Z,0,topic shortform longform content personally part problem might lack free percieved lack least noticing life long essay long book past year every single naruto episode movie enjoy spending day week maybe longer reading analyzing problem come there enough spend remote job flexible schedule mean might randomly asked work couple hour super urgent sometimes avoid starting requires focus large amount there risk interrupted without sudden schedule change hour bit random work day week proper day there enough point list chore feel tired working end playing mobile game hald day there appointment couldnt schedule day work rare chance calmly spend hour someting want without distraction biggest wish able shut world chosen period enjoy hobby would twt
daOX828qFME,"Brainrot is real, and it's worse than you think",@duesenantrieb8272,2025-12-12T11:11:37Z,0,anger dirac speak anger important emotion important controll well imo
daOX828qFME,"Brainrot is real, and it's worse than you think",@astalidiot8559,2025-12-12T16:47:40Z,0,struggle diagnosed pretty adhd take milligram dose drug called concerta issue jumping extreme another day pull away screen others couldnt sit front screen need work temperance matter gotten better medication real life need however class lead degree economic data science forcing depend medication hate dealing math taught class feeling first adhd nuisance past enough feel issue affect bit better recently starting read younger case glad became patron
daOX828qFME,"Brainrot is real, and it's worse than you think",@frankgradus9474,2025-12-13T14:10:47Z,0,thanks side note mad keen little britain general british sense humour big part poland might want little britain must hovecraft full eel
daOX828qFME,"Brainrot is real, and it's worse than you think",@ukpearson,2025-12-18T23:05:24Z,0,glad looking side effect internet use away keyboard best option
daOX828qFME,"Brainrot is real, and it's worse than you think",@dilettantedelights,2025-12-11T21:01:47Z,0,thank rotting brain longform episode valuable content please
daOX828qFME,"Brainrot is real, and it's worse than you think",@myriamm9917,2025-12-17T13:14:43Z,0,week sauna bloke phone tiktok young state phone state brain
daOX828qFME,"Brainrot is real, and it's worse than you think",@crazyduck2379,2026-02-18T20:04:31Z,1,feel start tackling issue denormalize internet operates realize doesnt exactly wrong small effort internet better could shift engage conversation
daOX828qFME,"Brainrot is real, and it's worse than you think",@Kron-j3k,2025-12-21T20:27:05Z,0,sure brain rot couple skibiddi toilet episode headache
daOX828qFME,"Brainrot is real, and it's worse than you think",@mincart9899,2025-12-12T11:33:37Z,1,tung tung tung tung sahur asks advice sahurlogoy
daOX828qFME,"Brainrot is real, and it's worse than you think",@fenkefury1482,2026-03-06T16:44:05Z,0,sad angry personally retain ability stop ponder whats happening brain company consider profit humanity whole future seems quite bleak building cardboard model btw
daOX828qFME,"Brainrot is real, and it's worse than you think",@PerfectHandProductions,2025-12-11T19:32:53Z,2,quit social medium couple year ago havent regretted bit consider
daOX828qFME,"Brainrot is real, and it's worse than you think",@saintsword23,2026-01-19T05:29:14Z,1,guy put lamp front door seriously joe lighting
daOX828qFME,"Brainrot is real, and it's worse than you think",@aelfreyae,2025-12-11T18:39:30Z,0,short form attitude idea need showcased structured glossed another wrong shortform content world accustomed cause lie spread viewed truth short attention span lead deeply lie large amount may view known untrue true could disastrous lie could lead worsen problem
daOX828qFME,"Brainrot is real, and it's worse than you think",@matthew3774,2025-12-13T22:51:29Z,0,effect average attention span shocking heard mention lessened ability deeply focus book lower quality conversation caused reduced attention span internetsocial medium relate intensely
daOX828qFME,"Brainrot is real, and it's worse than you think",@TriglycerideBeware,2025-12-14T01:03:12Z,0,til word acerbic thanks edit panoply
daOX828qFME,"Brainrot is real, and it's worse than you think",@stag6161,2025-12-15T01:45:07Z,0,funny put play life feudal forest village
daOX828qFME,"Brainrot is real, and it's worse than you think",@RiversJ,2026-01-26T07:00:39Z,0,anger reducing perspective adoption dealing hostile interest socially well liar trying manipulate would example anger protects mistake aware method
daOX828qFME,"Brainrot is real, and it's worse than you think",@kintsugi-sai,2025-12-13T08:43:12Z,1,potential addictive nature llm chatbots turn addictive find year
daOX828qFME,"Brainrot is real, and it's worse than you think",@sansivian,2025-12-13T16:50:07Z,1,recently walked camino spain 800km purposely unplugged medium thought life became primary engagement horror principle chesterton fence eradicated society dare consider point focus cost primally instead gain aspect life thomas sowell famously put solution tradeoff sure medium beneficial doesnt take process become parrot others robing others uniqueness offer make society beautiful
daOX828qFME,"Brainrot is real, and it's worse than you think",@niccolomachiavelli1512,2025-12-12T20:37:59Z,0,consider vid short form prefer hour convos book
daOX828qFME,"Brainrot is real, and it's worse than you think",@mary.b.93,2025-12-12T07:05:17Z,0,funny posted hasanabi covering candace owen livestream thought god adult friend try win fight logic idea online generation using logic logic illogical ideation ocd ocdlike thought pattern amount stress medium entire life ocd tell logical brain find way convince real influencers purposely appealing feeling fear anger speak use little factual seed nonsense sense fear appeal far powerful resist average dopaminedeprived brain
daOX828qFME,"Brainrot is real, and it's worse than you think",@brettlarsen4650,2025-12-11T23:29:56Z,0,fred roger space line reading sometime important reading give read paraphrasing heard charlie rose interview roger
daOX828qFME,"Brainrot is real, and it's worse than you think",@alecdashark,2025-12-19T21:00:54Z,0,hard meaningful convos irl without devolving person absolute truth
daOX828qFME,"Brainrot is real, and it's worse than you think",@choreomaniacle,2025-12-12T23:40:18Z,1,shallow information spoonfed brain stop working cause anymore phone brain
daOX828qFME,"Brainrot is real, and it's worse than you think",@sunflowerbadger,2025-12-19T17:09:31Z,0,deeply addicted hades done except totally broken run lush
daOX828qFME,"Brainrot is real, and it's worse than you think",@christopher_schwab,2025-12-14T08:19:31Z,0,joei may sound suggestion love crossover daniel schmachtenberger topic used speak extensively limic hijacking information warfare related conversational interview style would interview compared others poorly interviewed understanding depth he global societal level
daOX828qFME,"Brainrot is real, and it's worse than you think",@elkaki123,2025-12-11T20:28:50Z,1,irony thid shower make feel quite guilty used place shower thought reason quitting music fill silence hard
daOX828qFME,"Brainrot is real, and it's worse than you think",@ruiamaral7954,2025-12-20T19:20:04Z,0,would suggest completely infatuated echo chambersindividuals impairs critical thought personally acceptance extreme disables ability discern intent conclusion term shortform attitude seeing negative come relationship overall name number red flag determine narcisisst step start day way interested true relationship take fed way shortcutting connection provide relief whatever ail term robson section dark side become susceptible manipulation sustain cohesive view activity bombarding within moment advertising leverage extreme toxic individual conmen becomes fragmented picking pocket mind
daOX828qFME,"Brainrot is real, and it's worse than you think",@Imperator_Prime,2025-12-12T15:19:38Z,0,succumbed decade life worth become aware gradually debilitating factor start detoxing pushing recurating input changing spend quite possible rehabilitate attention emotional regulation limited case individual might seem hopeful social scale become happier better adjusted struggling less mind ask sooner later conversation might set path better revolution begin individual heart mind spread take root feel impossible want revert
daOX828qFME,"Brainrot is real, and it's worse than you think",@MaliciousCompute,2025-12-14T10:02:27Z,0,find noteworthy notion become faster brief observable everywhere short medias movie considered long filled content per compare dialogue 60 star trek star trek word per minute albeit necessarily information per minute look chess blitz rapid game minute control became popular classic game seems issue attention span patience stuff happen every second lose patience thus lose ability wait might worthwhile waiting
daOX828qFME,"Brainrot is real, and it's worse than you think",@oceeta,2025-12-11T23:41:04Z,0,hey joe happened closed caption normally put video automatic one generated one directly
daOX828qFME,"Brainrot is real, and it's worse than you think",@gonzobooks22,2025-12-29T04:33:05Z,0,fruit anger prefer grape wrath
daOX828qFME,"Brainrot is real, and it's worse than you think",@microplasticsrock,2025-12-11T21:37:25Z,1,conversation enemy place earth joke
daOX828qFME,"Brainrot is real, and it's worse than you think",@alzaaaaaaaaaa,2025-12-12T00:12:53Z,0,enter guess give method save vital guess check method need guess low success rate lack learning occuring
daOX828qFME,"Brainrot is real, and it's worse than you think",@RazzaldG,2025-12-11T22:34:49Z,1,need understand internet persona avatar talking net talking drunk usual social anchor present tend internet behaviour keeping behaviour
daOX828qFME,"Brainrot is real, and it's worse than you think",@edumazieri,2025-12-12T15:36:57Z,1,play devil advocate bit focus desirable true amount focus important topic task focus better first certainly diminishing return first pondering tomato might realize relatively quickly color shape size etc new realization arent going quickly focus tomato missing pondering cucumber fruit vegetable could potentially help better understanding tomato analogy illustrate point value casting wider net sea knowledge certainly better grant shortform content may bit shallow topic becoming less capable focusing since larger varied buffet front option trying little bit deciding best point regarding part certainly case seclusion happens feel negative case amplified positive case tend overlooked possibly theyve become normalized example reason another want engage family school office would spent life social outcast internet able find lot share interest want meaningfully engage bored boring situation seeking stimulation elsewhere might sense
daOX828qFME,"Brainrot is real, and it's worse than you think",@cherry-xz6ei,2026-04-10T13:18:15Z,0,well playing phone game reading comment
daOX828qFME,"Brainrot is real, and it's worse than you think",@MichaelStoutJR,2026-03-15T22:31:29Z,0,anger drive engagement commenting arguing social medium feed give impression ideologically opposed majority world harder arent taught avoid trap fall argue dub stupid crazy immoral feed keep exposing agree interact plenty affirmative rhetoric side line keep letting overstimulation opposition erode stance stance peer begin change social medium full claiming universally recognized negative vague though exception
daOX828qFME,"Brainrot is real, and it's worse than you think",@TheLeonhamm,2025-12-12T09:07:23Z,1,odd soul rather enjoys interlude shorttakes main programming kind chap clingiest cat wonderful lady sew deadend pullover jolly woollen hat useful mat programme well guess anger lust passion greed data enthusiasm tend hold attention mind delightful american lad sugar plum knowledgeable german lad aircraft show aka bismarck nice wee irish lassie philomena clunk make fun stuff tend hold attention weird statistically probably count relevant mean consider eucharistic host silent prayer probably trying brainrot come shape form demented mindfulness well suppose reality check therefore thank god chesterton believe believe god mean chesterton ummm well anyway world world fact nearly else wrong truth tremendous tale creation truth must remember perish beginning pallid progressive end primordial existence energy fruition far evil life though notorious evil liver manhood womanhood though men woman often perfectly pestilent chesterton world keep faith tell truth shame devil let demon shriek god bless
daOX828qFME,"Brainrot is real, and it's worse than you think",@newmonengineering,2025-12-13T08:02:30Z,0,used multiple phone number memorized cell phone stopped required memorize today number mine spouse number rely phone definitely become vice brain rot
daOX828qFME,"Brainrot is real, and it's worse than you think",@xavisiobluttemberg5563,2025-12-12T19:54:50Z,0,youd book emergenza emergence italian realist philosopher maurizio ferraris discusses certain trait humanity emerged obvious emerging submit authority real perceived fit narrative translated english tho
p5SepyRGECQ,Brain Rot Is Real (And It’s Happening to You),@Monngg-xyt,2025-10-22T12:33:00Z,3604,brain brainrotted took power full vdo kindly remind please
p5SepyRGECQ,Brain Rot Is Real (And It’s Happening to You),@KIKI-j5k-X,2025-09-30T16:36:21Z,1299,score 4when stopped ytinsta song pure daysi peaceno thinkingstrong power10 hr study hrsi lost control today starting againik itthank reminding future imp scrolling
p5SepyRGECQ,Brain Rot Is Real (And It’s Happening to You),@vivekirom5590,2026-01-13T17:01:43Z,146,class11 student struggling lack discipline consistency mobile addiction declare work hard become best version
p5SepyRGECQ,Brain Rot Is Real (And It’s Happening to You),@harshpandey1965,2025-09-25T15:12:13Z,1004,bhaiya mera score aaya hai doomed
p5SepyRGECQ,Brain Rot Is Real (And It’s Happening to You),@Demigod_369,2026-03-28T13:32:49Z,136,best started movie instead doom scrolling
p5SepyRGECQ,Brain Rot Is Real (And It’s Happening to You),@Dheerajdrawing245,2026-04-25T09:06:11Z,15,screentime vdo2 min audio vdo
p5SepyRGECQ,Brain Rot Is Real (And It’s Happening to You),@Ananya-j1d7i,2025-10-13T04:23:05Z,314,currently 12th wasted month class 11th 11th half yearly exam decided quit insta short else started regain memory focus able solve tough que physic movie short score wish beast journey
p5SepyRGECQ,Brain Rot Is Real (And It’s Happening to You),@shinelikeshiny-I8v,2025-09-24T08:59:09Z,536,glad caught loopin fact love sit quietly hour instead scrolling phone
p5SepyRGECQ,Brain Rot Is Real (And It’s Happening to You),@user-wavesofartistrymallica29,2026-05-04T06:20:40Z,51,score110 bored using phone train bus touch phone nature digital painting artist work screen least hour sometimes read book eating cooking movie laptop tablet every kind social medium account spend notification decide use app going chase notification daily average screen hour social medium minute year ago daily screen hour chased notification like comment message quit remember better concentration read page hour minute
p5SepyRGECQ,Brain Rot Is Real (And It’s Happening to You),@AniMo_12,2026-05-13T06:56:39Z,6,asked roommate short last reel han seriously thought brain wreck
p5SepyRGECQ,Brain Rot Is Real (And It’s Happening to You),@zainabiqbx,2026-03-10T00:18:29Z,15,wonder movie anymore looking short movie short
p5SepyRGECQ,Brain Rot Is Real (And It’s Happening to You),@avinashvishwakarma6488,2026-03-08T18:27:51Z,0,genuinely brother try step next day share score currently
p5SepyRGECQ,Brain Rot Is Real (And It’s Happening to You),@aanchalvishwakarma8757,2025-10-03T05:01:08Z,58,reader prefers reading real book without distractionit help alot
p5SepyRGECQ,Brain Rot Is Real (And It’s Happening to You),@badedits1298,2025-12-27T19:20:25Z,8,psychology student agree every word
p5SepyRGECQ,Brain Rot Is Real (And It’s Happening to You),@Nik_Heal25,2025-10-26T19:09:34Z,167,feel forgetting childhood memory school memory happened yr struggling recall
p5SepyRGECQ,Brain Rot Is Real (And It’s Happening to You),@sumitkumarsingh-o3p7j,2026-05-21T10:00:38Z,1,yaha par mera score hai
p5SepyRGECQ,Brain Rot Is Real (And It’s Happening to You),@Metheunknown917,2025-09-21T21:21:40Z,361,bhai score idk like mess big
p5SepyRGECQ,Brain Rot Is Real (And It’s Happening to You),@rahulreddymunakala480,2025-09-28T19:11:16Z,52,kudos took screenshot share beloved one
p5SepyRGECQ,Brain Rot Is Real (And It’s Happening to You),@Arpit_yt87,2025-12-01T17:47:50Z,29,solution reverse brainrot admit problem progressive overload attention 30 reel expect brain read page book start small keep phone aside read book daily min daily add min read enviromental design keep distraction away studyworking table start morning meditation phone walk reading give hour day sit phone insta music remove unwanted trigger unwanted app notification feel present mindful consumption
p5SepyRGECQ,Brain Rot Is Real (And It’s Happening to You),@JagrutiDayare,2025-12-10T12:44:24Z,44,day score continuously checking end needed power ignored time decided cause mother sitting beside wouldve short anger wouldve blown able task properly check phone middle task studying study become focus improvement life wanted life starting journey tomorrow power wan lose momentum
p5SepyRGECQ,Brain Rot Is Real (And It’s Happening to You),@siddharthaghosh9479,2026-02-27T12:56:16Z,0,day score posting day soon nice aevy inspiration need awareness
p5SepyRGECQ,Brain Rot Is Real (And It’s Happening to You),@charlesxavier7071,2025-09-29T06:12:18Z,77,brain survive following safety measure 🙏🏽🕊️
p5SepyRGECQ,Brain Rot Is Real (And It’s Happening to You),@anju7334,2026-03-14T08:25:29Z,1,best till thanks brother start today
p5SepyRGECQ,Brain Rot Is Real (And It’s Happening to You),@RinkyThakur-i5w,2026-01-03T14:06:42Z,4,want change screen bring mediation writing life again♥️
p5SepyRGECQ,Brain Rot Is Real (And It’s Happening to You),@girlsweirdtalk9245,2026-04-07T19:37:44Z,1,deserve positive supporting comment support head
p5SepyRGECQ,Brain Rot Is Real (And It’s Happening to You),@shelusinghbhati8841,2025-11-09T17:11:54Z,36,brainrotten shifted lecture exam content
p5SepyRGECQ,Brain Rot Is Real (And It’s Happening to You),@Cute-fr1li,2026-01-16T17:43:40Z,4,facing problem relate every talk
p5SepyRGECQ,Brain Rot Is Real (And It’s Happening to You),@utsavimishra106,2025-09-25T05:11:27Z,161,medical student agree attention span direct effect based reel consumption change profound matter year surely reversible cutting junk food choosing healthy lifestyleself awareness important solve thanks tip 👍🏻✨
p5SepyRGECQ,Brain Rot Is Real (And It’s Happening to You),@Your_average_oxygen_enjoyer,2025-10-03T08:33:16Z,11,brainrot meme joke anybody took victim
p5SepyRGECQ,Brain Rot Is Real (And It’s Happening to You),@Ohisthisyou,2025-11-08T18:10:12Z,38,problem real put effort whenever there requires hand automatically open chat gpt
p5SepyRGECQ,Brain Rot Is Real (And It’s Happening to You),@akhand_on_yt,2026-03-19T16:06:42Z,1,bro tere meri zindagi sudhar thank deserves million subscriber
p5SepyRGECQ,Brain Rot Is Real (And It’s Happening to You),@brainbites461,2025-09-22T16:39:03Z,156,riyal bhai bahut danger hota rha social medium mobile wajah
p5SepyRGECQ,Brain Rot Is Real (And It’s Happening to You),@Dion-of-Madness,2026-03-03T16:10:09Z,0,thanks illuminating blind spot thanks could improve focus framework
p5SepyRGECQ,Brain Rot Is Real (And It’s Happening to You),@MysicBites,2025-11-09T15:40:07Z,68,starting today please report progress day score
p5SepyRGECQ,Brain Rot Is Real (And It’s Happening to You),@jagritigautam-hq6xc,2026-05-16T09:25:34Z,3,scored able complete hr lecture
p5SepyRGECQ,Brain Rot Is Real (And It’s Happening to You),@CheraMathew,2025-09-29T22:36:45Z,25,heaving headache feel magic seriously thank
p5SepyRGECQ,Brain Rot Is Real (And It’s Happening to You),@MIGHTYREPHRASE,2025-09-30T12:49:57Z,110,sorry failed day nobrainrot challenge let family infected
p5SepyRGECQ,Brain Rot Is Real (And It’s Happening to You),@lp-6667,2025-10-20T12:49:38Z,23,day point check share change day
p5SepyRGECQ,Brain Rot Is Real (And It’s Happening to You),@Sharingan373,2025-09-25T12:52:09Z,208,1admit problem 2progressive overload focus 3environment design 4start day 5dopamine rebalancing 6eliminate trigger 7do real life activity mindful consumption
p5SepyRGECQ,Brain Rot Is Real (And It’s Happening to You),@Susovan.Samanta.73,2026-02-27T16:33:17Z,4,scary part coz brain rotting
p5SepyRGECQ,Brain Rot Is Real (And It’s Happening to You),@harrsstyagi,2026-04-11T04:57:16Z,1,saw colour filter…and going beneficial…but personal experience zero spam video…that it❤
p5SepyRGECQ,Brain Rot Is Real (And It’s Happening to You),@GoGetter678,2025-11-06T23:07:01Z,24,take challenge today 7th nov ill week share changed
p5SepyRGECQ,Brain Rot Is Real (And It’s Happening to You),@Techpulse66743,2025-10-08T17:56:39Z,76,tried week guy beleive deleted social medium account focusing university currently engineering inshallah continue addicted social medium mind peaceful free clam mode ready heavy task strong power thank bro forget changed whole life thanks buddy lovve please reply allahfiz
p5SepyRGECQ,Brain Rot Is Real (And It’s Happening to You),@entertainment_world_tf1lz,2026-03-05T22:59:09Z,1,score depends situation ill work thank
p5SepyRGECQ,Brain Rot Is Real (And It’s Happening to You),@Naa_ls,2025-12-12T23:42:22Z,5,change every morning cup tea focus crochet knitting project instead stuff phone
p5SepyRGECQ,Brain Rot Is Real (And It’s Happening to You),@Komal_perspectives,2026-01-15T16:28:16Z,40,due bcz instagram change topic every sec stopped reduce instagram
p5SepyRGECQ,Brain Rot Is Real (And It’s Happening to You),@YashLavhekar,2025-09-28T15:33:50Z,16,swear point iam continuing screen insta short increasing day day thank opening eye
p5SepyRGECQ,Brain Rot Is Real (And It’s Happening to You),@princekumar-z6w6z,2025-09-24T06:00:46Z,43,told dad purchase mobile learn skill valuable knowledge improving life day day
p5SepyRGECQ,Brain Rot Is Real (And It’s Happening to You),@finderskeepers7293,2026-04-17T04:16:21Z,1,thank effort important ❤❤❤❤ need innocent looking smart phone messing people brain behaviour ultimately messing society
p5SepyRGECQ,Brain Rot Is Real (And It’s Happening to You),@nvduk3,2026-02-25T10:14:19Z,4,reason uninstalled insta sometimes needed feel better indulge active entertainment gaming guitar painting rather doomscrolling reason
p5SepyRGECQ,Brain Rot Is Real (And It’s Happening to You),@Sro458,2025-10-12T05:08:49Z,31,score student attention span memory retention decreased ground leveli want academic comebackhope weak achieve goal thankyou
p5SepyRGECQ,Brain Rot Is Real (And It’s Happening to You),@SimonAhmed666,2026-04-25T18:42:30Z,2,perfect brain rooted somehow managed escape instagram reel deactivated account fully concentrating productivity escape algorithm real world
p5SepyRGECQ,Brain Rot Is Real (And It’s Happening to You),@Drishti.4427,2025-11-01T16:28:52Z,19,admitting problem couldnt stop self scrolling redused today starting real challenge score starting late wasted time😢 please remind
p5SepyRGECQ,Brain Rot Is Real (And It’s Happening to You),@unknown.guy1995,2025-09-24T17:21:27Z,4,score screen 3hr day 1hr game rest lecture study day
p5SepyRGECQ,Brain Rot Is Real (And It’s Happening to You),@ShakshiSharma-v1s,2026-03-12T04:57:56Z,2,well thankyou muchfor realise wrong need focus
p5SepyRGECQ,Brain Rot Is Real (And It’s Happening to You),@Markshot24k,2025-09-29T09:24:14Z,21,jab phone mila hai tab kar rha
p5SepyRGECQ,Brain Rot Is Real (And It’s Happening to You),@saminanajma5359,2025-10-08T18:16:55Z,86,yesterday around gave score today followed instruction shared believe used social medium hour entire day lot useful work mind feel fresh headache full energy opened thank section usually video helped past month wanting change figure start truly helped thank continue challenge day keep going love
p5SepyRGECQ,Brain Rot Is Real (And It’s Happening to You),@vishalvenu4833,2026-04-14T19:36:06Z,2,jindagi mein pahli bar kisi chij top kiya hun
p5SepyRGECQ,Brain Rot Is Real (And It’s Happening to You),@DhananjayPatil-oe7pg,2026-05-16T18:20:04Z,3,day challenge day warrior next
p5SepyRGECQ,Brain Rot Is Real (And It’s Happening to You),@NishitaVerma-q2y,2026-03-05T14:45:55Z,4,gon fixed routine stick discipline letting controll
p5SepyRGECQ,Brain Rot Is Real (And It’s Happening to You),@pragyarawat9384,2026-04-03T10:35:14Z,0,started drawing distracting phone remember complete drawing leaving vid working distract
p5SepyRGECQ,Brain Rot Is Real (And It’s Happening to You),@MohammedabdulNayeem-b8t,2026-04-18T00:34:02Z,4,reading book distraction start day phone activity hour day sit thought display gray color turn notification important real life activity hobby junk content want use app
p5SepyRGECQ,Brain Rot Is Real (And It’s Happening to You),@pranaychandra9724,2025-09-22T06:02:05Z,7,keep type high quality video
p5SepyRGECQ,Brain Rot Is Real (And It’s Happening to You),@KhushiSharma-of1xw,2026-04-27T18:38:51Z,0,today 0th day attention score reel phone alot remembering concentrate partcular work long alot facing decided need improve day ill give attention score people facing issue need follow day practice let best people want improve themselves😇✨
p5SepyRGECQ,Brain Rot Is Real (And It’s Happening to You),@noob_editor458,2026-01-16T18:20:21Z,5,life chuck movie39 year life short there point living die
p5SepyRGECQ,Brain Rot Is Real (And It’s Happening to You),@kenpibasar4641,2025-09-24T19:18:33Z,16,tnk god click agree chir chirairritation day bcs raking online class near screen gon work tnku bro❤
p5SepyRGECQ,Brain Rot Is Real (And It’s Happening to You),@Thelilly19,2025-09-23T06:42:09Z,80,point disappointed tackle insha allah
p5SepyRGECQ,Brain Rot Is Real (And It’s Happening to You),@shivamdhall419,2026-05-13T16:36:26Z,1,support humanity bro thankyou helped alot
p5SepyRGECQ,Brain Rot Is Real (And It’s Happening to You),@aidevsurya,2025-09-26T19:36:02Z,7,music producer guitarist pianist handed love play chess carrom day playing table tennis college professionally engineer passionate coder robotics enthusiast love research read book practically theory experiment cooking household work cleaning etc get invisible start reel sent online friend feeling vehicle need machine oil brain need power
p5SepyRGECQ,Brain Rot Is Real (And It’s Happening to You),@nuhablogs,2026-04-16T14:17:51Z,1,every morning mostly every morning read book instead scrolling phone sometimes scroll phone reading book escape social medium
p5SepyRGECQ,Brain Rot Is Real (And It’s Happening to You),@SituDe-f4t,2025-09-30T06:38:38Z,7,mine day sometimes feel bit lost track
p5SepyRGECQ,Brain Rot Is Real (And It’s Happening to You),@happyboy0025,2026-05-12T08:09:21Z,1,day score start today build best version helpful date
p5SepyRGECQ,Brain Rot Is Real (And It’s Happening to You),@studydreams-ih1my,2025-10-06T11:51:30Z,14,score uninstalled instafbsnapchat class spending reddit listening song around going bed tune keep playing brain throughout day leave reddit reduce song listening around min
p5SepyRGECQ,Brain Rot Is Real (And It’s Happening to You),@sleepyanam,2025-10-01T10:45:45Z,4,litterly result appreciate content start today week❤
p5SepyRGECQ,Brain Rot Is Real (And It’s Happening to You),@Utkarsh-lf7tn,2026-03-09T08:30:36Z,3,starting seeing day plz ase following done trarget orn
p5SepyRGECQ,Brain Rot Is Real (And It’s Happening to You),@rutvikjadhav9140,2026-03-16T09:30:26Z,0,day score starting todaynotify day
p5SepyRGECQ,Brain Rot Is Real (And It’s Happening to You),@ChandraPrakash-of4wk,2025-09-28T19:27:28Z,6,thought bought flute started learning added small activity walking soon start working
p5SepyRGECQ,Brain Rot Is Real (And It’s Happening to You),@vishnoi1029,2025-12-30T15:22:38Z,8,bhai sahb seriously mera score hai khud धीरेधीरे depression rha
p5SepyRGECQ,Brain Rot Is Real (And It’s Happening to You),@nkrishnamys,2025-09-23T12:08:43Z,10,keep pls bring constructive action parent woh apne baccho zindagi bekaar banaa rahe hein
p5SepyRGECQ,Brain Rot Is Real (And It’s Happening to You),@Tanya-sinhaz01,2026-03-10T16:42:08Z,0,bit safe live hostel without phone home
p5SepyRGECQ,Brain Rot Is Real (And It’s Happening to You),@harendersinghbisht9757,2025-09-23T18:08:02Z,7,score show improving video shoot content
p5SepyRGECQ,Brain Rot Is Real (And It’s Happening to You),@SIMU-JINY,2025-10-14T11:17:55Z,5,school game workout homework mobile game
p5SepyRGECQ,Brain Rot Is Real (And It’s Happening to You),@Tarique_Hasan_India,2026-04-03T20:13:04Z,1,wth man…this need famous…why low subs……its awesome videos… thank vai❤
p5SepyRGECQ,Brain Rot Is Real (And It’s Happening to You),@Night_Monsterr,2025-10-11T17:47:30Z,18,bro teri wali manipulation tecnic mujpe kam nahi karegi muje pata hai tune starting esa kyu bola work
p5SepyRGECQ,Brain Rot Is Real (And It’s Happening to You),@editsbyflux_official,2026-04-03T20:22:23Z,1,score zeroday score seeing decided follow change thanks brother
p5SepyRGECQ,Brain Rot Is Real (And It’s Happening to You),@Krishna-g7k7x,2025-09-29T17:34:32Z,4,bro seriously going boom community best lucki support ❤❤❤❤❤
p5SepyRGECQ,Brain Rot Is Real (And It’s Happening to You),@mdarhamazim,2025-09-23T11:51:40Z,8,score sometimes podcasts long form video sometimes challenge accepted
p5SepyRGECQ,Brain Rot Is Real (And It’s Happening to You),@NavneetKaur-vt8kt,2025-09-26T09:21:30Z,12,harsh reality want face thank
p5SepyRGECQ,Brain Rot Is Real (And It’s Happening to You),@Reality_mind09,2026-04-22T11:48:44Z,1,thanks mate observed looking turned looking stopped reel etc minimised phone month focus level thanks content
p5SepyRGECQ,Brain Rot Is Real (And It’s Happening to You),@gamepool3103,2025-09-28T17:40:24Z,4,brother small creatorbut message today given deep big💯 thank information gained subscriber today hoping video future❤️
p5SepyRGECQ,Brain Rot Is Real (And It’s Happening to You),@vikram_bishnoi02,2025-09-21T11:58:04Z,8,bahut शानदार वीडियो एडिटिंग लाजवाब हैं
p5SepyRGECQ,Brain Rot Is Real (And It’s Happening to You),@Mishi-z1i,2025-09-30T13:03:32Z,85,victim brain rot month screen hour hr day sleep worst life happy done better definitely affected brain 1my attention span read paragraph without distracted second memory loss started forgetting life moment memory year childhood fav memory memory friend family use irritated small interest could feel happy short chill personality angry irritated easily dark circle life month screen use sleep daytime dark eye day felt done helpless life 8my brain started slowing brain processing speed slow physical activity entire day more…🙂 wanted change knew ruining brain health future felt loser felt dumb stupid main reason screen worst used phone escape reality day enough gathered courage decided quit insta tik tok etc spend interest outer world far better hope completely quit addiction rewire brain productive
p5SepyRGECQ,Brain Rot Is Real (And It’s Happening to You),@moviesarea7112,2026-04-17T13:09:01Z,2,serious matter used student would scoring without trying revision taking lecture carefully hardly pas
p5SepyRGECQ,Brain Rot Is Real (And It’s Happening to You),@Abhay_4653H,2025-10-30T20:16:43Z,8,used insta addicted short year 11th laptop removed easy acess laptop use phone full feed intrest want whenever want perception perception doom scrolling would moron type foolish end indulge consider shityy doom scrolling change perception change habit take give long term result simple consider brain asset filling garbage
p5SepyRGECQ,Brain Rot Is Real (And It’s Happening to You),@siddharth5291-o3q,2025-09-27T15:47:05Z,7,bhayank bhaikasam dimaag khula try day
p5SepyRGECQ,Brain Rot Is Real (And It’s Happening to You),@愛してます69,2026-03-21T08:09:55Z,0,love era phone meant calling sending message fuked
p5SepyRGECQ,Brain Rot Is Real (And It’s Happening to You),@shreshthapandey8627,2026-04-10T14:12:00Z,1,month life changing exam stuff score 😢😢😢😢
p5SepyRGECQ,Brain Rot Is Real (And It’s Happening to You),@bhaveshvispute4283,2025-09-24T02:36:35Z,13,meanwhile left instagram year ago❤
p5SepyRGECQ,Brain Rot Is Real (And It’s Happening to You),@storieswithKJ19,2025-09-22T16:39:42Z,7,helpful tip esp grayscale notification book reading help sure
p5SepyRGECQ,Brain Rot Is Real (And It’s Happening to You),@imHarsh-v7v,2026-05-18T12:03:25Z,2,day score screen approx hr day score updated screen approx updated
p5SepyRGECQ,Brain Rot Is Real (And It’s Happening to You),@ayurvedaweeb,2025-10-05T16:57:41Z,4,brainrot real felt little sleepy till last video😢😢
p5SepyRGECQ,Brain Rot Is Real (And It’s Happening to You),@amazingchannel-lo1px,2025-10-04T08:20:22Z,13,faced zone distraction problem daily life minor could maintain focus searching identify problem help thankyou
p5SepyRGECQ,Brain Rot Is Real (And It’s Happening to You),@KhushiSharma-of1xw,2026-04-27T18:41:45Z,0,cousin told movie better reel
p5SepyRGECQ,Brain Rot Is Real (And It’s Happening to You),@rumaisamajeed8536,2025-10-03T09:21:48Z,6,score uninstalled instagram videoi glad going start working thankyou
p5SepyRGECQ,Brain Rot Is Real (And It’s Happening to You),@akanzha,2025-11-26T12:48:51Z,4,ittna jyada addiction hogya hai phone side mai rkhke min dekh rhi thi aur mere haatho mai drd honae lga asa hou chota bcha kisi chiz jidd krke rora hou seriously dangerous
p5SepyRGECQ,Brain Rot Is Real (And It’s Happening to You),@mehjabeensayed1792,2026-05-12T21:05:50Z,0,reading comment switching playing pip mode thanks
p5SepyRGECQ,Brain Rot Is Real (And It’s Happening to You),@UmerGaming705,2025-09-27T09:20:06Z,52,chalta bhaiyo mera score bs hai
p5SepyRGECQ,Brain Rot Is Real (And It’s Happening to You),@rumaal_h,2025-09-26T16:05:00Z,27,kitna yes hain kitna hain wohi bhul gaya
p5SepyRGECQ,Brain Rot Is Real (And It’s Happening to You),@pseudoxsamurai,2025-09-22T10:42:26Z,5,510th subscriber provided welldetailed beautifully explained brainrot deserves subscription score
p5SepyRGECQ,Brain Rot Is Real (And It’s Happening to You),@Aashishpatel_real,2025-12-05T16:03:26Z,7,biggest irony editing type video brainrot type every second new thingelement clip entire clip change whole us fleshi edits bold colour red blue human brain attentive type video decreasing focusing skill instagram short focus study tend forget relatively quickly worked editor past learnt golden rule editing main clip longer second increase viewer attention today editor reduced second youtubers increase audience retention video cost paid viewors couse redusese attantion span viewar trimedusly type editing new element screen every second designed give dopamine hit dangerous person focusing skill video lecture math class brain little amount work 🤦‍♀🤦‍♀🤦‍♀🤦‍♀🤦‍♀🤦‍♀😢😢
p5SepyRGECQ,Brain Rot Is Real (And It’s Happening to You),@maheshmhamane2073,2025-10-03T14:23:25Z,13,mine score going change onwards maa give strength
p5SepyRGECQ,Brain Rot Is Real (And It’s Happening to You),@abhinavpandey3072,2026-02-15T12:10:55Z,7,score year ago read article short destroying attention span gradually stopped using insta short stopped since today video longer min informational documentary notification tone phone caller tone kindle helped read book novel autobiography kindle helped read book hr without distracted drawback jogging morning inevitably phone documentary becoming new addiction start thanks
p5SepyRGECQ,Brain Rot Is Real (And It’s Happening to You),@SS369World,2026-04-14T06:12:22Z,2,brother grateful needed content society keep going may god bless
p5SepyRGECQ,Brain Rot Is Real (And It’s Happening to You),@suranjananathbhowmick7819,2026-02-26T17:30:58Z,6,wan change social medium consumption binge emonional dependence others learning guitar violin
p5SepyRGECQ,Brain Rot Is Real (And It’s Happening to You),@MeerabRehanButt,2025-09-27T09:04:41Z,5,losing attention thank god full insha allah reduce screentime improve focus
p5SepyRGECQ,Brain Rot Is Real (And It’s Happening to You),@Urgain_Dadul,2026-01-09T12:25:27Z,11,121my score zero happen 😭please give solution score🤧
p5SepyRGECQ,Brain Rot Is Real (And It’s Happening to You),@AkashGill-j7m,2026-03-10T17:50:50Z,3,anybody like comeback tell condition 🙏🏻🙏🏻
p5SepyRGECQ,Brain Rot Is Real (And It’s Happening to You),@aarya.shelar_9,2026-05-07T15:47:48Z,0,thanks dealing brainrot due suffering lot mental breakdown anxiety depression decided work
p5SepyRGECQ,Brain Rot Is Real (And It’s Happening to You),@Mou-Ishan,2025-11-25T16:15:39Z,6,opinion need certain amount screen content videos—just enough serve purpose beyond point focus work first whatever amount screen genuinely need—whether using phone scrolling tv—use true stay without phone anymore reality remember complete responsibility task first want spend phone use mindfully excess ❤❤❤
p5SepyRGECQ,Brain Rot Is Real (And It’s Happening to You),@Youtubemp49,2026-05-16T07:18:57Z,1,abhi tak koi nhi aya stamp
p5SepyRGECQ,Brain Rot Is Real (And It’s Happening to You),@YogeshJaat2009,2025-09-27T06:26:48Z,5,ager hum informative content consume kare online study educational video kya bhi hamare brain effect affect karta jase brain rot content affect karta pls reply student kya fir koi nai skill sikh sakta coding editing etc
p5SepyRGECQ,Brain Rot Is Real (And It’s Happening to You),@mohammadislm,2026-04-20T13:07:49Z,0,content writing screen day score
p5SepyRGECQ,Brain Rot Is Real (And It’s Happening to You),@hope_Alia,2025-10-06T07:35:08Z,4,day score taking challenge day update
p5SepyRGECQ,Brain Rot Is Real (And It’s Happening to You),@innerfeelingsstudio1260,2025-09-03T01:46:18Z,4,aapne achi bnai maine puri dekhi acha laga mere sare answer hai sometimes feel thanks
p5SepyRGECQ,Brain Rot Is Real (And It’s Happening to You),@SSONY_DIARIES,2026-05-13T05:41:44Z,1,chalo kahi score kiya maine
p5SepyRGECQ,Brain Rot Is Real (And It’s Happening to You),@Treek-o,2025-10-07T22:20:31Z,10,instead using insta free trying different hobby sketching cooking documentary feel fun trust try hobby
p5SepyRGECQ,Brain Rot Is Real (And It’s Happening to You),@akshat1957,2026-03-07T21:46:40Z,0,thanks man helped figuring real problem life
p5SepyRGECQ,Brain Rot Is Real (And It’s Happening to You),@billiondebbarma1299,2026-03-26T11:10:18Z,1,karne baad interesting peaceful lag raha hai mein peace edited par kuch der baad interest haat gaya thora boring lagne laga
p5SepyRGECQ,Brain Rot Is Real (And It’s Happening to You),@MehrunNisa-j1q,2026-04-19T13:36:37Z,1,want change habit using phone unnecessary thingswhich leading brain rot
p5SepyRGECQ,Brain Rot Is Real (And It’s Happening to You),@embrace-stoicism-r1s,2026-02-28T08:55:00Z,1,man please talk personally serious
p5SepyRGECQ,Brain Rot Is Real (And It’s Happening to You),@MuhammadAbubaker-h5o,2026-03-16T05:37:41Z,0,hat bro wake all❤️👏 love pakistan
p5SepyRGECQ,Brain Rot Is Real (And It’s Happening to You),@Shruti-o8x8o,2026-03-04T07:57:16Z,0,thanks ❤❤❤❤❤❤ needed exam ❤❤❤
p5SepyRGECQ,Brain Rot Is Real (And It’s Happening to You),@SaitamaXy357,2026-04-29T04:50:37Z,1,score habitcricketwalk per morningread book min avrage play gamessongs etc
p5SepyRGECQ,Brain Rot Is Real (And It’s Happening to You),@Cpm_jai,2026-05-07T16:10:33Z,0,bro thanks video tried shifted focus book topic tooand glad week life change start grow healthy dopamine human need thanks brother❤👍 keep growing
p5SepyRGECQ,Brain Rot Is Real (And It’s Happening to You),@flyingpatel10,2026-05-02T16:56:52Z,1,day attention score changed phone grayscale notification apps
p5SepyRGECQ,Brain Rot Is Real (And It’s Happening to You),@Azamkhan-s8w,2026-04-27T14:59:21Z,0,proud thank eye open score thank helping
p5SepyRGECQ,Brain Rot Is Real (And It’s Happening to You),@NavneetPrajapati-b8n,2026-05-18T17:10:14Z,0,addiction reel worse movie feel productive😂
p5SepyRGECQ,Brain Rot Is Real (And It’s Happening to You),@Vilas_Gite,2026-04-26T17:57:32Z,0,thanks sharing starting today score june
p5SepyRGECQ,Brain Rot Is Real (And It’s Happening to You),@devanshsingh1693,2026-04-29T06:42:31Z,0,feel low intrest content manner transform
p5SepyRGECQ,Brain Rot Is Real (And It’s Happening to You),@mukumiiii,2026-04-21T17:44:53Z,2,today score let score day
p5SepyRGECQ,Brain Rot Is Real (And It’s Happening to You),@thenovice3736,2026-04-26T02:16:48Z,1,short facebook reel insta reel tiktok twitter addicting video shorter span etc nowadays young use comic cartoon comic manga manhwa manhua etc web novel etc cause addicting brain rot
p5SepyRGECQ,Brain Rot Is Real (And It’s Happening to You),@muhammadmahfuj986,2026-04-11T18:25:58Z,1,day ill zero score insha allah
p5SepyRGECQ,Brain Rot Is Real (And It’s Happening to You),@nitishrana57,2026-03-13T15:50:43Z,0,thank bhaiya changed life 😊😊😊
p5SepyRGECQ,Brain Rot Is Real (And It’s Happening to You),@SnpDecodes,2026-05-03T03:47:21Z,0,bro tumne different feel karaya
p5SepyRGECQ,Brain Rot Is Real (And It’s Happening to You),@VarshaGhosh-rb4qv,2026-04-18T18:19:06Z,2,toh delete krdiya instagram aur snapchat
p5SepyRGECQ,Brain Rot Is Real (And It’s Happening to You),@sarthakmalav,2026-04-22T10:27:12Z,0,starting today achieve focus may
p5SepyRGECQ,Brain Rot Is Real (And It’s Happening to You),@DhyanDave-o8u,2026-05-17T08:22:43Z,0,thanks lovely amazing bbest content bro
p5SepyRGECQ,Brain Rot Is Real (And It’s Happening to You),@saharamjadali,2026-04-24T05:26:19Z,0,thank tell mene kia achieve kia
p5SepyRGECQ,Brain Rot Is Real (And It’s Happening to You),@MOHAN_kumar-f2b,2026-04-24T18:01:45Z,0,diary ready move forward future
p5SepyRGECQ,Brain Rot Is Real (And It’s Happening to You),@SwaraMishra-g9i,2026-04-27T18:05:41Z,0,guy crazy book reader read hour bookshelf span whole as wall huge screentime play sport lije basketball swimming
BFgg-Gy0E2g,Is GEN ALPHA SLANG just NONSENSE?,@ADJJ,2024-08-10T19:50:55Z,1939,dish becoming snack inflation tho
BFgg-Gy0E2g,Is GEN ALPHA SLANG just NONSENSE?,@cloud3x3,2024-07-27T13:04:49Z,4495,black gamer using bunch word unironically decade weird called gen alpha slang understand understand word except skibidi gen alpha skibidi trying bring wowzers though
BFgg-Gy0E2g,Is GEN ALPHA SLANG just NONSENSE?,@gabebrutal1874,2024-08-05T15:47:20Z,1918,parent gen son learned slang embarrass front friend cap god
BFgg-Gy0E2g,Is GEN ALPHA SLANG just NONSENSE?,@abelhernandez2381,2024-11-10T01:27:01Z,38,totally rad vid analysis mondo tubular
BFgg-Gy0E2g,Is GEN ALPHA SLANG just NONSENSE?,@MacroManatee,2024-07-31T03:54:13Z,988,met elderly man chatted life story exact age owned business 50 could definitely old conversation drew close invited dinner house undetermined future date idea told would cool shook head cool young slang… chuckled bit bid goodbye inside reeling cool use generation point slang met predated definition word unfortunately chance dinner died within couple year conversation forget though distant past reached tapped shoulder
BFgg-Gy0E2g,Is GEN ALPHA SLANG just NONSENSE?,@Rusty-METAL-J,2024-10-30T13:20:00Z,20,groovy term music groove vinyl record
BFgg-Gy0E2g,Is GEN ALPHA SLANG just NONSENSE?,@cfkay3727,2024-07-30T04:25:05Z,900,gen alpha slang hasnt changed gen slang bet elementary schoolers repeating slang hearing gen influencers tiktok
BFgg-Gy0E2g,Is GEN ALPHA SLANG just NONSENSE?,@foogod4237,2024-07-26T18:44:12Z,819,love sound could sort weather report there vowel merger slowly spreading east across pennsylvania goat changed part speech pastparticiple mean expect backformations soon
BFgg-Gy0E2g,Is GEN ALPHA SLANG just NONSENSE?,@TirelessGod,2024-07-28T23:51:48Z,336,real trust interesting type learned thanks man
BFgg-Gy0E2g,Is GEN ALPHA SLANG just NONSENSE?,@vanuaturly,2025-10-30T20:50:50Z,57,npc roleplaying game dungeon dragon applied game
BFgg-Gy0E2g,Is GEN ALPHA SLANG just NONSENSE?,@repker,2024-08-17T03:58:16Z,279,couldve sworn sigma originated play alpha beta adjacent ridiculousness pseudoscientific dichotomy alpha arent beta either sigma self awareness faded sigma lumped better alpha better
BFgg-Gy0E2g,Is GEN ALPHA SLANG just NONSENSE?,@3choblast3r4,2024-10-06T17:09:50Z,54,minute gen alpha slang wihout skipping minute mate
BFgg-Gy0E2g,Is GEN ALPHA SLANG just NONSENSE?,@lazerbungalow,2024-07-27T00:46:57Z,365,fleek absolutely predated gen alpha impression fallen fashion
BFgg-Gy0E2g,Is GEN ALPHA SLANG just NONSENSE?,@matus1976,2024-11-02T19:22:11Z,127,genxer heard yeet high school 90 referring secretly spitting fascinating subscribed
BFgg-Gy0E2g,Is GEN ALPHA SLANG just NONSENSE?,@splitp1,2024-07-27T05:16:40Z,238,black genxer laugh hard hear new slang nice linguist break explain actual origin term love distinction slang dialect keep work onomatopoeia first try truly epic
BFgg-Gy0E2g,Is GEN ALPHA SLANG just NONSENSE?,@foogod4237,2024-07-26T18:55:09Z,1144,surprised reference touch unalive arguably invented gen alpha seems embraced slang done previous generation far invented gen sort tongueincheek reaction defacto online censorship word die quite long mostly used generalpurpose slang word deliberately specific situation using word forced commentary state gen zers use unalive unironically everyday conversation would bit cringe however gen alpha seems heard word video etc adopted entirely unironically slang term use everyday life used socialpolitical statement another word next generation invent term arguably invented use ordinary slang interesting phenomenon
BFgg-Gy0E2g,Is GEN ALPHA SLANG just NONSENSE?,@gestalticavia322,2025-11-17T01:01:31Z,18,call super fudge effect book mishears dawn early light donzerly light start calling light donzerly
BFgg-Gy0E2g,Is GEN ALPHA SLANG just NONSENSE?,@RetroGamerr1991,2024-08-16T11:05:27Z,156,shooketh originally old medieval tapestry meme around year ago 4chan ytmnd
BFgg-Gy0E2g,Is GEN ALPHA SLANG just NONSENSE?,@erikroth9174,2024-08-03T15:26:59Z,74,heard yeet opposite yoink connote sense casualness opposing direction away toward
BFgg-Gy0E2g,Is GEN ALPHA SLANG just NONSENSE?,@reimiyasaka,2024-08-26T12:24:34Z,494,translator used sus anime upset became trending twitter audience knew sus long among others thought mistranslating try look cool word japanese kyodou fushin mean behave suspiciously character say kyodoru shortened somewhat old slang version word five year harassing completely unprovoked interesting word different language end equivalent slang word language convergent evolution
BFgg-Gy0E2g,Is GEN ALPHA SLANG just NONSENSE?,@kingcrimson234,2025-10-26T19:35:44Z,0,thought asian upbringing double take
BFgg-Gy0E2g,Is GEN ALPHA SLANG just NONSENSE?,@mtnbikeman85,2024-08-28T02:47:14Z,81,car guy using term sleeper year car total sleeper would mean look slow fast especially discussing drag racing
BFgg-Gy0E2g,Is GEN ALPHA SLANG just NONSENSE?,@brookejohnson9914,2024-07-26T18:58:16Z,354,fact stan eminem song stop funny
BFgg-Gy0E2g,Is GEN ALPHA SLANG just NONSENSE?,@asherscottL,2024-10-17T17:33:25Z,7,millennial went college recently classmate astounded could use gen alpha slang though sideeffect terminally online fact word new lost mind lab group finish gtfo hadnt shortening word text god awful cell phone keyboard day slang older surprised using idk felt baffled glad existed sort helped understand feel new slang natural evolution use elarning curve
BFgg-Gy0E2g,Is GEN ALPHA SLANG just NONSENSE?,@Kempy13,2024-07-27T12:32:29Z,129,elizabeth taylor called richard burton simp who afraid virginia woolf sigma rizz cap
BFgg-Gy0E2g,Is GEN ALPHA SLANG just NONSENSE?,@patrickhodson8715,2024-07-26T21:31:52Z,206,consider person want middle english pet peeve cringe thou doth hast add eth verb
BFgg-Gy0E2g,Is GEN ALPHA SLANG just NONSENSE?,@zevelgamer.,2024-07-26T17:40:59Z,144,congratulation 100k jones officially sigma rizzlerget woman men deserve every bit
BFgg-Gy0E2g,Is GEN ALPHA SLANG just NONSENSE?,@jamesk.949,2024-07-26T18:49:12Z,155,love born middle gen nobody coast coast age heard using cheugy idea confused year
BFgg-Gy0E2g,Is GEN ALPHA SLANG just NONSENSE?,@Clear_Night4,2024-07-30T19:59:36Z,10,totally interested vid black twitter pompeii graffiti interested video include neurodivergence language
BFgg-Gy0E2g,Is GEN ALPHA SLANG just NONSENSE?,@theyruinedyoutubeagain,2024-08-09T23:58:11Z,85,guy endgame bos video speed
BFgg-Gy0E2g,Is GEN ALPHA SLANG just NONSENSE?,@Kriil,2024-08-07T13:37:50Z,144,taught 3year old lawn instead away
BFgg-Gy0E2g,Is GEN ALPHA SLANG just NONSENSE?,@h4724-q6j,2024-08-05T00:33:47Z,111,firmly gen closer older end definition almost word extremely popular cohort high school became common towards end definitely werent created popularised younger one described 20th century slightly different meaning cohort described convinced cheugy saw significant usage less millenials started writing article
BFgg-Gy0E2g,Is GEN ALPHA SLANG just NONSENSE?,@ogorangeduck,2024-07-26T18:16:14Z,90,yeet obviously english reflex pie hyeh1
BFgg-Gy0E2g,Is GEN ALPHA SLANG just NONSENSE?,@miley-crisis,2024-07-26T18:20:13Z,86,stop laugh explained february ramadan every year
BFgg-Gy0E2g,Is GEN ALPHA SLANG just NONSENSE?,@juiuice,2024-07-26T18:03:11Z,142,man hearing mid another notch competently doesnt exceed special guess edit appreciate insight reply keep btw
BFgg-Gy0E2g,Is GEN ALPHA SLANG just NONSENSE?,@symsee,2024-08-07T05:04:36Z,98,languagejones gucci around since least used military gucci kit term high quality equipment
BFgg-Gy0E2g,Is GEN ALPHA SLANG just NONSENSE?,@TheMidnightGoose,2024-07-26T17:55:38Z,40,quite sure find video entertaining feeling learning brain like distilled information provide
BFgg-Gy0E2g,Is GEN ALPHA SLANG just NONSENSE?,@FloridaCore,2024-07-26T18:23:59Z,414,feel skibidi jazz scatting somehow
BFgg-Gy0E2g,Is GEN ALPHA SLANG just NONSENSE?,@LonnieLawless,2024-11-14T00:05:15Z,6,skibidi song scatman scatman john whole niche genre scat scat improve vocalization ella fitzgerald known
BFgg-Gy0E2g,Is GEN ALPHA SLANG just NONSENSE?,@livewire98801,2024-08-07T14:14:36Z,14,laughed hard lost track snackdish inflation joke
BFgg-Gy0E2g,Is GEN ALPHA SLANG just NONSENSE?,@chrismacinnes3770,2024-08-07T09:42:18Z,135,npc pre 80 roleplaying game referred character invested
BFgg-Gy0E2g,Is GEN ALPHA SLANG just NONSENSE?,@nineteenfortyeight,2024-08-01T04:16:04Z,271,skibidi sound teenager would year ago
BFgg-Gy0E2g,Is GEN ALPHA SLANG just NONSENSE?,@IAmZanderStewart,2025-11-27T20:55:39Z,2,russian band song called skibidi year ago recall scatman sang similar year ago… skibidibbydib close enough
BFgg-Gy0E2g,Is GEN ALPHA SLANG just NONSENSE?,@grunner6467,2024-10-11T17:16:38Z,38,australia started using banger late 90 welcome
BFgg-Gy0E2g,Is GEN ALPHA SLANG just NONSENSE?,@sonjeow,2024-08-08T05:08:15Z,5,awesome end gave new appreciation language
BFgg-Gy0E2g,Is GEN ALPHA SLANG just NONSENSE?,@MoonSolace1,2024-08-04T13:16:51Z,179,remember correctly sus return game amoung went viral instead pronouncing whole word suspicious gamers abbreviated word gamers often
BFgg-Gy0E2g,Is GEN ALPHA SLANG just NONSENSE?,@skibidicoffee22,2024-10-16T05:33:18Z,1,saw old 70 commercial credit card first invented credit card give clout commercial
BFgg-Gy0E2g,Is GEN ALPHA SLANG just NONSENSE?,@chassmith6778,2024-07-26T20:14:22Z,104,npc ttrpgs game borrowed term
BFgg-Gy0E2g,Is GEN ALPHA SLANG just NONSENSE?,@BJPCameron,2024-08-05T08:25:46Z,8,popped feed fan thanks dope
BFgg-Gy0E2g,Is GEN ALPHA SLANG just NONSENSE?,@southend26,2024-09-09T20:37:30Z,39,gen alpha little young slang give year imo
BFgg-Gy0E2g,Is GEN ALPHA SLANG just NONSENSE?,@PLEASE-SUB5CRIBE,2025-10-30T10:30:44Z,3,sir heard dude atl yeet early 90
BFgg-Gy0E2g,Is GEN ALPHA SLANG just NONSENSE?,@slayer_starswirl,2024-07-29T14:27:45Z,23,small correction yeet exactly spawn videogames viral vine woman holding soda launch high school crowd hallway shout yeet random onomatopoeia funny viral reason yeet mean chuck throw
BFgg-Gy0E2g,Is GEN ALPHA SLANG just NONSENSE?,@cometsmith,2024-07-27T02:28:29Z,141,chronically online person added info want term skibidi come song called dom dom originally biser king later became viral due cover fiki line schtibidi dom dom understanding scatting meaning became popular due turkish man dancing along stayed popular little alexey gerasimo russian animator animation game character head toilet singing song went viral among gen alpha scrolling apps tik tok short gen millennials found skibidi toilet affectionately titled context begin found hilarious seemed first piece medium gen alpha gen year old feel old started ironically using term skibidi nonesense word skibidi toilet popular meant absolutely mentioning humorous point would replace adjective skibidi reason skibidi screw skibidi life mean reason sheesh around long there resurgence due sheesh meme old dead meme sheesh funny high pitched voice pointed arm point ice vein sheesh around long recently new reference might add context usage similar sheesh sus around long rejuvenated among craze covid pandemic among mafiatype game imposter trying kill player since often typing heated debate easier sus rather suspicious since safe regained popularity doublemeaning often use call gay sure common usage gen usually would call sus gay joke somewhat gay straight insult slur noted member gen usually heard sexual context maybe beware want use front kid younger family correct wrong havent heard used context far concerned yeet vine threw crowd yelled yeet origin phrase definitely popularized among gen went pretty viral distinctly remember yelling yeet threw middle school
BFgg-Gy0E2g,Is GEN ALPHA SLANG just NONSENSE?,@pegy6384,2024-07-26T18:12:55Z,111,first felt old heard kid ratchetand wretched ratchet butthats word
BFgg-Gy0E2g,Is GEN ALPHA SLANG just NONSENSE?,@traceythompson1092,2024-12-21T17:19:03Z,5,remember slay honeymooner show american 50 alice say ralph call killer slay ralphs response calling bellevue nut def predates gen alpha
BFgg-Gy0E2g,Is GEN ALPHA SLANG just NONSENSE?,@jn3440,2024-08-02T15:21:49Z,127,gen alpha slang list full slang gen zer using guess adult caught gen alpha started parroting
BFgg-Gy0E2g,Is GEN ALPHA SLANG just NONSENSE?,@jack2453,2024-07-27T09:20:24Z,99,assumed tea sharing gossip cup tea
BFgg-Gy0E2g,Is GEN ALPHA SLANG just NONSENSE?,@MichaelRafferty-xb7iy,2024-08-02T21:24:04Z,7,bruh skibidiwalker bare dem wagwan gon fix dis ignites lightsaber
BFgg-Gy0E2g,Is GEN ALPHA SLANG just NONSENSE?,@pinkdoobie,2026-01-23T13:35:48Z,1,given coffee reference assuming open look backward ipa yenta name old come medieval romance component yiddish wrote story yenta named yenta
BFgg-Gy0E2g,Is GEN ALPHA SLANG just NONSENSE?,@jeanalisson,2024-07-26T22:05:36Z,59,yeet vine girl throwing empty soda hallway
BFgg-Gy0E2g,Is GEN ALPHA SLANG just NONSENSE?,@bjornsan,2024-07-26T18:35:09Z,56,first heard vibing thought meant high learned thought verb old slang
BFgg-Gy0E2g,Is GEN ALPHA SLANG just NONSENSE?,@TheAlphaGamerHD,2024-12-13T20:01:42Z,1,incredibly interesting informative thanks knowledge
BFgg-Gy0E2g,Is GEN ALPHA SLANG just NONSENSE?,@caiogomes-clg,2024-07-26T22:27:04Z,8,skibidi jones broke million piece love
BFgg-Gy0E2g,Is GEN ALPHA SLANG just NONSENSE?,@jeffwetherell,2024-09-06T18:34:12Z,10,love year old think he coolest kid earth using word grandfather probably used year ago
BFgg-Gy0E2g,Is GEN ALPHA SLANG just NONSENSE?,@denippon,2024-08-02T04:59:38Z,14,joke inflation giggling tiny child thanks
BFgg-Gy0E2g,Is GEN ALPHA SLANG just NONSENSE?,@KyleRandall-f1i,2025-12-25T03:12:22Z,0,love thank gone far aspiring past write modern yet correct dictionary believing english language suffered gross atrocity considering evolution cultural influence masking altering keep cryptic fully understood almost epiphany concept duh known moment consider linguistics writer enjoyment professionally field study fascinates fact important culture understand pursue higher education would definitely field interest study presenting education fantastic thank work sir definitely look forward staying tuned
BFgg-Gy0E2g,Is GEN ALPHA SLANG just NONSENSE?,@drmilkweed,2024-07-26T19:49:50Z,8,using gucci mean decade ago kansa pretty regular use
BFgg-Gy0E2g,Is GEN ALPHA SLANG just NONSENSE?,@jaduchas,2024-08-02T04:56:55Z,27,recall correctly cheugy mexican slang 2000s maybe earlier huge debate last year resurgence started around pokemon scarlet violet used english localization game development since gen teenager absolutely create wrong love reliably search etymology lexicography want video love language history informative thank
BFgg-Gy0E2g,Is GEN ALPHA SLANG just NONSENSE?,@amandagrimson5584,2025-11-14T16:03:07Z,0,far breakdown usage yet fascinating
BFgg-Gy0E2g,Is GEN ALPHA SLANG just NONSENSE?,@ZakDTV,2024-08-05T09:23:57Z,6,yeet used jeremy clarkson decade ago top gear first heard meaning throw
BFgg-Gy0E2g,Is GEN ALPHA SLANG just NONSENSE?,@rafaelmonteirorodrigues4672,2024-07-26T19:13:36Z,7,another banger skibidi jones congratulation 100k
BFgg-Gy0E2g,Is GEN ALPHA SLANG just NONSENSE?,@EV21,2024-07-26T19:14:26Z,9,bet early started growing usage started replace word conversation enders whether agreed upon convo addition bet usage
BFgg-Gy0E2g,Is GEN ALPHA SLANG just NONSENSE?,@coolbrotherf127,2024-10-04T01:10:38Z,5,sus meme actual slang popularity game among often used ironically jokingly imply trying hide others
BFgg-Gy0E2g,Is GEN ALPHA SLANG just NONSENSE?,@Pscribbled,2024-08-02T13:58:39Z,91,believe sus form convergent evolution origination mentioned shortening suspicious height amongus era pandemic yeet popularized vine first usage dude throwing
BFgg-Gy0E2g,Is GEN ALPHA SLANG just NONSENSE?,@TheLivirus,2024-08-01T10:14:30Z,60,fan short fanatic assumed connection literal fan
BFgg-Gy0E2g,Is GEN ALPHA SLANG just NONSENSE?,@Kberridge,2024-08-01T21:37:44Z,14,find interesting slang used earlymid yeet fleek glow bussin specific associated videosmedia along whereas new revived slang little term popularized usage speaks fleeting impact virality
BFgg-Gy0E2g,Is GEN ALPHA SLANG just NONSENSE?,@dion_rg,2025-11-14T16:23:18Z,10,bop referring mean bop person bop around relationship relationship quickly
BFgg-Gy0E2g,Is GEN ALPHA SLANG just NONSENSE?,@taprobanna,2024-07-26T20:33:48Z,138,wake rizzler new skibidi jones dropped
BFgg-Gy0E2g,Is GEN ALPHA SLANG just NONSENSE?,@maunasiliandergamba2387,2025-12-01T20:16:46Z,0,thanks refreshing lingo forecast enjoyed
BFgg-Gy0E2g,Is GEN ALPHA SLANG just NONSENSE?,@Vinvininhk,2024-07-29T11:55:48Z,49,cantonesechinese mean lowkey mean conduct oneself inconspicuous manner doesnt attract extra attention antonym mean highkey
BFgg-Gy0E2g,Is GEN ALPHA SLANG just NONSENSE?,@nunyabidnith7110,2024-08-02T09:21:26Z,12,bye felicia nostalgia quality timeand feel largely driven millennials grew friday kid
BFgg-Gy0E2g,Is GEN ALPHA SLANG just NONSENSE?,@willg9106,2024-07-28T20:39:05Z,7,others mentioned looksmaxxingmewings incel origin memeing term staple bodybuilding forum meme thread content vein felt attributed gen alpha although concede lifted obscurity
BFgg-Gy0E2g,Is GEN ALPHA SLANG just NONSENSE?,@tmonkey,2025-11-06T19:28:59Z,0,bruh surprised mention bruh subscribed love thelonious monk bio shelf
BFgg-Gy0E2g,Is GEN ALPHA SLANG just NONSENSE?,@DrWatson28,2024-07-26T18:09:02Z,6,almost kid gucci high school
BFgg-Gy0E2g,Is GEN ALPHA SLANG just NONSENSE?,@ajschlesinger,2024-07-26T19:14:47Z,21,here fake gen slang using remixedolderphrases formula bonus challenge guess etymology reading full definition straw netflix cancelling sitcom bother fully straw adj meaning frustrating pushing beyond limit otter album charli xcx dropped straight otter adj meaning exceptional impressive undering algorithm splicing emojis spicier word meaning navigate undetected kafufu whatever language jones reduplication big kafufu meaning incomprehensible etymology idiom last straw earlier idiom straw broke camel earlier slang outta sight phrase flying radar word confusing
BFgg-Gy0E2g,Is GEN ALPHA SLANG just NONSENSE?,@averinthine,2024-07-27T08:20:03Z,4,kid around age part world word meanage mean antilanguage sense awesome plus age suffix suggest state used interjection expressing approval kid day seem meanage anymore feel age abandoned miss meanage
BFgg-Gy0E2g,Is GEN ALPHA SLANG just NONSENSE?,@13ellamy,2024-08-04T03:17:32Z,46,feel majority gen alpha list stuff genzers teenager well sure slang gen alpha using mainstream gen used well addition actual original us outside mewing skibidi rizz fanum tax eating sigma delulu cheugy us outside millennials tiktok using teen recollection quite used millennial sibling year believe sheesh case specifically referring usage associate ice vein pose new word slightly different usage exasperatedamazed
BFgg-Gy0E2g,Is GEN ALPHA SLANG just NONSENSE?,@cardi5,2025-10-28T15:41:37Z,0,old philly video feeling way😸😸
BFgg-Gy0E2g,Is GEN ALPHA SLANG just NONSENSE?,@baporwabe2241,2024-07-26T18:40:17Z,259,worth mentioning looksmaxxing biggest online incel community became mainstream incel context maxxing suffix describes maximize chance sex woman usually compensate inherent flaw mogging incel word acronym male group meaning overshadowed dominant man usually chad another incel term happened pilling describing accepting certain political ideology usually radicalizing though common outside online gen zmillenial political space mewing invented incels gained traction escaping containment pretty sure fandompolitics phrase escaping containment going become mainstream year well tracking rightwing incel culture almost decade incredibly jarring hear kid using word hateful ideology behind happen farright wordsmemes last decade itd fascinating werent terrifying
BFgg-Gy0E2g,Is GEN ALPHA SLANG just NONSENSE?,@rozzgrey801,2025-10-23T15:26:12Z,7,darmok jalad tanagra shaka wall fell
BFgg-Gy0E2g,Is GEN ALPHA SLANG just NONSENSE?,@PRANKZOMBIE,2024-07-30T14:38:41Z,9,dog named sheesh growing thought jeez sheesh turn stoner parent
BFgg-Gy0E2g,Is GEN ALPHA SLANG just NONSENSE?,@adreabrooks11,2024-10-15T16:49:14Z,12,suggestion old slang might suggest flapper slang source flapper aesthetic group lady 1920s slang fell fashion using blouse verb meaning leave stuck around colloquialism daddyo cat meow settled mainstream forgot slang snuggle dapper pretty interesting era linguisticallyspeaking
BFgg-Gy0E2g,Is GEN ALPHA SLANG just NONSENSE?,@cr103-o6r,2025-11-09T01:14:56Z,3,skibidi noise used scat style signing hear song around scat mean feces perhaps skibidi toilet natural pairing first appears
BFgg-Gy0E2g,Is GEN ALPHA SLANG just NONSENSE?,@robbaskerville253,2024-08-10T03:08:29Z,93,gen find ridiculous word yeet needing emotional context throw chuck hurl lacking
BFgg-Gy0E2g,Is GEN ALPHA SLANG just NONSENSE?,@SO-ym3zs,2024-07-26T17:46:50Z,6,aside cary grant fillm bachelor bobbysoxer give fun glimpse extinct teen slang well universality adult eyerolling kid sound ignorant
BFgg-Gy0E2g,Is GEN ALPHA SLANG just NONSENSE?,@ParisuSama,2024-08-10T18:28:45Z,28,thought giving simply erasing implicit vibe adjective giving creepy vibe becomes giving creepy giving poor vibe becomes giving poor
BFgg-Gy0E2g,Is GEN ALPHA SLANG just NONSENSE?,@matthewheimbecker9055,2024-08-02T12:24:13Z,56,push glass feel weird trying first viewing npc game term originates tabletop roleplaying 1970s anyway new subscriber
BFgg-Gy0E2g,Is GEN ALPHA SLANG just NONSENSE?,@pepperonijail77,2024-11-04T23:34:03Z,5,gen slang bop mean sometimes hoe slag som reason
BFgg-Gy0E2g,Is GEN ALPHA SLANG just NONSENSE?,@polygoncoco,2024-07-31T13:03:56Z,17,noticed word aesthetic used wrong year happening gave
BFgg-Gy0E2g,Is GEN ALPHA SLANG just NONSENSE?,@AmandaHugandKiss411,2025-12-08T20:40:44Z,0,thank presented well often general use word formal informal slang metaphor etc alike language fluid evolves morphs
BFgg-Gy0E2g,Is GEN ALPHA SLANG just NONSENSE?,@MayonnaiseVenusaur,2024-08-04T10:22:17Z,7,cap come cap meaning upper limit cap bet every dollar definitely aint lying metaphor break cap intro slang kid understanding stuff
BFgg-Gy0E2g,Is GEN ALPHA SLANG just NONSENSE?,@hqueso,2024-09-13T15:45:34Z,8,southern resident enhancement finna indicates arent fixing fixing somewhere finnago finnago krogers yall need century pretty sure finnago fall short admiration southernism fersee measure distance far fer point used southern appalachian indicate next ridge fersees next ridge half fersee valley ridge
BFgg-Gy0E2g,Is GEN ALPHA SLANG just NONSENSE?,@SomasAcademy,2024-07-26T22:49:48Z,45,believe origin word yeet onomatopoeia throwing originated vine throwing popularized bit later another vine given empty soda say bitch empty yeet throwing vine certainly picked
BFgg-Gy0E2g,Is GEN ALPHA SLANG just NONSENSE?,@WasabiCookinUp,2024-11-08T16:00:38Z,1,love used obsessed slang feel creative love breakdown thank sir new sub
BFgg-Gy0E2g,Is GEN ALPHA SLANG just NONSENSE?,@theskintexpat-themightygreegor,2024-07-28T07:35:59Z,7,used coolio long old china long language moved without real world case european georgia used word immediately ridiculed huh live learn
BFgg-Gy0E2g,Is GEN ALPHA SLANG just NONSENSE?,@phils473,2024-07-26T19:40:27Z,5,cap legit slap onomatopoeia first try sure doesnt throw fleek
BFgg-Gy0E2g,Is GEN ALPHA SLANG just NONSENSE?,@nbaoldhead4666,2024-11-13T01:43:12Z,0,explanation word miseducation best confidence
BFgg-Gy0E2g,Is GEN ALPHA SLANG just NONSENSE?,@danrobrish3664,2024-07-28T16:35:20Z,37,mistakenly old slang term new reminds conversation fellow gen xer 1990s university minnesota bear mind grew near washington grew rural minnesota described respect schmuck replied love word perfect combination shit fuck surprised hear turned thought term recently invented gen told old term come yiddish portmanteau anglosaxon vulgarism thought new heard student big city east asked big city one large jewish population guess asked hed heard professor using word schmuck hed assumed theyd learned student give credit though there yiddish spoken rural minnesota easy understand hadnt heard schmuck university credit correctly determined meaning contemptible person context clue although hypothesis etymology wrong plausible
BFgg-Gy0E2g,Is GEN ALPHA SLANG just NONSENSE?,@dskoin32,2024-08-01T21:03:17Z,6,thought skibidi sound bit reviewtechusa sound bite used meme skibidi bop dada boom sound make sense song popular
BFgg-Gy0E2g,Is GEN ALPHA SLANG just NONSENSE?,@spacefacecadet,2024-07-26T19:34:35Z,6,dawn dawg dog john jawn sound western eastern least late 00s among college student could pinpen though maybe poolpullpole tbh
BFgg-Gy0E2g,Is GEN ALPHA SLANG just NONSENSE?,@subversiveasset,2024-07-26T19:47:15Z,43,intrigued linguistic inflation dish snack
BFgg-Gy0E2g,Is GEN ALPHA SLANG just NONSENSE?,@patrickhodson8715,2024-07-26T21:07:43Z,10,might girlygirlie split happening girly adjective syllable divided consequently dark since coda position hand girlie noun divided dark since onset second syllable idk else besides exhibit split minimal pair noticed thank ted talk
BFgg-Gy0E2g,Is GEN ALPHA SLANG just NONSENSE?,@DrShawn_,2024-07-26T22:06:44Z,12,tea short sip tea short let sit gossip sip tea plantation georgia occasionally clutch pearl declare give real housewife atlanta vibe dig giving tea drinking tea want analogous killing rabbit euphemism pregnant
BFgg-Gy0E2g,Is GEN ALPHA SLANG just NONSENSE?,@griffinrupe,2024-07-28T02:18:49Z,5,shooketh doesnt appeal fact done wrong properly used middle english would sound normal impactful
BFgg-Gy0E2g,Is GEN ALPHA SLANG just NONSENSE?,@hemerythrin,2024-07-26T17:42:38Z,77,considering new slang come assume skibidi black slang 1970s
BFgg-Gy0E2g,Is GEN ALPHA SLANG just NONSENSE?,@mosaic.owl.studios,2024-08-06T09:14:32Z,13,talking husband song young might call bop crazy oldtimey word used bop heard word used describe song old slang new slang gen millennial may known slang word 30 40 musician life skipped word used past decade hasnt heard yet today
BFgg-Gy0E2g,Is GEN ALPHA SLANG just NONSENSE?,@vari1535,2024-07-31T00:55:01Z,9,seems accurate cheugy mentioned time seems gen heard used except adam aleksics milennials kind impression gen judge fairly accurate based experience
BFgg-Gy0E2g,Is GEN ALPHA SLANG just NONSENSE?,@SlushieDee,2024-07-26T18:53:07Z,8,talk skibidi toilet kid wash skibidi hand
BFgg-Gy0E2g,Is GEN ALPHA SLANG just NONSENSE?,@SergeantSpandex,2024-08-03T21:49:26Z,9,create sloptake slow uptake jim keep rizz drip suffering sloptake
BFgg-Gy0E2g,Is GEN ALPHA SLANG just NONSENSE?,@robert48719,2024-11-14T09:45:27Z,1,skibbiwhat skibbydibbydoo skippy catcowmoo sippy bush kangaroo
BFgg-Gy0E2g,Is GEN ALPHA SLANG just NONSENSE?,@Squaredasher,2024-08-05T01:16:12Z,34,first use yeet knowledge vine maybe earlier original uploaded girl shout yeet seemingly grunt exertion throwing empty soda far crowded school hallway young began shouting yeet throwing word thus became verb meaning throw
BFgg-Gy0E2g,Is GEN ALPHA SLANG just NONSENSE?,@ryanmano6707,2024-08-09T18:12:04Z,33,old enough highly annoyed new usage pocket yall discounting generational trauma gouged insurance
BFgg-Gy0E2g,Is GEN ALPHA SLANG just NONSENSE?,@CitiesTurnedToDust,2024-08-02T03:06:06Z,35,day slang perfectly sensible refined wed choice bit calico let ankle nifty speakeasy burn shoe leather zozzled giggle water til ossified itll cat pajama would slang better
BFgg-Gy0E2g,Is GEN ALPHA SLANG just NONSENSE?,@wolfganghumboldt4830,2024-07-29T22:53:22Z,5,wondered ton slang verb fairly firmly transitive intransitive crush bug game tournament crush slay dragon slays seems underappreciated part speech change slang
BFgg-Gy0E2g,Is GEN ALPHA SLANG just NONSENSE?,@cortster12,2024-07-26T23:45:14Z,4,favorite example word kid theyve discovered absolutely new edge baffle seem usage new
BFgg-Gy0E2g,Is GEN ALPHA SLANG just NONSENSE?,@ModernDayRenaissanceMan,2024-08-05T17:09:36Z,10,sus yeet staying power stan lasted year run others reborn word may process earning place
BFgg-Gy0E2g,Is GEN ALPHA SLANG just NONSENSE?,@ajames283,2026-05-13T23:01:48Z,2,spill tea come aave since least 1990s come year old expression spill bean
BFgg-Gy0E2g,Is GEN ALPHA SLANG just NONSENSE?,@mr.cauliflower3536,2024-07-28T18:44:00Z,4,sus likely reinvented among player needed speak fast game could described realtime mafia party game needed communicate fast since mafioso called imposter could murk others
BFgg-Gy0E2g,Is GEN ALPHA SLANG just NONSENSE?,@Heroasaurus,2024-09-30T14:55:40Z,86,jiive turkey jiggy goated sho
BFgg-Gy0E2g,Is GEN ALPHA SLANG just NONSENSE?,@roryscullion5121,2024-08-04T19:01:24Z,27,phrase dig come irish irish first arrived america irishonly speaker went building site etc work would bilingual irish person explain local started realise dtuigeann pronounced diggin meant understand changed dig
BFgg-Gy0E2g,Is GEN ALPHA SLANG just NONSENSE?,@Moogerton9,2024-07-31T21:49:40Z,6,believe early 00s baxxter skibidi skibidanger rearranger
BFgg-Gy0E2g,Is GEN ALPHA SLANG just NONSENSE?,@emmahill6832,2024-07-28T04:01:47Z,27,gen slang included using millennial fun example word used wrong misunderstood worked marketing department saddled gen gen gen coworker could understand old instisted stealing gen word swag applying marketing gift sent client would physically wince whenever used reference gift basket random crap sent explained swag acronym stood stuff goodie bag birthday party swag explained middle school swag term used describe kid wanted cool trying hard swag shortening swagger cool guy walk
BFgg-Gy0E2g,Is GEN ALPHA SLANG just NONSENSE?,@harlemsfinest,2025-11-29T14:11:44Z,6,idea black gay ballroom culture new york yet influential apparently
BFgg-Gy0E2g,Is GEN ALPHA SLANG just NONSENSE?,@travcollier,2024-07-27T16:43:13Z,18,🎶skibidi doo dah skibidi eh🎶
BFgg-Gy0E2g,Is GEN ALPHA SLANG just NONSENSE?,@arsonor,2025-11-08T19:37:02Z,0,late subscriber long high school life science teacher interest etymology pervades almost scientific naming throughout year enjoyed asking student certain slang mean often incorrectly define meaning without considering origin word covered favorite feel vindicating educated topic support amateurish investigation subscribed learn pass language evolvesdevolves
BFgg-Gy0E2g,Is GEN ALPHA SLANG just NONSENSE?,@featherozone,2024-08-04T04:39:17Z,8,please need vowel merger slowly spreading across pennsylvania
BFgg-Gy0E2g,Is GEN ALPHA SLANG just NONSENSE?,@ericherde1,2024-07-26T17:55:09Z,6,lowkey around long current adverbial form maybe missed recently heard adjective object noun lowkey event event lowkey rather lowkey expensive
BFgg-Gy0E2g,Is GEN ALPHA SLANG just NONSENSE?,@jmage322,2024-07-27T16:41:04Z,7,little surprised bring usage chat evolving streamer culture nonstreaming usage
BFgg-Gy0E2g,Is GEN ALPHA SLANG just NONSENSE?,@jamescollins3939,2025-10-31T17:44:47Z,0,expecting keyed jazz musician talk today nice work
BFgg-Gy0E2g,Is GEN ALPHA SLANG just NONSENSE?,@mjb7015,2024-07-27T00:47:25Z,26,thought stan specifically short stalkerfan fan obsessively stalk celebrity interest
BFgg-Gy0E2g,Is GEN ALPHA SLANG just NONSENSE?,@clowncorpse1312,2025-10-31T00:43:50Z,3,sheesh come turkish word cüs pronounced tshüsh mean exactly sheesh
BFgg-Gy0E2g,Is GEN ALPHA SLANG just NONSENSE?,@Dionysius8421,2024-08-08T21:02:25Z,45,skibidi skibidi toilet mashup give timbaland neli furtado chupi krusta fiki fiki likely trying reference little bigs skibidi likely callback scatman john scatman skibabopbadopdop meme early aught little big growing course ultimately trace jazz practice scatting yet another black source editing add late millennialzennial june found stuff neat
BFgg-Gy0E2g,Is GEN ALPHA SLANG just NONSENSE?,@tmcantine,2024-07-26T19:37:20Z,5,pretty sure npc predates game come table top roleplaying game computer rpgs often adaptation tabletop gaming important term moreover early computer game mud excluded mostly singleplayer little need specify character encountered nonplayer character
BFgg-Gy0E2g,Is GEN ALPHA SLANG just NONSENSE?,@ToNowHereShow,2024-07-26T19:29:46Z,31,nonplayer character come circa rpg game use lingo since figure wargaming board special player character individual player interact played dungeon master nonplayer character npc become quite important charismatic player henchman need stats personality act written realize may
BFgg-Gy0E2g,Is GEN ALPHA SLANG just NONSENSE?,@rev.jeffwillrumble7711,2025-12-07T16:52:34Z,2,slang term enter final stage cringe die used mcdonalds commercial
BFgg-Gy0E2g,Is GEN ALPHA SLANG just NONSENSE?,@JoeBleasdaleReal,2024-09-16T16:31:10Z,15,seems obvious today year old learned origin stan song stan eminem dido
BFgg-Gy0E2g,Is GEN ALPHA SLANG just NONSENSE?,@dothedo3667,2025-11-13T19:51:28Z,3,sheesh sheesh geez specific high pitched drawn hand motion kind passed specific context used old sheesh context
BFgg-Gy0E2g,Is GEN ALPHA SLANG just NONSENSE?,@eritain,2024-07-26T19:08:42Z,6,fun examine grunge speak hoax fake slang created process create real slang purpose real slang fake slang widely grunge subculture real slang process megan jasper band tom tom club pretending name meant uncool outsider representativename karen jeff aiden saw jones dish attractive guy oldstock slang revived possibly given gender flip previously used woman sure bloated drunk deliberately playing interpretation drink plat platform shoe regular old clipping boundandhagged staying home friday saturday night going among naming effect possible cause metonymy cause described metaphor playing existing idiom purpose broadly speaking real slang man feel left look ridiculous try fit secretly hoping he going generation loved boomer furrow brow bomb mistake loved horrified tried reached middle age called old man first last month appreciate boomer enjoyed misusing slang horrified
BFgg-Gy0E2g,Is GEN ALPHA SLANG just NONSENSE?,@ImperatorScab,2024-07-31T23:44:33Z,27,millennial fairness friend squad used use old slang ironically first kind became part lexicon ooh new n64 game snazzy dig fight club movie edward norton cool cat
BFgg-Gy0E2g,Is GEN ALPHA SLANG just NONSENSE?,@ericherde1,2024-07-26T18:13:19Z,11,truncation suspended around gyatknows long
BFgg-Gy0E2g,Is GEN ALPHA SLANG just NONSENSE?,@BillCraven,2024-07-27T02:39:30Z,4,supposedly tossing salad analingus come actual porn plot involved guy performing act clueless female character salad though suspect probably originated ballroom culture
BFgg-Gy0E2g,Is GEN ALPHA SLANG just NONSENSE?,@blockshift758,2024-07-30T05:37:52Z,13,filipino chuegy immediately reminded filipino slang look chuegy mean smilar filipino word chugitsugipronounced similarly english slang mean considered dead anymore take taking
BFgg-Gy0E2g,Is GEN ALPHA SLANG just NONSENSE?,@jamesclark1822,2024-10-05T01:39:52Z,26,awesome would maybe local understanding origin realized thought origin tea original kermit frog meme viral twitter super early 2010s would kermit sipping cup tea sort drama going caption none business meme gradually evolved emojis mean andor eventually became phrase spill tea probably closely related spill bean tea tea etc heck could totally wrong though old realize whole new meaning word tea
BFgg-Gy0E2g,Is GEN ALPHA SLANG just NONSENSE?,@AdelWolf,2024-07-26T18:27:30Z,4,timely millennial girlfriend asked gen translate text kid gen pog npc prevideo game terminology naturally translated game rpgs
BFgg-Gy0E2g,Is GEN ALPHA SLANG just NONSENSE?,@Mentally_Will,2024-07-26T19:29:53Z,7,surprised gucci happen earlier using regularly high school decade ago there learned imagine one invent hell use assume showing age
BFgg-Gy0E2g,Is GEN ALPHA SLANG just NONSENSE?,@ailblentyn,2024-07-28T14:39:33Z,7,remember subtitled anime subtitler gone allout archaic language used sort silly delightful flourish refreshing rare
BFgg-Gy0E2g,Is GEN ALPHA SLANG just NONSENSE?,@AdamsWorlds,2024-11-10T11:29:52Z,0,dank vidz bruv waffle genz bro
BFgg-Gy0E2g,Is GEN ALPHA SLANG just NONSENSE?,@alexdavidson7498,2024-09-01T18:21:20Z,13,guy wrote first alpha wolf later realized wrong unfortunately fix public perception
BFgg-Gy0E2g,Is GEN ALPHA SLANG just NONSENSE?,@doctorcatnip2551,2024-08-06T16:14:43Z,16,understand slang fine word using sometimes somewhat ironically speak different language different age notice lately today agist past certain age understand word anymore
BFgg-Gy0E2g,Is GEN ALPHA SLANG just NONSENSE?,@doesthisusername,2024-07-27T09:54:35Z,8,feel speedrun mean quickly common nowadays first hobby find pretty neat
BFgg-Gy0E2g,Is GEN ALPHA SLANG just NONSENSE?,@ivanmadrigalt,2024-07-29T00:39:05Z,11,bop doesnt mean songin gen slang mean homie hopper date
BFgg-Gy0E2g,Is GEN ALPHA SLANG just NONSENSE?,@airl10,2024-07-26T20:35:17Z,20,skibidi used meme slang come song dom dom bulgarian musical artist biser king word appears nonsense word within song influenced choosing word skibidi use song
BFgg-Gy0E2g,Is GEN ALPHA SLANG just NONSENSE?,@chrisjoosten9819,2024-11-03T05:34:28Z,0,nice alot work research tubular mahn glad stick around long
BFgg-Gy0E2g,Is GEN ALPHA SLANG just NONSENSE?,@Yora21,2024-07-31T17:57:26Z,22,refer new kid hip underscore clueless subject
BFgg-Gy0E2g,Is GEN ALPHA SLANG just NONSENSE?,@foxshot97,2024-07-26T18:56:44Z,4,gen slang called gen alpha slang cap yeet fact flex glow gucci zillennialoriginally black culture slang gen alpha learned kid popularized words🤔gen alpha skibidi mewing
BFgg-Gy0E2g,Is GEN ALPHA SLANG just NONSENSE?,@kademcgill2599,2024-08-21T15:58:25Z,14,sus another example recency bias popped heavy mainstream use game among exploded popularity pandemic social game trying deduce player imposter sabotaging spaceship killing crew whole game confirming suspicion would truncated
BFgg-Gy0E2g,Is GEN ALPHA SLANG just NONSENSE?,@Matty002,2024-08-10T11:14:30Z,15,nitpick alot slang popularized queer ballroom scene taken black woman deserve credit language slays
BFgg-Gy0E2g,Is GEN ALPHA SLANG just NONSENSE?,@sintanan469,2024-08-01T04:37:08Z,14,fire seems case hot replaced sake shortening speech jacket hot fire jacket hot jacket fire
BFgg-Gy0E2g,Is GEN ALPHA SLANG just NONSENSE?,@swedella2098,2026-01-18T01:01:24Z,1,every generation invents slang new
BFgg-Gy0E2g,Is GEN ALPHA SLANG just NONSENSE?,@elsik2332,2024-07-28T22:15:14Z,9,internet talk serious tumblr year ago mid skibidi rizz sigma new whatever madeup one rest young millenials gen folk talkwrite
BFgg-Gy0E2g,Is GEN ALPHA SLANG just NONSENSE?,@tabbyteacat,2024-07-26T19:49:38Z,10,name aidan scared hell first used name random call
BFgg-Gy0E2g,Is GEN ALPHA SLANG just NONSENSE?,@raymondjackso25,2024-07-26T18:23:34Z,12,cap thought teeth thought high cappinwhich frontin remember texas rapper screw tape would high cappin
BFgg-Gy0E2g,Is GEN ALPHA SLANG just NONSENSE?,@pedrostormrage,2024-07-31T14:52:41Z,10,sigma mean mean alpha know least letter greek alphabet studied math point probably lost bit hope humanity second law thermodynamics applies natural language entropy foresee future letter alphabet become interchangeable communication becomes impossible
BFgg-Gy0E2g,Is GEN ALPHA SLANG just NONSENSE?,@JakeLDS,2024-08-06T10:13:07Z,5,skibidi name jungle ten 90 pioneer sound passed away year ago remembered house hold name hero british
BFgg-Gy0E2g,Is GEN ALPHA SLANG just NONSENSE?,@HappyHealthyCosmeticsLady,2024-07-26T18:33:06Z,21,oldest gen alpha turning year young generational slang used amongst
BFgg-Gy0E2g,Is GEN ALPHA SLANG just NONSENSE?,@NightDriverFive,2026-02-18T20:00:10Z,0,youve basketball jones since kind stuck hope look forward discourse pharma quackery related language could save life
BFgg-Gy0E2g,Is GEN ALPHA SLANG just NONSENSE?,@PM_ME_MESSIAEN_PICS,2024-07-26T18:35:45Z,6,hasnt stupid comment complaining change language sign downfall western civilisation
BFgg-Gy0E2g,Is GEN ALPHA SLANG just NONSENSE?,@_volder,2024-08-04T01:44:05Z,5,first encountered ghost verb year2000 movie pitch black movie established vin diesel riddick character movie name title started mean leave meant kill turn himher ghost riddick told enemy william john ghost reminded later worked badly john john shouldve ghosted riddick hed chance
BFgg-Gy0E2g,Is GEN ALPHA SLANG just NONSENSE?,@Zyenthillias,2025-12-26T16:18:36Z,0,crap old arent thank similar video usually feel embarrassed selfconscious look slang explain joke longer funny make feel less intimidating need spoonfed maybe ill start catching naturally learn pattern describe
BFgg-Gy0E2g,Is GEN ALPHA SLANG just NONSENSE?,@Gnampfissimo,2024-07-26T20:49:23Z,5,assumed cap short kappa sarcasm definitely wrong curious greek letter around
BFgg-Gy0E2g,Is GEN ALPHA SLANG just NONSENSE?,@mind-numbingtasks1575,2026-02-01T13:44:31Z,0,amazed popped algorithm absolutely love etymology enjoyed phenomenon ill
BFgg-Gy0E2g,Is GEN ALPHA SLANG just NONSENSE?,@vivalafiaga,2024-08-17T14:38:46Z,4,pretty sure cheugy fleek yeet gen coopted gen alpha younger siblingsniecenephew pretty sure yeet date late 2000searly 2010s tho
BFgg-Gy0E2g,Is GEN ALPHA SLANG just NONSENSE?,@HundoLex,2024-10-26T19:30:32Z,0,forget ops lolgreat well explained eloquent fun
BFgg-Gy0E2g,Is GEN ALPHA SLANG just NONSENSE?,@johnmcwhorter4393,2025-10-26T20:41:02Z,0,explanation snack make wonder well hear he tall sip water
BFgg-Gy0E2g,Is GEN ALPHA SLANG just NONSENSE?,@codyx8273,2025-11-05T14:07:36Z,0,crazy gave high school english yet find video mesmerizing
BFgg-Gy0E2g,Is GEN ALPHA SLANG just NONSENSE?,@LogicBob,2024-11-03T17:14:51Z,0,halfway laughing enjoying old nerdy realized entertaining definitely giving sub
BFgg-Gy0E2g,Is GEN ALPHA SLANG just NONSENSE?,@DotSlatra,2025-11-02T02:44:48Z,0,unreal please please cover hiberno english slang craic chara
BFgg-Gy0E2g,Is GEN ALPHA SLANG just NONSENSE?,@Rusty-METAL-J,2024-10-30T13:30:54Z,2,george carlin lot material language
BFgg-Gy0E2g,Is GEN ALPHA SLANG just NONSENSE?,@phynx2006,2025-10-19T18:23:39Z,0,wait there kid lawn hold ill grab rod 🤣🤣🤣
BFgg-Gy0E2g,Is GEN ALPHA SLANG just NONSENSE?,@angiecolwell9596,2024-11-02T12:53:56Z,0,absolutely love yeet using since heard grandson year ago make smile
BFgg-Gy0E2g,Is GEN ALPHA SLANG just NONSENSE?,@Deedoo_r,2024-10-14T07:00:21Z,0,thought yeet frim thatvone vine empty water bottle bish empty yeet
BFgg-Gy0E2g,Is GEN ALPHA SLANG just NONSENSE?,@forgedsledge,2025-11-09T01:05:46Z,0,first excellent gon pas around boomer parent gen coworkers lost rhetoric younger crowd year behind date posted thought ick give ick shortened version icky gross turn wrong similar hawk tuah hock appropriate word result trying sound word case ick expression expression trying conveyed annoyance ugh ick annoy another oftentimes unintentionally case intentionally word pet peeve intentionally committed facetious sigma stem desire youth find unique case arent view vain thus main character arent follower either line whats next best mysterious lone wolf sigma care boy
BFgg-Gy0E2g,Is GEN ALPHA SLANG just NONSENSE?,@indecutink,2024-10-17T12:20:42Z,0,add bet list well dre na ppl used track 90
BFgg-Gy0E2g,Is GEN ALPHA SLANG just NONSENSE?,@SpiceFox,2025-10-30T16:47:10Z,0,want skibidi jones wild ride seriously though mildly shocked seeing yeet lowkey used word long remember
BFgg-Gy0E2g,Is GEN ALPHA SLANG just NONSENSE?,@Endemoniada,2025-11-13T15:29:38Z,0,must fun party mean linguistics fascinating could listen stuff night invited linguistics party probably creep around biggest smiley listening everyones conversation
BFgg-Gy0E2g,Is GEN ALPHA SLANG just NONSENSE?,@zosletsaddressit3240,2025-11-18T00:02:17Z,0,shout sauce walka putting word drip 😂😂😂
BFgg-Gy0E2g,Is GEN ALPHA SLANG just NONSENSE?,@gearhead1234,2024-11-08T10:49:50Z,0,spicy… salty taste lack thereof
BFgg-Gy0E2g,Is GEN ALPHA SLANG just NONSENSE?,@0sujin,2024-10-17T13:54:56Z,0,analysis understand glizzy short forhot dog
BFgg-Gy0E2g,Is GEN ALPHA SLANG just NONSENSE?,@xavierdraco33,2024-11-02T10:16:59Z,2,intentional previous trying random different end lame
BFgg-Gy0E2g,Is GEN ALPHA SLANG just NONSENSE?,@BigHarryBalzac,2026-01-23T08:28:38Z,1,gen alpha thought must gen gen started new alphabet skibidi sound would year ago skibidi doo dah bar sound old skidoo puzzled origin
BFgg-Gy0E2g,Is GEN ALPHA SLANG just NONSENSE?,@Eeeehhhsoudesuka,2025-10-28T16:10:36Z,0,analysis best slang local regional slang sure seem personal bias using regional slang area unless slang personally used millennial florida started using capno cap bring day understand started capping meant trick cheat etc since developed widely used truncated variant cap cap capno cap etc remember late 90 early 2000s twerk treal wide use starting mainly rapper south little disappointed year later definition twerk largely narrowed around miley cyrus twerked front smith kid surprised extra comeback 90 mostly adjective past tense guess verb preposition extrad foo muphucca hella extrad becky soooo eeeexxttraaa extra verb formulated past tense present fuq trying sense type correct grammar please foo hella extra extra foo comin wit extra gawddamn woke became fashionable recently far aware originally popularity rapper named sno tha product used call brother early morning would help film video book concert whatever else required conduct business day ask woke woke yet meaning ready grind waiting let used phrase among follower online presence started called woke phrase began used pejorative sense follower aint woke meaning understanding whats going smart etc point started hearing younger would described leftlearning activist start use term pejorative sense describe misaligned value woke year ago thank content find interesting refreshing
BFgg-Gy0E2g,Is GEN ALPHA SLANG just NONSENSE?,@showofhands8214,2026-01-01T17:39:36Z,0,associated cap cap gun noise capping
BFgg-Gy0E2g,Is GEN ALPHA SLANG just NONSENSE?,@ukrainer7723,2025-11-01T16:47:36Z,0,used gen term teach gen alpha becoming old
BFgg-Gy0E2g,Is GEN ALPHA SLANG just NONSENSE?,@brandyfinley4957,2024-11-02T12:44:25Z,0,understand show title breaking wondered thank
BFgg-Gy0E2g,Is GEN ALPHA SLANG just NONSENSE?,@lapsedpacifist800,2024-11-12T21:23:41Z,0,sailers salty least hundred year
BFgg-Gy0E2g,Is GEN ALPHA SLANG just NONSENSE?,@dreamervanroom,2025-12-31T10:36:27Z,1,pare paradoxical spelled par confusing
BFgg-Gy0E2g,Is GEN ALPHA SLANG just NONSENSE?,@ajdembroski7529,2025-11-10T15:12:31Z,0,skibidi bee bop rock scooby doo sugar hill gang
BFgg-Gy0E2g,Is GEN ALPHA SLANG just NONSENSE?,@brianburke2140,2024-11-03T18:36:22Z,0,thought outta sight sempervigilis cunninglinguist oaklandish
BFgg-Gy0E2g,Is GEN ALPHA SLANG just NONSENSE?,@ford4life69Tx,2024-10-22T23:07:28Z,0,fixinta genx childhood texas finna fixing texas grandmother born used fixing
BFgg-Gy0E2g,Is GEN ALPHA SLANG just NONSENSE?,@TheConnor6901,2025-01-17T20:02:17Z,1,turned week frickin clue slang peculiar sentence structure
BFgg-Gy0E2g,Is GEN ALPHA SLANG just NONSENSE?,@rhyspatterson679,2024-10-14T04:34:23Z,0,part genx millienal cross chart former using yeet since late 90 early 00s game gamer culture useded game memory year older dungeon master blasted window building long thrown blasted tossed forceful powerful movement long quickly
BFgg-Gy0E2g,Is GEN ALPHA SLANG just NONSENSE?,@alexwelts2553,2024-10-28T10:33:45Z,1,idk man pretty sure daughter attached egreggor bidet toilet
BFgg-Gy0E2g,Is GEN ALPHA SLANG just NONSENSE?,@adamhorn8414,2024-10-18T08:54:39Z,0,skibidi dop bop boop bee bod dop boop
BFgg-Gy0E2g,Is GEN ALPHA SLANG just NONSENSE?,@EmoEmu,2024-10-27T17:45:18Z,0,would nice could lawn though damn garden gnome
BFgg-Gy0E2g,Is GEN ALPHA SLANG just NONSENSE?,@richwalter3107,2024-10-30T04:08:41Z,0,1st done episode military slang acronym static transforms generation generation mostly due ignorance newer user
BFgg-Gy0E2g,Is GEN ALPHA SLANG just NONSENSE?,@JeremyKenny-h9p,2024-11-05T14:53:39Z,0,calling home flibbidy flabbidy floop
BFgg-Gy0E2g,Is GEN ALPHA SLANG just NONSENSE?,@BenLewis-jt7co,2025-11-03T13:10:34Z,0,sure else pointed discussed stereotypical name used slang example omitted old version used within guy love video
BFgg-Gy0E2g,Is GEN ALPHA SLANG just NONSENSE?,@alexandriablack8042,2025-12-26T07:39:44Z,0,denoun verbing hit least side head
BFgg-Gy0E2g,Is GEN ALPHA SLANG just NONSENSE?,@LooseKruse,2024-11-03T22:45:19Z,0,aint jamoke dig square personally incorporating old timey slang vocab spell fun new slang word adopted new useful interested replacing perfectly useful one cool cool reason replace sick
BFgg-Gy0E2g,Is GEN ALPHA SLANG just NONSENSE?,@bcn1gh7h4wk,2024-12-21T17:52:57Z,0,short answer long answer bison fist air
BFgg-Gy0E2g,Is GEN ALPHA SLANG just NONSENSE?,@Rusty-METAL-J,2024-10-30T13:48:14Z,1,gon use gucci step gucci ferrari fine
BFgg-Gy0E2g,Is GEN ALPHA SLANG just NONSENSE?,@MJackStewart,2026-01-04T07:15:02Z,1,superstition around word syphilis doctor would write greek letter sigma recording diagnosis
BFgg-Gy0E2g,Is GEN ALPHA SLANG just NONSENSE?,@user-ik4xq9hm1x,2024-11-04T00:30:20Z,0,skibidi go family shortened form yippitee skippity lengthened form yippee skippy rolled around started hearing skater kid using remember group kid town using seemed independently met girl state named cat skibidee witnessed kid punk show independently bippity boppety boo late early heard internet none bothering write stuff forgotten rawr rawr early twee slang heard kid pick point twee heard emo scene kid happened
BFgg-Gy0E2g,Is GEN ALPHA SLANG just NONSENSE?,@WildWestNeko,2024-12-10T10:20:29Z,0,swiss migrated usa year ago recently elementary school class gathering told italian stuck 90
BFgg-Gy0E2g,Is GEN ALPHA SLANG just NONSENSE?,@KarstenJohansson,2025-10-30T23:21:19Z,0,megacool dewds dewdettes 80 slang groady max
pH-ANrubHXg,Every Genz & Alpha Slang Explained in 10 Minutes,@Black_TicTac,2024-05-05T10:28:57Z,5760,imagine parent see try along daughterson using slang words💀
pH-ANrubHXg,Every Genz & Alpha Slang Explained in 10 Minutes,@AC-ih7jc,2025-06-19T16:34:12Z,134,bruh realize term year old cap
pH-ANrubHXg,Every Genz & Alpha Slang Explained in 10 Minutes,@puimercado1262,2024-05-07T07:35:13Z,1288,fact minute slang mean show word short
pH-ANrubHXg,Every Genz & Alpha Slang Explained in 10 Minutes,@ShatteredEarthArt,2024-06-29T03:34:18Z,491,explained thank god finally understand brother
pH-ANrubHXg,Every Genz & Alpha Slang Explained in 10 Minutes,@CassidyTheKandiKid,2024-05-01T23:08:56Z,898,teacher random kid annoying skibidi rizz say gen slang
pH-ANrubHXg,Every Genz & Alpha Slang Explained in 10 Minutes,@yoylecake2763-f4c,2025-06-27T21:07:23Z,15,gen us ironically gen alpha see us dead serious
pH-ANrubHXg,Every Genz & Alpha Slang Explained in 10 Minutes,@JC2023HD,2024-11-06T04:51:37Z,0,lmfao around since internet began
pH-ANrubHXg,Every Genz & Alpha Slang Explained in 10 Minutes,@Fanciestboy455,2024-05-03T04:41:19Z,347,brain going cardiac arrest gen alpha slang
pH-ANrubHXg,Every Genz & Alpha Slang Explained in 10 Minutes,@abckidscroblox,2024-06-27T14:58:36Z,89,presentation quality teacher want student
pH-ANrubHXg,Every Genz & Alpha Slang Explained in 10 Minutes,@Franimus,2024-05-07T17:24:56Z,205,mispronunciation ticking bomb learned imagine trying use term look alien justin bebber
pH-ANrubHXg,Every Genz & Alpha Slang Explained in 10 Minutes,@Hollow.Creature_31,2024-05-08T07:22:43Z,180,substitute english last week sweet old lady end class rizzler
pH-ANrubHXg,Every Genz & Alpha Slang Explained in 10 Minutes,@GodLorris,2024-04-30T19:30:23Z,278,cold mean cool mean coldhearted cold bro
pH-ANrubHXg,Every Genz & Alpha Slang Explained in 10 Minutes,@HackerHunter22,2024-05-01T03:58:41Z,78,gen help understand unknown new language
pH-ANrubHXg,Every Genz & Alpha Slang Explained in 10 Minutes,@Rhino916.,2024-05-28T12:23:30Z,42,sus suspicious dupeduplicate rizz charisma gyatt gyattdam stan stalker fan
pH-ANrubHXg,Every Genz & Alpha Slang Explained in 10 Minutes,@Sc3neCra1gg,2024-05-05T02:26:03Z,33,draw four ocs born learning gen alpha slang
pH-ANrubHXg,Every Genz & Alpha Slang Explained in 10 Minutes,@Taha_Sumeer,2024-04-20T18:36:36Z,223,goat soccer bro want start ww3💀
pH-ANrubHXg,Every Genz & Alpha Slang Explained in 10 Minutes,@drumatic256,2024-05-26T19:06:55Z,86,serious formal stop laughing throughout
pH-ANrubHXg,Every Genz & Alpha Slang Explained in 10 Minutes,@əmp,2024-04-21T17:24:59Z,127,noob used 4chan basement dweller since early 2000s
pH-ANrubHXg,Every Genz & Alpha Slang Explained in 10 Minutes,@game-azing,2024-04-16T09:21:49Z,62,world taken meme grammar life threatened
pH-ANrubHXg,Every Genz & Alpha Slang Explained in 10 Minutes,@freddy8942,2024-12-04T03:46:17Z,0,seeing gentrified term get explained pretty funny seeing noob used new
pH-ANrubHXg,Every Genz & Alpha Slang Explained in 10 Minutes,@pls_no_vertigo,2024-05-06T00:29:53Z,49,millennial around since middle school
pH-ANrubHXg,Every Genz & Alpha Slang Explained in 10 Minutes,@jera1023,2024-04-12T03:13:21Z,104,send mom cuz want learn bro
pH-ANrubHXg,Every Genz & Alpha Slang Explained in 10 Minutes,@Dr.Tree_3632,2024-05-09T21:00:00Z,109,love immediately went point waste goat
pH-ANrubHXg,Every Genz & Alpha Slang Explained in 10 Minutes,@JadenJ207,2024-06-10T13:36:05Z,89,jyaat skee bee boosin what😂😂
pH-ANrubHXg,Every Genz & Alpha Slang Explained in 10 Minutes,@AngelCarrasquillo32,2024-03-26T06:35:59Z,173,today friend told let cook thanks ti every explained minute series
pH-ANrubHXg,Every Genz & Alpha Slang Explained in 10 Minutes,@InvisImposterXd,2024-05-02T11:04:16Z,21,saw lore instantly remebered matpat awesome theory
pH-ANrubHXg,Every Genz & Alpha Slang Explained in 10 Minutes,@ChodeAreyousur,2024-11-25T14:25:45Z,1,waiting gen beta gamma slangs😂
pH-ANrubHXg,Every Genz & Alpha Slang Explained in 10 Minutes,@a-15warthog19,2024-12-13T10:12:07Z,0,reason dupe part fanta ad💀
pH-ANrubHXg,Every Genz & Alpha Slang Explained in 10 Minutes,@spamtonGspamtonstrings,2024-04-30T10:14:08Z,86,womp womp practically well except care hey broke girlfriend womp womp
pH-ANrubHXg,Every Genz & Alpha Slang Explained in 10 Minutes,@maddiebear-13,2024-07-14T20:32:47Z,2,imagine pain trooper went thank legend
pH-ANrubHXg,Every Genz & Alpha Slang Explained in 10 Minutes,@MrBobcoin26,2025-01-09T07:30:08Z,3,would punish kid used word kid
pH-ANrubHXg,Every Genz & Alpha Slang Explained in 10 Minutes,@cantfindclaudia,2024-05-07T23:10:27Z,76,daughter son ship visualize relationship together ship sailed mean together example totally ship adrian marinette mean together ship sailed together
pH-ANrubHXg,Every Genz & Alpha Slang Explained in 10 Minutes,@Iamablueeyeddragon,2024-11-17T14:04:38Z,0,mentioned lore dropped jaw today yr old found lore brainrot
pH-ANrubHXg,Every Genz & Alpha Slang Explained in 10 Minutes,@R0S3S-fr4xt,2024-05-30T03:54:26Z,9,fact there second genuinely learned
pH-ANrubHXg,Every Genz & Alpha Slang Explained in 10 Minutes,@reanami,2025-06-26T16:38:12Z,3,work pain management clinic medical assistant gen younger… helped tremendously thank
pH-ANrubHXg,Every Genz & Alpha Slang Explained in 10 Minutes,@tiffanitravesty2818,2024-06-19T23:23:19Z,23,born used goat goated noob used least since oldschool runescape
pH-ANrubHXg,Every Genz & Alpha Slang Explained in 10 Minutes,@uproarHeavyDuty,2024-04-30T10:45:44Z,7,educational entertaining understand bullcrap friend yapping
pH-ANrubHXg,Every Genz & Alpha Slang Explained in 10 Minutes,@Cool_Name-idk,2024-06-23T22:34:47Z,62,trying learn slang along kid kid talk theyll use word conversation please embarrass
pH-ANrubHXg,Every Genz & Alpha Slang Explained in 10 Minutes,@jointgib,2024-07-17T21:14:58Z,12,pretty sure sus go least year identical meaning least essex england
pH-ANrubHXg,Every Genz & Alpha Slang Explained in 10 Minutes,@ChomssOnYt,2024-05-07T18:01:55Z,6,little sock puppet whatever adorable
pH-ANrubHXg,Every Genz & Alpha Slang Explained in 10 Minutes,@coreybeaty8528,2024-10-25T07:45:16Z,38,exclusive gan mostly internet form used born
pH-ANrubHXg,Every Genz & Alpha Slang Explained in 10 Minutes,@jessicathinkscreative,2025-03-08T20:10:33Z,2,slang word example classic usage english language past lit
pH-ANrubHXg,Every Genz & Alpha Slang Explained in 10 Minutes,@adamluong8483,2024-08-06T07:10:30Z,12,guy brain rot test study
pH-ANrubHXg,Every Genz & Alpha Slang Explained in 10 Minutes,@hoanghainam304,2024-04-09T04:51:23Z,18,aha update brain every day gen
pH-ANrubHXg,Every Genz & Alpha Slang Explained in 10 Minutes,@jmanplays0,2024-05-09T04:45:39Z,31,trash brain rot word doesnt feel brain rotty bruh
pH-ANrubHXg,Every Genz & Alpha Slang Explained in 10 Minutes,@roccothepuppy8332,2024-05-13T20:47:51Z,7,social study teacher guy lesson first rizzler jawline
pH-ANrubHXg,Every Genz & Alpha Slang Explained in 10 Minutes,@ProjectRuncool,2024-06-19T20:18:04Z,5,fyi gen us except skibidi gyatt text whereas alpha us everyday speech gen sarcasm
pH-ANrubHXg,Every Genz & Alpha Slang Explained in 10 Minutes,@priscillaparker5811,2025-08-01T22:45:38Z,0,amazing slang 80 90 put new😂
pH-ANrubHXg,Every Genz & Alpha Slang Explained in 10 Minutes,@coolbro8922,2024-05-02T22:58:19Z,12,slang whuttup underst bout statement mussen gott day yeahaaaa
pH-ANrubHXg,Every Genz & Alpha Slang Explained in 10 Minutes,@Xgil2Play,2024-06-12T21:56:17Z,10,bruh lowkey bussing god let cook frfr bet gyat cap might delulu he goat come explained video
pH-ANrubHXg,Every Genz & Alpha Slang Explained in 10 Minutes,@mrlonxon,2024-04-14T14:00:31Z,4,illustration point simple example animation
pH-ANrubHXg,Every Genz & Alpha Slang Explained in 10 Minutes,@Namrest,2024-03-26T07:12:48Z,16,outstanding creator among every explained minute sub
pH-ANrubHXg,Every Genz & Alpha Slang Explained in 10 Minutes,@PaintMyMind,2024-05-20T12:31:50Z,236,check gen alpha slang part
pH-ANrubHXg,Every Genz & Alpha Slang Explained in 10 Minutes,@actually.always.dtfrick,2024-05-14T03:39:59Z,7,shot bro used harley sticker girl without taking copyright
pH-ANrubHXg,Every Genz & Alpha Slang Explained in 10 Minutes,@rohinibabu5597,2024-11-01T15:23:34Z,1,enjoy meme couldnt understand meme meant guy let cook asked food thanks btw
pH-ANrubHXg,Every Genz & Alpha Slang Explained in 10 Minutes,@hanhnguyenluu75,2024-05-03T10:50:30Z,16,skibidi toilet seens cringe start lore start episode
pH-ANrubHXg,Every Genz & Alpha Slang Explained in 10 Minutes,@robinrance6698,2024-12-15T06:59:30Z,0,mechanismlooking weird examplehes looking weird mechanism gen
pH-ANrubHXg,Every Genz & Alpha Slang Explained in 10 Minutes,@DuVictor-zl2sw,2024-03-26T02:44:36Z,5,every explained minute gen hey bruh play viz
pH-ANrubHXg,Every Genz & Alpha Slang Explained in 10 Minutes,@maryambako2447,2024-11-19T22:55:08Z,0,btw goat mean guardian toilet
pH-ANrubHXg,Every Genz & Alpha Slang Explained in 10 Minutes,@TheTradingFocus,2024-04-21T07:14:29Z,5,love video insightful would mind tell software use edit video please help final pitching style win
pH-ANrubHXg,Every Genz & Alpha Slang Explained in 10 Minutes,@Overlordzik,2024-04-18T03:50:09Z,73,gen alfa slang feel stolen cringe irony previous generation epic
pH-ANrubHXg,Every Genz & Alpha Slang Explained in 10 Minutes,@Shadow-gw7bl,2024-05-01T15:12:31Z,6,thought term stan popularity eminem song name
pH-ANrubHXg,Every Genz & Alpha Slang Explained in 10 Minutes,@dinoSAUUR31,2024-05-07T06:28:46Z,16,millenial parent reading thier kid chat tho
pH-ANrubHXg,Every Genz & Alpha Slang Explained in 10 Minutes,@CHEEZ-BURGERRR,2024-04-29T19:45:23Z,15,teacher hear ima leave school teacher idk sound cap bussin aint fire
pH-ANrubHXg,Every Genz & Alpha Slang Explained in 10 Minutes,@amae1176,2024-05-06T22:24:43Z,4,sus used hear smth sus… weird mean
pH-ANrubHXg,Every Genz & Alpha Slang Explained in 10 Minutes,@ElizasNumberoneGasp,2024-05-24T18:57:12Z,4,sigma ohio alpha skibidi toilet rizz💀💀💀 bruh class tried explain art teacher😂😂😂 went wrong😂😂😂💀💀💀
pH-ANrubHXg,Every Genz & Alpha Slang Explained in 10 Minutes,@3rd_OBF,2024-11-06T07:54:47Z,2,bro every listen gym class gym teacher say rizzler point
pH-ANrubHXg,Every Genz & Alpha Slang Explained in 10 Minutes,@amandak.4246,2024-06-23T01:28:11Z,7,feel important distinction cap lie speaker look better cap rap pretend richer tougher girl real life rare case rapper include lie look worse reality cap rap
pH-ANrubHXg,Every Genz & Alpha Slang Explained in 10 Minutes,@JayantRaut,2024-11-13T13:32:53Z,10,gen inventing word gen alpha taking credit
pH-ANrubHXg,Every Genz & Alpha Slang Explained in 10 Minutes,@SwikrutiUnfiltered,2024-11-03T17:55:46Z,0,cap lie capping honesty ohio
pH-ANrubHXg,Every Genz & Alpha Slang Explained in 10 Minutes,@ilysm2333,2024-05-01T07:45:33Z,12,cooked mean screwed done second youll teleported last show attack titan last girl cooked
pH-ANrubHXg,Every Genz & Alpha Slang Explained in 10 Minutes,@TheNewRobin30,2024-04-26T11:34:09Z,17,gen alpha kid definitely created
pH-ANrubHXg,Every Genz & Alpha Slang Explained in 10 Minutes,@noahsalvaterra4628,2024-05-12T12:07:09Z,6,school sus form criminal started kid wrote sus playground recess friend decided cross form sus police
pH-ANrubHXg,Every Genz & Alpha Slang Explained in 10 Minutes,@ywayyway2439,2025-01-15T15:27:31Z,0,rizz charisma rizz word come ri charisma
pH-ANrubHXg,Every Genz & Alpha Slang Explained in 10 Minutes,@amae1176,2024-05-06T22:23:45Z,5,thought lore original word used gez
pH-ANrubHXg,Every Genz & Alpha Slang Explained in 10 Minutes,@Donut_010.0,2024-05-24T11:56:30Z,4,bro giving ohio skibidi sigma alpha male mewing
pH-ANrubHXg,Every Genz & Alpha Slang Explained in 10 Minutes,@xentonnn,2024-05-03T00:17:36Z,6,geography wise stan mean land following country afghanistan pakistan turkmenistan uzbekistan kyrgyzstan tajikistan kazkahstan
pH-ANrubHXg,Every Genz & Alpha Slang Explained in 10 Minutes,@jajphotog77,2025-06-23T09:06:46Z,0,grew 60 used whole life
pH-ANrubHXg,Every Genz & Alpha Slang Explained in 10 Minutes,@MCOmegaX123,2024-05-30T21:32:15Z,4,either source left major gyatt may mean started cut gyattdaym gotdamn goddamn word indicating amazement fact often used reference packed someone butt mean voice meant
pH-ANrubHXg,Every Genz & Alpha Slang Explained in 10 Minutes,@JamesSamuel-b4s,2024-12-25T09:37:24Z,0,brahs yall mah drip drippy
pH-ANrubHXg,Every Genz & Alpha Slang Explained in 10 Minutes,@wattsup604,2024-06-02T03:27:51Z,4,bruh gen alpha feel word around since beginning time💀💀
pH-ANrubHXg,Every Genz & Alpha Slang Explained in 10 Minutes,@ir0547,2024-04-17T07:58:01Z,6,gen use slang every gen gen alpha slang borderline cringe lost braincells
pH-ANrubHXg,Every Genz & Alpha Slang Explained in 10 Minutes,@Nikkievilfilth,2025-01-17T16:14:12Z,6,fair gen older millennials used slang 90 inaccurate
pH-ANrubHXg,Every Genz & Alpha Slang Explained in 10 Minutes,@i4ko,2024-04-12T20:25:25Z,4,bro please remove sound effect anyway nice
pH-ANrubHXg,Every Genz & Alpha Slang Explained in 10 Minutes,@Doremo_Himo,2024-04-20T10:40:43Z,6,gen gen worst generationmy opinion
pH-ANrubHXg,Every Genz & Alpha Slang Explained in 10 Minutes,@00Xander00,2024-09-24T02:39:46Z,0,ep1c1 last millennial word first gen word
pH-ANrubHXg,Every Genz & Alpha Slang Explained in 10 Minutes,@RealRupert,2024-05-16T13:58:54Z,4,speak normally slang nonsense giving headache thanks though helpful
pH-ANrubHXg,Every Genz & Alpha Slang Explained in 10 Minutes,@KhaliilSmith,2025-09-19T17:03:52Z,0,day son skibidi cap bro almost slapped next week😂
pH-ANrubHXg,Every Genz & Alpha Slang Explained in 10 Minutes,@LinDana-m6h,2025-01-30T09:09:10Z,1,super funny thanks well done well cooked
pH-ANrubHXg,Every Genz & Alpha Slang Explained in 10 Minutes,@GeoPadalon,2026-05-09T10:58:11Z,0,ayo vid go ohio sigma he goated
pH-ANrubHXg,Every Genz & Alpha Slang Explained in 10 Minutes,@jessi3sins,2024-12-11T08:55:03Z,1,feel dipped fannum tax question bruh
pH-ANrubHXg,Every Genz & Alpha Slang Explained in 10 Minutes,@jazzaunt101,2025-04-21T18:08:16Z,0,interesting stuff thanks remember sus 1980s kid others older simp normal word far knew
pH-ANrubHXg,Every Genz & Alpha Slang Explained in 10 Minutes,@NotAnAxolotlXD,2025-07-03T04:06:25Z,0,fact year ago make question
pH-ANrubHXg,Every Genz & Alpha Slang Explained in 10 Minutes,@MimiTheWitch,2025-05-29T07:36:12Z,0,wild real satire thanks trying explain
pH-ANrubHXg,Every Genz & Alpha Slang Explained in 10 Minutes,@RedDiamondBoi,2024-11-06T21:55:37Z,2,florida california weirdest place legit saw wresling crocodile florida wth
pH-ANrubHXg,Every Genz & Alpha Slang Explained in 10 Minutes,@Maiflow3r,2024-10-29T02:04:20Z,0,mom looked could understand friend funny reaction
pH-ANrubHXg,Every Genz & Alpha Slang Explained in 10 Minutes,@gerrimilner9448,2024-11-27T19:47:25Z,0,gen slang earliest day internet irl rofl changing lot love laugh loud noob bet used lulu delusional sus used context song full gen tbh dupe could mean simp low keylike radar band sanelow key fan stan come crazy fan emenen song milenial send meanother 70 song may boomer cover red flag ment danger zone since least walk ahead car waving red flag herd drug described needing red flag
pH-ANrubHXg,Every Genz & Alpha Slang Explained in 10 Minutes,@raymondserfontein3203,2025-01-06T16:06:08Z,1,ironic seeing sigma originally desired run solo cap
pH-ANrubHXg,Every Genz & Alpha Slang Explained in 10 Minutes,@21leowheeler,2025-06-29T02:11:30Z,0,bro notice put fry bag
pH-ANrubHXg,Every Genz & Alpha Slang Explained in 10 Minutes,@arifshaikh9595,2025-04-18T18:23:15Z,0,money flow ease thank universe
pH-ANrubHXg,Every Genz & Alpha Slang Explained in 10 Minutes,@wess4711,2025-06-20T08:58:22Z,0,old bet used nyc 60 70 meant others
pH-ANrubHXg,Every Genz & Alpha Slang Explained in 10 Minutes,@michaelthompson7637,2025-05-11T19:58:58Z,1,stuff around long lot stuff used kid
pH-ANrubHXg,Every Genz & Alpha Slang Explained in 10 Minutes,@SamanthaTanner-r5x,2024-10-04T18:40:05Z,0,gen gen warrrr must take place
pH-ANrubHXg,Every Genz & Alpha Slang Explained in 10 Minutes,@scalanescarf661,2024-12-01T23:18:11Z,0,parent tried speaking slang showed angry word mean
pH-ANrubHXg,Every Genz & Alpha Slang Explained in 10 Minutes,@pankoBreadCroisant,2025-08-08T09:36:27Z,0,plot twist gen learning use slang around year born shade language fashion trend recur fun language used kid reintroduced newest deserving formal definition
pH-ANrubHXg,Every Genz & Alpha Slang Explained in 10 Minutes,@DandelionCrayons,2025-06-08T02:06:28Z,0,introduced trig class sigma symbol summation problem knew would guffaw
pH-ANrubHXg,Every Genz & Alpha Slang Explained in 10 Minutes,@ID_Elden_original,2024-11-03T16:31:44Z,0,slang word heard understand term fanum tax skibidi skibidi toilet either series content farm series content farm hand dangerous
pH-ANrubHXg,Every Genz & Alpha Slang Explained in 10 Minutes,@Nutcut.1234,2024-08-22T09:06:03Z,0,dear seo guk live heart❤
pH-ANrubHXg,Every Genz & Alpha Slang Explained in 10 Minutes,@preciousibe6041,2024-10-29T05:22:28Z,0,rizz used slang alternative word charisma classmate addicted skibidi😂
pH-ANrubHXg,Every Genz & Alpha Slang Explained in 10 Minutes,@br8eyz012,2025-08-02T07:47:58Z,0,kid friend today 19yo employee looked stoooooop kick
pH-ANrubHXg,Every Genz & Alpha Slang Explained in 10 Minutes,@t-bonejones3576,2025-06-14T22:56:42Z,0,term wig often used 1980s example wed often he gon wig
pH-ANrubHXg,Every Genz & Alpha Slang Explained in 10 Minutes,@ilovebunnies10101,2024-09-06T22:33:40Z,0,lore missed opportunity talk matpat theory channel
pH-ANrubHXg,Every Genz & Alpha Slang Explained in 10 Minutes,@justinp5669,2024-10-17T11:33:31Z,0,around since day aol chat room popular
pH-ANrubHXg,Every Genz & Alpha Slang Explained in 10 Minutes,@t-bonejones3576,2025-06-14T22:54:34Z,0,used term slay frequently 1980s
pH-ANrubHXg,Every Genz & Alpha Slang Explained in 10 Minutes,@TheeHitch,2025-07-04T22:07:33Z,0,cap used mean bullet would pow pow pow man popping cap
pH-ANrubHXg,Every Genz & Alpha Slang Explained in 10 Minutes,@constanshaviland1271,2024-08-01T21:52:16Z,0,slang well predates genz might well include whole encyclopedia
pH-ANrubHXg,Every Genz & Alpha Slang Explained in 10 Minutes,@AangAtum,2024-11-04T01:48:36Z,0,take serious😭💀🤣ong baby boomer taking serious
pH-ANrubHXg,Every Genz & Alpha Slang Explained in 10 Minutes,@lasteep,2024-10-18T02:48:18Z,1,gen first half generally half couldnt understand
Uas_T2K8s9o,Gen Z brainrot music,@swiftie1313x,2025-03-22T12:45:33Z,150,reupload original mln view comment like thanks
Uas_T2K8s9o,Gen Z brainrot music,@segundolopez1964,2025-07-29T18:07:23Z,295,gen brainrot gen childhood 🥹✅️ gen born range
Uas_T2K8s9o,Gen Z brainrot music,@coolbeans1226,2025-10-19T01:24:02Z,112,day brainrot called dank meme
Uas_T2K8s9o,Gen Z brainrot music,@austinxd572,2025-03-20T16:42:48Z,116,first song gangnam style definitely everywhere bro
Uas_T2K8s9o,Gen Z brainrot music,@fluffymoonie9420,2025-05-07T18:02:48Z,93,forgot add crush song hush hush hush blush blush blush big fat crush
Uas_T2K8s9o,Gen Z brainrot music,@MarcoSupernova-2704,2025-04-17T12:49:30Z,73,type song annoying first become enjoyabletolerable last grow
Uas_T2K8s9o,Gen Z brainrot music,@RainFarrlz,2025-03-21T19:14:47Z,54,bouta day ago huh saw desc
Uas_T2K8s9o,Gen Z brainrot music,@jcovent,2025-11-11T17:06:38Z,11,played grade 10 ready leave lunch went nostalgia mode immediately
Uas_T2K8s9o,Gen Z brainrot music,@user-i5o,2025-08-30T02:49:14Z,9,grew old brainrot song golden
Uas_T2K8s9o,Gen Z brainrot music,@frytheguy,2025-03-20T17:57:22Z,71,happy managed add nightcore song sure loved listening almost year ago need rockefeller street angel shotgun angel darkness perhaps others moonlight shadow life complete 🔥🔥🔥
Uas_T2K8s9o,Gen Z brainrot music,@felesiaq,2025-03-29T11:23:16Z,13,zoomers judge gen alpha skibidi toilet brainrot music peace
Uas_T2K8s9o,Gen Z brainrot music,@R26Roman,2025-04-16T23:50:40Z,7,gen person remember music day
Uas_T2K8s9o,Gen Z brainrot music,@akaria_gacha_2698,2026-02-17T04:55:41Z,2,nyan cat every gen childhood
Uas_T2K8s9o,Gen Z brainrot music,@Dist_Nist,2025-03-24T02:56:45Z,40,brings old memory dude remember used blast ear till deaf gummy bear song full volume hour loop faze full style afraid absolutely love song concerning passion
Uas_T2K8s9o,Gen Z brainrot music,@kijshje,2025-12-16T20:09:02Z,2,bro forgot raining taco crab rave wimoweh
Uas_T2K8s9o,Gen Z brainrot music,@Emi_dti,2026-04-27T21:58:58Z,1,remember butterfly song plastic pink barbie phone cracked
Uas_T2K8s9o,Gen Z brainrot music,@sonofi6730,2025-06-23T18:11:54Z,9,god nostalgic used remember big bro infected dance exactly god kid day goddamn crazy nostalgic day
Uas_T2K8s9o,Gen Z brainrot music,@theroyal.bengalball2025,2025-12-17T08:49:37Z,2,proud gen alpha generation brainrott skibidi toilet😭😭
Uas_T2K8s9o,Gen Z brainrot music,@MarcoSupernova-2704,2025-04-17T12:59:14Z,19,proud romanian appreciating masterpiece jam viral hit performed moldovian band ozone❤🇷🇴
Uas_T2K8s9o,Gen Z brainrot music,@JeanetteAlisonProductions,2026-01-17T23:29:43Z,1,thanks adding dam dadi boy radio
Uas_T2K8s9o,Gen Z brainrot music,@LolaWitt-y1k,2026-03-15T22:52:10Z,3,used love song looking realize goofy are😂😂😂😂 gen alpha understand
Uas_T2K8s9o,Gen Z brainrot music,@akaria_gacha_2698,2026-02-17T04:57:03Z,2,whenever someone parent heard ppap gummy bear song fox knew long annoying ride🤣😭
Uas_T2K8s9o,Gen Z brainrot music,@frytheguy,2025-05-20T02:28:39Z,11,hey sure youve suggested big list song plan part soon song could harlem shake duck song peanut butter jelly jungle mighty jungle star dota turn love raining taco hampsterdance song running 90 chocolate rain narwhal awesome face song keyboard cat let dog minion banana song epic sax guy bla bla bla gigi dagostino chacarron macarron nom nom nom nom nom nom nom afro circus madagascar waffle sparta last techno remix mine night revenge aka creeper man discord remix eurobeat brony nightcore angel darkness nightcore everytime touch nightcore angel shotgun nightcore rockefeller street nightcore leave numa numa nightcore anima libera omfg hello little einstein remix pokemon song glue70 casin spooky scary skeleton remix crab rave megalovania perhaps one ill edit
Uas_T2K8s9o,Gen Z brainrot music,@justjasperj,2026-03-14T14:55:53Z,1,specifically remember gingham style mom showed christmas light house moving song called house song
Uas_T2K8s9o,Gen Z brainrot music,@commitmentstopizza,2025-04-18T14:44:14Z,8,cleansed gen alpha brain rot
Uas_T2K8s9o,Gen Z brainrot music,@ISLA-E3,2025-12-22T15:27:06Z,2,born gen alpha raised gen
Uas_T2K8s9o,Gen Z brainrot music,@bencowden1224,2025-11-21T22:55:18Z,1,could forget gabe dog legend
Uas_T2K8s9o,Gen Z brainrot music,@the.real.enchanted.skiesz,2025-04-11T17:01:15Z,15,gen definitely best generation based music tbh
Uas_T2K8s9o,Gen Z brainrot music,@shadowinks1617,2025-06-29T20:35:31Z,2,little partying rockstar nostalgic ahhh times🥲🔥
Uas_T2K8s9o,Gen Z brainrot music,@EWWW_BESHIT,2026-02-28T19:16:15Z,2,bring old brain rot wayyyy better shit now😭
Uas_T2K8s9o,Gen Z brainrot music,@rachelpechal8024,2025-06-23T00:08:07Z,6,remember squirrel pant song pheineas ferb episode first gangnam style first edit 90 zillenal born would millennial era due grew dial preteen hughes net
Uas_T2K8s9o,Gen Z brainrot music,@M4teoRS,2025-06-15T23:24:51Z,15,man shit brainrooott brainrot skibidi sigma pomni goofy ahh 💀🔥🗣️ type shit meme
Uas_T2K8s9o,Gen Z brainrot music,@sillyNico,2025-11-26T16:56:04Z,1,showed brother caught gen alpha brain rot kicked room called nightcore weird tuned miku song world become
Uas_T2K8s9o,Gen Z brainrot music,@mathaijacob1345,2026-03-26T02:24:29Z,1,difference brainrot gen alpha brainrot parent told parent give kid distraction possible
Uas_T2K8s9o,Gen Z brainrot music,@BrownieBrownBear-r7u,2025-08-28T12:44:22Z,1,part generation superior modern type brainrot
Uas_T2K8s9o,Gen Z brainrot music,@ilijamilivojevicsuperslavi7539,2025-05-24T06:40:51Z,1,old time song used meme
Uas_T2K8s9o,Gen Z brainrot music,@wowpoopstaylorsversion3267,2025-08-30T09:23:04Z,1,listened music amazing language love jan egeland
Uas_T2K8s9o,Gen Z brainrot music,@SioBhanLutrova,2025-03-29T01:29:18Z,20,mix generational song millennial gen alpha amazing compilation brings memory
Uas_T2K8s9o,Gen Z brainrot music,@justjasperj,2026-03-14T15:01:51Z,0,time went disney kid witch doctor song stuck head whole annoying
Uas_T2K8s9o,Gen Z brainrot music,@CiudadanaHerzeleid,2026-03-05T14:44:39Z,0,millenial bor reminds university year
Uas_T2K8s9o,Gen Z brainrot music,@_Alamo.,2026-04-08T14:28:30Z,1,born understand current child listening cancer generation best funniest
Uas_T2K8s9o,Gen Z brainrot music,@Bunnidove,2026-01-03T17:50:53Z,1,cusp gen zmillenial gon wtfff
Uas_T2K8s9o,Gen Z brainrot music,@OnlyNoah2009,2025-04-14T04:19:10Z,1,may hold space memory dumb way die sometimes repeated brother describe felt feeling happiness gummy bear song held special place heart since played song old play place fox loved btw sandstorm brainrot song mom love song representation electronic song early 2000s loved muchhhhh kid sadly fell nightcore month regret…
Uas_T2K8s9o,Gen Z brainrot music,@eratichumidity3843,2025-09-30T13:25:44Z,2,glad gen listening skibidi toilet like…
Uas_T2K8s9o,Gen Z brainrot music,@AlricZacharySubido,2025-05-18T07:36:51Z,1,forgotten sunshine rainbow white pony narwhal song etc
Uas_T2K8s9o,Gen Z brainrot music,@giuliabeernaert-fernane6644,2026-01-15T20:46:27Z,4,wish live era hate gen alpha😢
Uas_T2K8s9o,Gen Z brainrot music,@dbzaf,2025-03-23T02:00:59Z,1,ante eso daba cringe pero ahora nostalgia
Uas_T2K8s9o,Gen Z brainrot music,@cristinaleogo9730,2025-04-23T10:15:48Z,1,oiiia oiia oiia oiia oiia😊😊
Uas_T2K8s9o,Gen Z brainrot music,@Deku_MHA_yt,2025-08-30T16:43:07Z,0,call music gen look called vibe dude
Uas_T2K8s9o,Gen Z brainrot music,@rwvdy,2025-05-27T22:30:23Z,1,ate nossos brainrot eram foda
Uas_T2K8s9o,Gen Z brainrot music,@chrystag1,2025-06-26T02:13:02Z,2,discovered binge every love content
Uas_T2K8s9o,Gen Z brainrot music,@MarcoSupernova-2704,2025-04-18T09:04:15Z,1,almost half song dedicated gen brainrot music used funny hillarious meme sake sense humor comedy😂
Uas_T2K8s9o,Gen Z brainrot music,@_Agent10,2025-08-06T03:43:24Z,2,song gangnam style music video weird asf
Uas_T2K8s9o,Gen Z brainrot music,@laimam1612,2025-05-05T10:31:10Z,7,forget happy tree friend theme song💀💀💀
Uas_T2K8s9o,Gen Z brainrot music,@Raihassketchhouse123,2025-08-27T16:00:22Z,0,feel lived older bros life😭
Uas_T2K8s9o,Gen Z brainrot music,@Gelatinboy1345,2025-08-23T11:03:25Z,0,…but grew old gen alpha humor anyway
Uas_T2K8s9o,Gen Z brainrot music,@maxonator3913,2025-08-27T03:28:29Z,3,humanly possible feel nostalgia who pretty every day since proud admit hundred nostalgia video feel indescribable emotion win sub thank creating masterpiece imo deserves better title gen brainrot music well favorite video playlist named doctor say half minute left live added gon cry 😭😭😭😭😭
Uas_T2K8s9o,Gen Z brainrot music,@Césarius-n8y,2025-07-28T02:25:33Z,3,soy soy gominola🇵🇪🇪🇦 gummy bear🇵🇪🇺🇲
Uas_T2K8s9o,Gen Z brainrot music,@theGhostWolfe,2026-04-15T20:34:29Z,0,hear nyan cat smooth jazz version
Uas_T2K8s9o,Gen Z brainrot music,@fulcrumagent,2025-04-02T23:59:03Z,15,idea part raining taco whip nae nae gucci gang want christmas hamster dance chacaron evil morty theme england city
Uas_T2K8s9o,Gen Z brainrot music,@wowpoopstaylorsversion3267,2025-03-21T16:51:31Z,4,well lil pump tube block
Uas_T2K8s9o,Gen Z brainrot music,@lexdendi,2025-09-20T15:01:12Z,0,well least gen music containing word today brainrot combination popular music lyric italian brainrot name word used
Uas_T2K8s9o,Gen Z brainrot music,@rwvdy,2025-05-27T22:32:23Z,0,forget fine chine nightcore juice wrld future
Uas_T2K8s9o,Gen Z brainrot music,@frytheguy,2025-05-09T23:15:13Z,4,bro original upload million view week reupload month ago view depressing
Uas_T2K8s9o,Gen Z brainrot music,@Saulbloxer,2025-05-26T20:21:41Z,0,song dame cosita latin america song spanish say brainrot song latin america double entendre song
Uas_T2K8s9o,Gen Z brainrot music,@Thelifeofanequestrian,2025-08-05T12:45:32Z,1,born gen alpha era deffo gen heart
Uas_T2K8s9o,Gen Z brainrot music,@Galloofinoo,2025-07-15T01:40:42Z,1,chocolate rain sittin toilet gon give sparta remix barney soulja boy remix hide kid hide wife
Uas_T2K8s9o,Gen Z brainrot music,@eyekonicgirl18,2025-09-04T00:32:14Z,0,okie let cuz gen alpha😭 ofcc childhood omgg 90 cute remember couldnt stop listening 6uhh sure ill updatw later lazy
Uas_T2K8s9o,Gen Z brainrot music,@itsKellyyy,2025-11-09T01:55:15Z,0,day asked mom fox sayshe understand
Uas_T2K8s9o,Gen Z brainrot music,@metal-c2m,2025-05-13T18:30:27Z,1,make realize generation quite cringe easy scold alpha realize weird grew realize completely normal trend either though true stuff brainrot cool song belong generation
Uas_T2K8s9o,Gen Z brainrot music,@viajandonagelatina4711,2025-07-30T17:28:39Z,0,tem algumas que nunca ouvi
Uas_T2K8s9o,Gen Z brainrot music,@NEVA4444,2025-08-27T18:39:22Z,2,better tung tung tung sahur whatever fck youth listening today
Uas_T2K8s9o,Gen Z brainrot music,@Siriuscod,2025-09-13T16:40:11Z,0,guy young use grandpa writte ony scrols gen song remember name cause read
Uas_T2K8s9o,Gen Z brainrot music,@SkySilverv2,2025-09-05T21:24:52Z,1,gangnam style brainrot dare insult number
Uas_T2K8s9o,Gen Z brainrot music,@Szymon1201,2025-07-23T19:18:03Z,0,blue gen gen know all😅 fox nyan cat pen dumb
Uas_T2K8s9o,Gen Z brainrot music,@courtneyk3928,2025-09-14T02:41:41Z,1,hell yall claim barbie girl playing religiously elder millennials junior high dance
Uas_T2K8s9o,Gen Z brainrot music,@trebstepgaming,2025-09-23T00:15:16Z,0,pink fluffy unicorn guy named andrew huong creator creator stole
Uas_T2K8s9o,Gen Z brainrot music,@MiniBl1x,2025-10-10T10:47:09Z,1,gen might worser gen alpha
Uas_T2K8s9o,Gen Z brainrot music,@AAAAAAAAAAAAAAAAAAhiAAAAAAAAA,2025-09-06T20:01:31Z,0,uhm gen alpha attention seeker miss wish gen alpha
Uas_T2K8s9o,Gen Z brainrot music,@MostCharmingSlytherinEver.,2025-07-14T10:47:18Z,0,katy song forward aint meme bro normal song edit sound tiktok 😭🙏🏻
Uas_T2K8s9o,Gen Z brainrot music,@AlonnaDeery,2025-10-12T02:19:15Z,0,half millennial brain rot half shit big middle school 2000s 2010s
Uas_T2K8s9o,Gen Z brainrot music,@Darkk_VoidYT,2025-05-28T18:53:59Z,0,english hear seriously demonetized yet
f-e5_NomUpk,Unraveling the Dark Side: The Psychology of Internet Brain Rot,@onlyjayus,2025-12-12T09:28:35Z,25,whole brother play steal brainrot btw
f-e5_NomUpk,Unraveling the Dark Side: The Psychology of Internet Brain Rot,@Archiveo33,2025-12-13T17:28:50Z,9,absolutely loved shared seriousness issue unhealthy blinded
f-e5_NomUpk,Unraveling the Dark Side: The Psychology of Internet Brain Rot,@_cookisncream_,2025-12-12T13:55:34Z,15,shoutout sitting waiting 6am feel there solidarity
f-e5_NomUpk,Unraveling the Dark Side: The Psychology of Internet Brain Rot,@Nada_firefly,2026-02-18T02:32:01Z,3,remember would year started shit
f-e5_NomUpk,Unraveling the Dark Side: The Psychology of Internet Brain Rot,@Zmountenman,2025-12-13T01:19:13Z,5,turned notification there less begging attention whatever looking helpful
f-e5_NomUpk,Unraveling the Dark Side: The Psychology of Internet Brain Rot,@Dave-Rough-Diamond-Dunn,2025-12-12T14:21:36Z,8,vids best argument australia raising mostly worldwide minimum age limit joining social medium
f-e5_NomUpk,Unraveling the Dark Side: The Psychology of Internet Brain Rot,@ElenaEadie,2025-12-12T00:08:51Z,3,able fun tomorrow❤😊will tomorrow night
f-e5_NomUpk,Unraveling the Dark Side: The Psychology of Internet Brain Rot,@BlankPictures-1,2025-12-13T20:21:20Z,2,need work love reading recently internet taken brain
f-e5_NomUpk,Unraveling the Dark Side: The Psychology of Internet Brain Rot,@Koko-q5b5s,2026-01-01T07:48:55Z,1,honesty love video helped learned educational informative fun learn easy understand social medium thank definitely taking advice information
f-e5_NomUpk,Unraveling the Dark Side: The Psychology of Internet Brain Rot,@natpositive,2026-01-26T09:43:30Z,0,small channel lately feel early internet helpful real alive supportive social internet agree need slow instead fast less instead boredom instead burnout
f-e5_NomUpk,Unraveling the Dark Side: The Psychology of Internet Brain Rot,@stephansteenberg5790,2025-12-12T14:11:50Z,1,love analysis educational video specially important
f-e5_NomUpk,Unraveling the Dark Side: The Psychology of Internet Brain Rot,@AndrewKrie1991,2025-12-12T16:55:45Z,2,everytime exit tik tok add song talk drug sober year play background phone end resetting phone stop
f-e5_NomUpk,Unraveling the Dark Side: The Psychology of Internet Brain Rot,@SaraH-xf1nx,2025-12-27T16:40:35Z,0,🤯you speaking truth thank creating necessary used school
f-e5_NomUpk,Unraveling the Dark Side: The Psychology of Internet Brain Rot,@AmeliaJones-v1p,2025-12-12T01:04:03Z,2,wait new vids entertaining funny love subscribed year hope well ❤❤❤
f-e5_NomUpk,Unraveling the Dark Side: The Psychology of Internet Brain Rot,@JanetHeimbach,2026-02-08T16:21:26Z,0,creator tiktok song voice soothing commenting opposite brain rot
f-e5_NomUpk,Unraveling the Dark Side: The Psychology of Internet Brain Rot,@Try-for-once,2026-03-01T09:32:33Z,0,noticed fed video topic one present problem trying push solve hopeless search engine become useless feel autonomy anymore overcoming hopelessness first step becoming autonomous brain functioning normally looking outcome career relationship life need fight mindless low effort joynothing life come without trying
f-e5_NomUpk,Unraveling the Dark Side: The Psychology of Internet Brain Rot,@Therobloxduo678,2025-12-29T04:35:03Z,0,remember fall apology popular better mentally instead meltdown
f-e5_NomUpk,Unraveling the Dark Side: The Psychology of Internet Brain Rot,@Thekingofwatching,2025-12-12T21:15:03Z,1,pulled grass ground saw video whole practicing listening older
f-e5_NomUpk,Unraveling the Dark Side: The Psychology of Internet Brain Rot,@na-jg8ej,2025-12-16T10:25:52Z,0,highly dislike phrase used title refuse type want phone learn phrase grateful consume consume recently learned awesome quote scott fitzgerald… test firstrate intelligence ability hold opposed idea mind retain ability function example able hopeless yet determined otherwise
f-e5_NomUpk,Unraveling the Dark Side: The Psychology of Internet Brain Rot,@Gamespectives,2025-12-26T08:17:13Z,3,view week million sub jayus fall
f-e5_NomUpk,Unraveling the Dark Side: The Psychology of Internet Brain Rot,@timg5011,2025-12-13T10:56:33Z,0,use phone web browser instead apps
f-e5_NomUpk,Unraveling the Dark Side: The Psychology of Internet Brain Rot,@lifesadventureskeepingitre1180,2025-12-13T20:46:18Z,1,hey bella addicted brain rot
f-e5_NomUpk,Unraveling the Dark Side: The Psychology of Internet Brain Rot,@revengeancer2.0,2025-12-13T20:15:41Z,1,saw video calling hated person wrong impossible listen plagiarizes
f-e5_NomUpk,Unraveling the Dark Side: The Psychology of Internet Brain Rot,@Void_008,2026-01-26T02:26:36Z,0,wanted let yall jesus love died sin may eternal life repent shall receive free gift
f-e5_NomUpk,Unraveling the Dark Side: The Psychology of Internet Brain Rot,@DHARMA252,2025-12-17T20:08:46Z,1,maybe let delete seeing going pathetic
f-e5_NomUpk,Unraveling the Dark Side: The Psychology of Internet Brain Rot,@BillyTaylor19,2026-01-25T22:44:50Z,0,racism broke dream life sound intelligent
f-e5_NomUpk,Unraveling the Dark Side: The Psychology of Internet Brain Rot,@labrittany415,2025-12-20T07:10:53Z,0,try social medium time day barely try support channel subcribed to❤
f-e5_NomUpk,Unraveling the Dark Side: The Psychology of Internet Brain Rot,@dkdhcxjxjmckdjddbcn914,2026-01-16T14:34:19Z,1,damn fell obvious bot section
